ISO-10303-21;
HEADER;
FILE_DESCRIPTION(('Open CASCADE Model'),'2;1');
FILE_NAME('Open CASCADE Shape Model','2026-10-09T10:40:29',('Author'),(
    'Open CASCADE'),'Open CASCADE STEP processor 7.9','Open CASCADE 7.9'
  ,'Unknown');
FILE_SCHEMA(('AUTOMOTIVE_DESIGN { 1 0 10303 214 1 1 1 1 }'));
ENDSEC;
DATA;
#1 = APPLICATION_PROTOCOL_DEFINITION('international standard',
  'automotive_design',2000,#2);
#2 = APPLICATION_CONTEXT(
  'core data for automotive mechanical design processes');
#3 = SHAPE_DEFINITION_REPRESENTATION(#4,#10);
#4 = PRODUCT_DEFINITION_SHAPE('','',#5);
#5 = PRODUCT_DEFINITION('design','',#6,#9);
#6 = PRODUCT_DEFINITION_FORMATION('','',#7);
#7 = PRODUCT('Open CASCADE STEP translator 7.9 10',
  'Open CASCADE STEP translator 7.9 10','',(#8));
#8 = PRODUCT_CONTEXT('',#2,'mechanical');
#9 = PRODUCT_DEFINITION_CONTEXT('part definition',#2,'design');
#10 = ADVANCED_BREP_SHAPE_REPRESENTATION('',(#11,#15),#7485);
#11 = AXIS2_PLACEMENT_3D('',#12,#13,#14);
#12 = CARTESIAN_POINT('',(0.,0.,0.));
#13 = DIRECTION('',(0.,0.,1.));
#14 = DIRECTION('',(1.,0.,-0.));
#15 = MANIFOLD_SOLID_BREP('',#16);
#16 = CLOSED_SHELL('',(#17,#137,#2460,#4259,#4308,#4517,#4588,#4615,
    #4664,#4713,#4740,#4747,#4796,#4845,#4872,#4921,#4970,#4997,#5046,
    #5095,#5122,#5171,#5220,#5247,#5296,#5345,#5372,#5421,#5470,#5497,
    #5546,#5595,#5622,#5671,#5720,#5747,#5796,#5845,#5872,#5921,#5970,
    #5997,#6046,#6095,#6122,#6171,#6220,#6247,#6296,#6345,#6372,#6421,
    #6470,#6497,#6546,#6595,#6622,#6671,#6720,#6747,#6796,#6845,#6872,
    #6921,#6970,#6997,#7046,#7095,#7122,#7149,#7156,#7163,#7170,#7177,
    #7184,#7191,#7198,#7205,#7212,#7219,#7226,#7233,#7240,#7247,#7254,
    #7261,#7268,#7275,#7282,#7289,#7296,#7323,#7350,#7377,#7404,#7431,
    #7458));
#17 = ADVANCED_FACE('',(#18),#32,.F.);
#18 = FACE_BOUND('',#19,.F.);
#19 = EDGE_LOOP('',(#20,#55,#83,#111));
#20 = ORIENTED_EDGE('',*,*,#21,.F.);
#21 = EDGE_CURVE('',#22,#24,#26,.T.);
#22 = VERTEX_POINT('',#23);
#23 = CARTESIAN_POINT('',(-33.,-7.,0.));
#24 = VERTEX_POINT('',#25);
#25 = CARTESIAN_POINT('',(-33.,-7.,8.));
#26 = SURFACE_CURVE('',#27,(#31,#43),.PCURVE_S1.);
#27 = LINE('',#28,#29);
#28 = CARTESIAN_POINT('',(-33.,-7.,0.));
#29 = VECTOR('',#30,1.);
#30 = DIRECTION('',(0.,0.,1.));
#31 = PCURVE('',#32,#37);
#32 = PLANE('',#33);
#33 = AXIS2_PLACEMENT_3D('',#34,#35,#36);
#34 = CARTESIAN_POINT('',(-33.,-7.,0.));
#35 = DIRECTION('',(1.,0.,0.));
#36 = DIRECTION('',(0.,0.,1.));
#37 = DEFINITIONAL_REPRESENTATION('',(#38),#42);
#38 = LINE('',#39,#40);
#39 = CARTESIAN_POINT('',(0.,0.));
#40 = VECTOR('',#41,1.);
#41 = DIRECTION('',(1.,0.));
#42 = ( GEOMETRIC_REPRESENTATION_CONTEXT(2) 
PARAMETRIC_REPRESENTATION_CONTEXT() REPRESENTATION_CONTEXT('2D SPACE',''
  ) );
#43 = PCURVE('',#44,#49);
#44 = PLANE('',#45);
#45 = AXIS2_PLACEMENT_3D('',#46,#47,#48);
#46 = CARTESIAN_POINT('',(-33.,-7.,0.));
#47 = DIRECTION('',(0.,1.,0.));
#48 = DIRECTION('',(0.,0.,1.));
#49 = DEFINITIONAL_REPRESENTATION('',(#50),#54);
#50 = LINE('',#51,#52);
#51 = CARTESIAN_POINT('',(0.,0.));
#52 = VECTOR('',#53,1.);
#53 = DIRECTION('',(1.,0.));
#54 = ( GEOMETRIC_REPRESENTATION_CONTEXT(2) 
PARAMETRIC_REPRESENTATION_CONTEXT() REPRESENTATION_CONTEXT('2D SPACE',''
  ) );
#55 = ORIENTED_EDGE('',*,*,#56,.T.);
#56 = EDGE_CURVE('',#22,#57,#59,.T.);
#57 = VERTEX_POINT('',#58);
#58 = CARTESIAN_POINT('',(-33.,7.,0.));
#59 = SURFACE_CURVE('',#60,(#64,#71),.PCURVE_S1.);
#60 = LINE('',#61,#62);
#61 = CARTESIAN_POINT('',(-33.,-7.,0.));
#62 = VECTOR('',#63,1.);
#63 = DIRECTION('',(0.,1.,0.));
#64 = PCURVE('',#32,#65);
#65 = DEFINITIONAL_REPRESENTATION('',(#66),#70);
#66 = LINE('',#67,#68);
#67 = CARTESIAN_POINT('',(0.,0.));
#68 = VECTOR('',#69,1.);
#69 = DIRECTION('',(0.,-1.));
#70 = ( GEOMETRIC_REPRESENTATION_CONTEXT(2) 
PARAMETRIC_REPRESENTATION_CONTEXT() REPRESENTATION_CONTEXT('2D SPACE',''
  ) );
#71 = PCURVE('',#72,#77);
#72 = PLANE('',#73);
#73 = AXIS2_PLACEMENT_3D('',#74,#75,#76);
#74 = CARTESIAN_POINT('',(-33.,-7.,0.));
#75 = DIRECTION('',(0.,0.,1.));
#76 = DIRECTION('',(1.,0.,0.));
#77 = DEFINITIONAL_REPRESENTATION('',(#78),#82);
#78 = LINE('',#79,#80);
#79 = CARTESIAN_POINT('',(0.,0.));
#80 = VECTOR('',#81,1.);
#81 = DIRECTION('',(0.,1.));
#82 = ( GEOMETRIC_REPRESENTATION_CONTEXT(2) 
PARAMETRIC_REPRESENTATION_CONTEXT() REPRESENTATION_CONTEXT('2D SPACE',''
  ) );
#83 = ORIENTED_EDGE('',*,*,#84,.T.);
#84 = EDGE_CURVE('',#57,#85,#87,.T.);
#85 = VERTEX_POINT('',#86);
#86 = CARTESIAN_POINT('',(-33.,7.,8.));
#87 = SURFACE_CURVE('',#88,(#92,#99),.PCURVE_S1.);
#88 = LINE('',#89,#90);
#89 = CARTESIAN_POINT('',(-33.,7.,0.));
#90 = VECTOR('',#91,1.);
#91 = DIRECTION('',(0.,0.,1.));
#92 = PCURVE('',#32,#93);
#93 = DEFINITIONAL_REPRESENTATION('',(#94),#98);
#94 = LINE('',#95,#96);
#95 = CARTESIAN_POINT('',(0.,-14.));
#96 = VECTOR('',#97,1.);
#97 = DIRECTION('',(1.,0.));
#98 = ( GEOMETRIC_REPRESENTATION_CONTEXT(2) 
PARAMETRIC_REPRESENTATION_CONTEXT() REPRESENTATION_CONTEXT('2D SPACE',''
  ) );
#99 = PCURVE('',#100,#105);
#100 = PLANE('',#101);
#101 = AXIS2_PLACEMENT_3D('',#102,#103,#104);
#102 = CARTESIAN_POINT('',(-33.,7.,0.));
#103 = DIRECTION('',(0.,1.,0.));
#104 = DIRECTION('',(0.,0.,1.));
#105 = DEFINITIONAL_REPRESENTATION('',(#106),#110);
#106 = LINE('',#107,#108);
#107 = CARTESIAN_POINT('',(0.,0.));
#108 = VECTOR('',#109,1.);
#109 = DIRECTION('',(1.,0.));
#110 = ( GEOMETRIC_REPRESENTATION_CONTEXT(2) 
PARAMETRIC_REPRESENTATION_CONTEXT() REPRESENTATION_CONTEXT('2D SPACE',''
  ) );
#111 = ORIENTED_EDGE('',*,*,#112,.F.);
#112 = EDGE_CURVE('',#24,#85,#113,.T.);
#113 = SURFACE_CURVE('',#114,(#118,#125),.PCURVE_S1.);
#114 = LINE('',#115,#116);
#115 = CARTESIAN_POINT('',(-33.,-7.,8.));
#116 = VECTOR('',#117,1.);
#117 = DIRECTION('',(0.,1.,0.));
#118 = PCURVE('',#32,#119);
#119 = DEFINITIONAL_REPRESENTATION('',(#120),#124);
#120 = LINE('',#121,#122);
#121 = CARTESIAN_POINT('',(8.,0.));
#122 = VECTOR('',#123,1.);
#123 = DIRECTION('',(0.,-1.));
#124 = ( GEOMETRIC_REPRESENTATION_CONTEXT(2) 
PARAMETRIC_REPRESENTATION_CONTEXT() REPRESENTATION_CONTEXT('2D SPACE',''
  ) );
#125 = PCURVE('',#126,#131);
#126 = PLANE('',#127);
#127 = AXIS2_PLACEMENT_3D('',#128,#129,#130);
#128 = CARTESIAN_POINT('',(-33.,-7.,8.));
#129 = DIRECTION('',(0.,0.,1.));
#130 = DIRECTION('',(1.,0.,0.));
#131 = DEFINITIONAL_REPRESENTATION('',(#132),#136);
#132 = LINE('',#133,#134);
#133 = CARTESIAN_POINT('',(0.,0.));
#134 = VECTOR('',#135,1.);
#135 = DIRECTION('',(0.,1.));
#136 = ( GEOMETRIC_REPRESENTATION_CONTEXT(2) 
PARAMETRIC_REPRESENTATION_CONTEXT() REPRESENTATION_CONTEXT('2D SPACE',''
  ) );
#137 = ADVANCED_FACE('',(#138),#44,.F.);
#138 = FACE_BOUND('',#139,.F.);
#139 = EDGE_LOOP('',(#140,#170,#198,#221,#249,#277,#305,#328,#356,#384,
    #412,#435,#463,#491,#519,#542,#570,#598,#626,#649,#677,#705,#733,
    #756,#784,#812,#840,#863,#891,#919,#947,#970,#998,#1026,#1054,#1077,
    #1105,#1133,#1161,#1184,#1212,#1240,#1268,#1291,#1319,#1347,#1375,
    #1398,#1426,#1454,#1482,#1505,#1533,#1561,#1589,#1612,#1640,#1668,
    #1696,#1719,#1747,#1775,#1803,#1826,#1854,#1882,#1910,#1933,#1961,
    #1989,#2017,#2040,#2068,#2096,#2124,#2147,#2175,#2203,#2231,#2254,
    #2282,#2303,#2304,#2327,#2355,#2383,#2411,#2434));
#140 = ORIENTED_EDGE('',*,*,#141,.T.);
#141 = EDGE_CURVE('',#142,#144,#146,.T.);
#142 = VERTEX_POINT('',#143);
#143 = CARTESIAN_POINT('',(-12.4,-7.,7.));
#144 = VERTEX_POINT('',#145);
#145 = CARTESIAN_POINT('',(-11.6,-7.,7.));
#146 = SURFACE_CURVE('',#147,(#151,#158),.PCURVE_S1.);
#147 = LINE('',#148,#149);
#148 = CARTESIAN_POINT('',(-12.4,-7.,7.));
#149 = VECTOR('',#150,1.);
#150 = DIRECTION('',(1.,0.,0.));
#151 = PCURVE('',#44,#152);
#152 = DEFINITIONAL_REPRESENTATION('',(#153),#157);
#153 = LINE('',#154,#155);
#154 = CARTESIAN_POINT('',(7.,20.6));
#155 = VECTOR('',#156,1.);
#156 = DIRECTION('',(0.,1.));
#157 = ( GEOMETRIC_REPRESENTATION_CONTEXT(2) 
PARAMETRIC_REPRESENTATION_CONTEXT() REPRESENTATION_CONTEXT('2D SPACE',''
  ) );
#158 = PCURVE('',#159,#164);
#159 = PLANE('',#160);
#160 = AXIS2_PLACEMENT_3D('',#161,#162,#163);
#161 = CARTESIAN_POINT('',(-12.4,-7.,7.));
#162 = DIRECTION('',(0.,0.,1.));
#163 = DIRECTION('',(1.,0.,0.));
#164 = DEFINITIONAL_REPRESENTATION('',(#165),#169);
#165 = LINE('',#166,#167);
#166 = CARTESIAN_POINT('',(0.,0.));
#167 = VECTOR('',#168,1.);
#168 = DIRECTION('',(1.,0.));
#169 = ( GEOMETRIC_REPRESENTATION_CONTEXT(2) 
PARAMETRIC_REPRESENTATION_CONTEXT() REPRESENTATION_CONTEXT('2D SPACE',''
  ) );
#170 = ORIENTED_EDGE('',*,*,#171,.T.);
#171 = EDGE_CURVE('',#144,#172,#174,.T.);
#172 = VERTEX_POINT('',#173);
#173 = CARTESIAN_POINT('',(-11.6,-7.,8.));
#174 = SURFACE_CURVE('',#175,(#179,#186),.PCURVE_S1.);
#175 = LINE('',#176,#177);
#176 = CARTESIAN_POINT('',(-11.6,-7.,7.));
#177 = VECTOR('',#178,1.);
#178 = DIRECTION('',(0.,0.,1.));
#179 = PCURVE('',#44,#180);
#180 = DEFINITIONAL_REPRESENTATION('',(#181),#185);
#181 = LINE('',#182,#183);
#182 = CARTESIAN_POINT('',(7.,21.4));
#183 = VECTOR('',#184,1.);
#184 = DIRECTION('',(1.,0.));
#185 = ( GEOMETRIC_REPRESENTATION_CONTEXT(2) 
PARAMETRIC_REPRESENTATION_CONTEXT() REPRESENTATION_CONTEXT('2D SPACE',''
  ) );
#186 = PCURVE('',#187,#192);
#187 = PLANE('',#188);
#188 = AXIS2_PLACEMENT_3D('',#189,#190,#191);
#189 = CARTESIAN_POINT('',(-11.6,-7.,7.));
#190 = DIRECTION('',(1.,0.,0.));
#191 = DIRECTION('',(0.,0.,1.));
#192 = DEFINITIONAL_REPRESENTATION('',(#193),#197);
#193 = LINE('',#194,#195);
#194 = CARTESIAN_POINT('',(0.,0.));
#195 = VECTOR('',#196,1.);
#196 = DIRECTION('',(1.,0.));
#197 = ( GEOMETRIC_REPRESENTATION_CONTEXT(2) 
PARAMETRIC_REPRESENTATION_CONTEXT() REPRESENTATION_CONTEXT('2D SPACE',''
  ) );
#198 = ORIENTED_EDGE('',*,*,#199,.T.);
#199 = EDGE_CURVE('',#172,#200,#202,.T.);
#200 = VERTEX_POINT('',#201);
#201 = CARTESIAN_POINT('',(-11.,-7.,8.));
#202 = SURFACE_CURVE('',#203,(#207,#214),.PCURVE_S1.);
#203 = LINE('',#204,#205);
#204 = CARTESIAN_POINT('',(-33.,-7.,8.));
#205 = VECTOR('',#206,1.);
#206 = DIRECTION('',(1.,0.,0.));
#207 = PCURVE('',#44,#208);
#208 = DEFINITIONAL_REPRESENTATION('',(#209),#213);
#209 = LINE('',#210,#211);
#210 = CARTESIAN_POINT('',(8.,0.));
#211 = VECTOR('',#212,1.);
#212 = DIRECTION('',(0.,1.));
#213 = ( GEOMETRIC_REPRESENTATION_CONTEXT(2) 
PARAMETRIC_REPRESENTATION_CONTEXT() REPRESENTATION_CONTEXT('2D SPACE',''
  ) );
#214 = PCURVE('',#126,#215);
#215 = DEFINITIONAL_REPRESENTATION('',(#216),#220);
#216 = LINE('',#217,#218);
#217 = CARTESIAN_POINT('',(0.,0.));
#218 = VECTOR('',#219,1.);
#219 = DIRECTION('',(1.,0.));
#220 = ( GEOMETRIC_REPRESENTATION_CONTEXT(2) 
PARAMETRIC_REPRESENTATION_CONTEXT() REPRESENTATION_CONTEXT('2D SPACE',''
  ) );
#221 = ORIENTED_EDGE('',*,*,#222,.F.);
#222 = EDGE_CURVE('',#223,#200,#225,.T.);
#223 = VERTEX_POINT('',#224);
#224 = CARTESIAN_POINT('',(-11.,-7.,7.));
#225 = SURFACE_CURVE('',#226,(#230,#237),.PCURVE_S1.);
#226 = LINE('',#227,#228);
#227 = CARTESIAN_POINT('',(-11.,-7.,7.));
#228 = VECTOR('',#229,1.);
#229 = DIRECTION('',(0.,0.,1.));
#230 = PCURVE('',#44,#231);
#231 = DEFINITIONAL_REPRESENTATION('',(#232),#236);
#232 = LINE('',#233,#234);
#233 = CARTESIAN_POINT('',(7.,22.));
#234 = VECTOR('',#235,1.);
#235 = DIRECTION('',(1.,0.));
#236 = ( GEOMETRIC_REPRESENTATION_CONTEXT(2) 
PARAMETRIC_REPRESENTATION_CONTEXT() REPRESENTATION_CONTEXT('2D SPACE',''
  ) );
#237 = PCURVE('',#238,#243);
#238 = PLANE('',#239);
#239 = AXIS2_PLACEMENT_3D('',#240,#241,#242);
#240 = CARTESIAN_POINT('',(-11.,-7.,7.));
#241 = DIRECTION('',(1.,0.,0.));
#242 = DIRECTION('',(0.,0.,1.));
#243 = DEFINITIONAL_REPRESENTATION('',(#244),#248);
#244 = LINE('',#245,#246);
#245 = CARTESIAN_POINT('',(0.,0.));
#246 = VECTOR('',#247,1.);
#247 = DIRECTION('',(1.,0.));
#248 = ( GEOMETRIC_REPRESENTATION_CONTEXT(2) 
PARAMETRIC_REPRESENTATION_CONTEXT() REPRESENTATION_CONTEXT('2D SPACE',''
  ) );
#249 = ORIENTED_EDGE('',*,*,#250,.T.);
#250 = EDGE_CURVE('',#223,#251,#253,.T.);
#251 = VERTEX_POINT('',#252);
#252 = CARTESIAN_POINT('',(-10.2,-7.,7.));
#253 = SURFACE_CURVE('',#254,(#258,#265),.PCURVE_S1.);
#254 = LINE('',#255,#256);
#255 = CARTESIAN_POINT('',(-11.,-7.,7.));
#256 = VECTOR('',#257,1.);
#257 = DIRECTION('',(1.,0.,0.));
#258 = PCURVE('',#44,#259);
#259 = DEFINITIONAL_REPRESENTATION('',(#260),#264);
#260 = LINE('',#261,#262);
#261 = CARTESIAN_POINT('',(7.,22.));
#262 = VECTOR('',#263,1.);
#263 = DIRECTION('',(0.,1.));
#264 = ( GEOMETRIC_REPRESENTATION_CONTEXT(2) 
PARAMETRIC_REPRESENTATION_CONTEXT() REPRESENTATION_CONTEXT('2D SPACE',''
  ) );
#265 = PCURVE('',#266,#271);
#266 = PLANE('',#267);
#267 = AXIS2_PLACEMENT_3D('',#268,#269,#270);
#268 = CARTESIAN_POINT('',(-11.,-7.,7.));
#269 = DIRECTION('',(0.,0.,1.));
#270 = DIRECTION('',(1.,0.,0.));
#271 = DEFINITIONAL_REPRESENTATION('',(#272),#276);
#272 = LINE('',#273,#274);
#273 = CARTESIAN_POINT('',(0.,0.));
#274 = VECTOR('',#275,1.);
#275 = DIRECTION('',(1.,0.));
#276 = ( GEOMETRIC_REPRESENTATION_CONTEXT(2) 
PARAMETRIC_REPRESENTATION_CONTEXT() REPRESENTATION_CONTEXT('2D SPACE',''
  ) );
#277 = ORIENTED_EDGE('',*,*,#278,.T.);
#278 = EDGE_CURVE('',#251,#279,#281,.T.);
#279 = VERTEX_POINT('',#280);
#280 = CARTESIAN_POINT('',(-10.2,-7.,8.));
#281 = SURFACE_CURVE('',#282,(#286,#293),.PCURVE_S1.);
#282 = LINE('',#283,#284);
#283 = CARTESIAN_POINT('',(-10.2,-7.,7.));
#284 = VECTOR('',#285,1.);
#285 = DIRECTION('',(0.,0.,1.));
#286 = PCURVE('',#44,#287);
#287 = DEFINITIONAL_REPRESENTATION('',(#288),#292);
#288 = LINE('',#289,#290);
#289 = CARTESIAN_POINT('',(7.,22.8));
#290 = VECTOR('',#291,1.);
#291 = DIRECTION('',(1.,0.));
#292 = ( GEOMETRIC_REPRESENTATION_CONTEXT(2) 
PARAMETRIC_REPRESENTATION_CONTEXT() REPRESENTATION_CONTEXT('2D SPACE',''
  ) );
#293 = PCURVE('',#294,#299);
#294 = PLANE('',#295);
#295 = AXIS2_PLACEMENT_3D('',#296,#297,#298);
#296 = CARTESIAN_POINT('',(-10.2,-7.,7.));
#297 = DIRECTION('',(1.,0.,0.));
#298 = DIRECTION('',(0.,0.,1.));
#299 = DEFINITIONAL_REPRESENTATION('',(#300),#304);
#300 = LINE('',#301,#302);
#301 = CARTESIAN_POINT('',(0.,0.));
#302 = VECTOR('',#303,1.);
#303 = DIRECTION('',(1.,0.));
#304 = ( GEOMETRIC_REPRESENTATION_CONTEXT(2) 
PARAMETRIC_REPRESENTATION_CONTEXT() REPRESENTATION_CONTEXT('2D SPACE',''
  ) );
#305 = ORIENTED_EDGE('',*,*,#306,.T.);
#306 = EDGE_CURVE('',#279,#307,#309,.T.);
#307 = VERTEX_POINT('',#308);
#308 = CARTESIAN_POINT('',(-3.4,-7.,8.));
#309 = SURFACE_CURVE('',#310,(#314,#321),.PCURVE_S1.);
#310 = LINE('',#311,#312);
#311 = CARTESIAN_POINT('',(-33.,-7.,8.));
#312 = VECTOR('',#313,1.);
#313 = DIRECTION('',(1.,0.,0.));
#314 = PCURVE('',#44,#315);
#315 = DEFINITIONAL_REPRESENTATION('',(#316),#320);
#316 = LINE('',#317,#318);
#317 = CARTESIAN_POINT('',(8.,0.));
#318 = VECTOR('',#319,1.);
#319 = DIRECTION('',(0.,1.));
#320 = ( GEOMETRIC_REPRESENTATION_CONTEXT(2) 
PARAMETRIC_REPRESENTATION_CONTEXT() REPRESENTATION_CONTEXT('2D SPACE',''
  ) );
#321 = PCURVE('',#126,#322);
#322 = DEFINITIONAL_REPRESENTATION('',(#323),#327);
#323 = LINE('',#324,#325);
#324 = CARTESIAN_POINT('',(0.,0.));
#325 = VECTOR('',#326,1.);
#326 = DIRECTION('',(1.,0.));
#327 = ( GEOMETRIC_REPRESENTATION_CONTEXT(2) 
PARAMETRIC_REPRESENTATION_CONTEXT() REPRESENTATION_CONTEXT('2D SPACE',''
  ) );
#328 = ORIENTED_EDGE('',*,*,#329,.F.);
#329 = EDGE_CURVE('',#330,#307,#332,.T.);
#330 = VERTEX_POINT('',#331);
#331 = CARTESIAN_POINT('',(-3.4,-7.,7.));
#332 = SURFACE_CURVE('',#333,(#337,#344),.PCURVE_S1.);
#333 = LINE('',#334,#335);
#334 = CARTESIAN_POINT('',(-3.4,-7.,7.));
#335 = VECTOR('',#336,1.);
#336 = DIRECTION('',(0.,0.,1.));
#337 = PCURVE('',#44,#338);
#338 = DEFINITIONAL_REPRESENTATION('',(#339),#343);
#339 = LINE('',#340,#341);
#340 = CARTESIAN_POINT('',(7.,29.6));
#341 = VECTOR('',#342,1.);
#342 = DIRECTION('',(1.,0.));
#343 = ( GEOMETRIC_REPRESENTATION_CONTEXT(2) 
PARAMETRIC_REPRESENTATION_CONTEXT() REPRESENTATION_CONTEXT('2D SPACE',''
  ) );
#344 = PCURVE('',#345,#350);
#345 = PLANE('',#346);
#346 = AXIS2_PLACEMENT_3D('',#347,#348,#349);
#347 = CARTESIAN_POINT('',(-3.4,-7.,7.));
#348 = DIRECTION('',(1.,0.,0.));
#349 = DIRECTION('',(0.,0.,1.));
#350 = DEFINITIONAL_REPRESENTATION('',(#351),#355);
#351 = LINE('',#352,#353);
#352 = CARTESIAN_POINT('',(0.,0.));
#353 = VECTOR('',#354,1.);
#354 = DIRECTION('',(1.,0.));
#355 = ( GEOMETRIC_REPRESENTATION_CONTEXT(2) 
PARAMETRIC_REPRESENTATION_CONTEXT() REPRESENTATION_CONTEXT('2D SPACE',''
  ) );
#356 = ORIENTED_EDGE('',*,*,#357,.T.);
#357 = EDGE_CURVE('',#330,#358,#360,.T.);
#358 = VERTEX_POINT('',#359);
#359 = CARTESIAN_POINT('',(-2.6,-7.,7.));
#360 = SURFACE_CURVE('',#361,(#365,#372),.PCURVE_S1.);
#361 = LINE('',#362,#363);
#362 = CARTESIAN_POINT('',(-3.4,-7.,7.));
#363 = VECTOR('',#364,1.);
#364 = DIRECTION('',(1.,0.,0.));
#365 = PCURVE('',#44,#366);
#366 = DEFINITIONAL_REPRESENTATION('',(#367),#371);
#367 = LINE('',#368,#369);
#368 = CARTESIAN_POINT('',(7.,29.6));
#369 = VECTOR('',#370,1.);
#370 = DIRECTION('',(0.,1.));
#371 = ( GEOMETRIC_REPRESENTATION_CONTEXT(2) 
PARAMETRIC_REPRESENTATION_CONTEXT() REPRESENTATION_CONTEXT('2D SPACE',''
  ) );
#372 = PCURVE('',#373,#378);
#373 = PLANE('',#374);
#374 = AXIS2_PLACEMENT_3D('',#375,#376,#377);
#375 = CARTESIAN_POINT('',(-3.4,-7.,7.));
#376 = DIRECTION('',(0.,0.,1.));
#377 = DIRECTION('',(1.,0.,0.));
#378 = DEFINITIONAL_REPRESENTATION('',(#379),#383);
#379 = LINE('',#380,#381);
#380 = CARTESIAN_POINT('',(0.,0.));
#381 = VECTOR('',#382,1.);
#382 = DIRECTION('',(1.,0.));
#383 = ( GEOMETRIC_REPRESENTATION_CONTEXT(2) 
PARAMETRIC_REPRESENTATION_CONTEXT() REPRESENTATION_CONTEXT('2D SPACE',''
  ) );
#384 = ORIENTED_EDGE('',*,*,#385,.T.);
#385 = EDGE_CURVE('',#358,#386,#388,.T.);
#386 = VERTEX_POINT('',#387);
#387 = CARTESIAN_POINT('',(-2.6,-7.,8.));
#388 = SURFACE_CURVE('',#389,(#393,#400),.PCURVE_S1.);
#389 = LINE('',#390,#391);
#390 = CARTESIAN_POINT('',(-2.6,-7.,7.));
#391 = VECTOR('',#392,1.);
#392 = DIRECTION('',(0.,0.,1.));
#393 = PCURVE('',#44,#394);
#394 = DEFINITIONAL_REPRESENTATION('',(#395),#399);
#395 = LINE('',#396,#397);
#396 = CARTESIAN_POINT('',(7.,30.4));
#397 = VECTOR('',#398,1.);
#398 = DIRECTION('',(1.,0.));
#399 = ( GEOMETRIC_REPRESENTATION_CONTEXT(2) 
PARAMETRIC_REPRESENTATION_CONTEXT() REPRESENTATION_CONTEXT('2D SPACE',''
  ) );
#400 = PCURVE('',#401,#406);
#401 = PLANE('',#402);
#402 = AXIS2_PLACEMENT_3D('',#403,#404,#405);
#403 = CARTESIAN_POINT('',(-2.6,-7.,7.));
#404 = DIRECTION('',(1.,0.,0.));
#405 = DIRECTION('',(0.,0.,1.));
#406 = DEFINITIONAL_REPRESENTATION('',(#407),#411);
#407 = LINE('',#408,#409);
#408 = CARTESIAN_POINT('',(0.,0.));
#409 = VECTOR('',#410,1.);
#410 = DIRECTION('',(1.,0.));
#411 = ( GEOMETRIC_REPRESENTATION_CONTEXT(2) 
PARAMETRIC_REPRESENTATION_CONTEXT() REPRESENTATION_CONTEXT('2D SPACE',''
  ) );
#412 = ORIENTED_EDGE('',*,*,#413,.T.);
#413 = EDGE_CURVE('',#386,#414,#416,.T.);
#414 = VERTEX_POINT('',#415);
#415 = CARTESIAN_POINT('',(-2.,-7.,8.));
#416 = SURFACE_CURVE('',#417,(#421,#428),.PCURVE_S1.);
#417 = LINE('',#418,#419);
#418 = CARTESIAN_POINT('',(-33.,-7.,8.));
#419 = VECTOR('',#420,1.);
#420 = DIRECTION('',(1.,0.,0.));
#421 = PCURVE('',#44,#422);
#422 = DEFINITIONAL_REPRESENTATION('',(#423),#427);
#423 = LINE('',#424,#425);
#424 = CARTESIAN_POINT('',(8.,0.));
#425 = VECTOR('',#426,1.);
#426 = DIRECTION('',(0.,1.));
#427 = ( GEOMETRIC_REPRESENTATION_CONTEXT(2) 
PARAMETRIC_REPRESENTATION_CONTEXT() REPRESENTATION_CONTEXT('2D SPACE',''
  ) );
#428 = PCURVE('',#126,#429);
#429 = DEFINITIONAL_REPRESENTATION('',(#430),#434);
#430 = LINE('',#431,#432);
#431 = CARTESIAN_POINT('',(0.,0.));
#432 = VECTOR('',#433,1.);
#433 = DIRECTION('',(1.,0.));
#434 = ( GEOMETRIC_REPRESENTATION_CONTEXT(2) 
PARAMETRIC_REPRESENTATION_CONTEXT() REPRESENTATION_CONTEXT('2D SPACE',''
  ) );
#435 = ORIENTED_EDGE('',*,*,#436,.F.);
#436 = EDGE_CURVE('',#437,#414,#439,.T.);
#437 = VERTEX_POINT('',#438);
#438 = CARTESIAN_POINT('',(-2.,-7.,7.));
#439 = SURFACE_CURVE('',#440,(#444,#451),.PCURVE_S1.);
#440 = LINE('',#441,#442);
#441 = CARTESIAN_POINT('',(-2.,-7.,7.));
#442 = VECTOR('',#443,1.);
#443 = DIRECTION('',(0.,0.,1.));
#444 = PCURVE('',#44,#445);
#445 = DEFINITIONAL_REPRESENTATION('',(#446),#450);
#446 = LINE('',#447,#448);
#447 = CARTESIAN_POINT('',(7.,31.));
#448 = VECTOR('',#449,1.);
#449 = DIRECTION('',(1.,0.));
#450 = ( GEOMETRIC_REPRESENTATION_CONTEXT(2) 
PARAMETRIC_REPRESENTATION_CONTEXT() REPRESENTATION_CONTEXT('2D SPACE',''
  ) );
#451 = PCURVE('',#452,#457);
#452 = PLANE('',#453);
#453 = AXIS2_PLACEMENT_3D('',#454,#455,#456);
#454 = CARTESIAN_POINT('',(-2.,-7.,7.));
#455 = DIRECTION('',(1.,0.,0.));
#456 = DIRECTION('',(0.,0.,1.));
#457 = DEFINITIONAL_REPRESENTATION('',(#458),#462);
#458 = LINE('',#459,#460);
#459 = CARTESIAN_POINT('',(0.,0.));
#460 = VECTOR('',#461,1.);
#461 = DIRECTION('',(1.,0.));
#462 = ( GEOMETRIC_REPRESENTATION_CONTEXT(2) 
PARAMETRIC_REPRESENTATION_CONTEXT() REPRESENTATION_CONTEXT('2D SPACE',''
  ) );
#463 = ORIENTED_EDGE('',*,*,#464,.T.);
#464 = EDGE_CURVE('',#437,#465,#467,.T.);
#465 = VERTEX_POINT('',#466);
#466 = CARTESIAN_POINT('',(-1.2,-7.,7.));
#467 = SURFACE_CURVE('',#468,(#472,#479),.PCURVE_S1.);
#468 = LINE('',#469,#470);
#469 = CARTESIAN_POINT('',(-2.,-7.,7.));
#470 = VECTOR('',#471,1.);
#471 = DIRECTION('',(1.,0.,0.));
#472 = PCURVE('',#44,#473);
#473 = DEFINITIONAL_REPRESENTATION('',(#474),#478);
#474 = LINE('',#475,#476);
#475 = CARTESIAN_POINT('',(7.,31.));
#476 = VECTOR('',#477,1.);
#477 = DIRECTION('',(0.,1.));
#478 = ( GEOMETRIC_REPRESENTATION_CONTEXT(2) 
PARAMETRIC_REPRESENTATION_CONTEXT() REPRESENTATION_CONTEXT('2D SPACE',''
  ) );
#479 = PCURVE('',#480,#485);
#480 = PLANE('',#481);
#481 = AXIS2_PLACEMENT_3D('',#482,#483,#484);
#482 = CARTESIAN_POINT('',(-2.,-7.,7.));
#483 = DIRECTION('',(0.,0.,1.));
#484 = DIRECTION('',(1.,0.,0.));
#485 = DEFINITIONAL_REPRESENTATION('',(#486),#490);
#486 = LINE('',#487,#488);
#487 = CARTESIAN_POINT('',(0.,0.));
#488 = VECTOR('',#489,1.);
#489 = DIRECTION('',(1.,0.));
#490 = ( GEOMETRIC_REPRESENTATION_CONTEXT(2) 
PARAMETRIC_REPRESENTATION_CONTEXT() REPRESENTATION_CONTEXT('2D SPACE',''
  ) );
#491 = ORIENTED_EDGE('',*,*,#492,.T.);
#492 = EDGE_CURVE('',#465,#493,#495,.T.);
#493 = VERTEX_POINT('',#494);
#494 = CARTESIAN_POINT('',(-1.2,-7.,8.));
#495 = SURFACE_CURVE('',#496,(#500,#507),.PCURVE_S1.);
#496 = LINE('',#497,#498);
#497 = CARTESIAN_POINT('',(-1.2,-7.,7.));
#498 = VECTOR('',#499,1.);
#499 = DIRECTION('',(0.,0.,1.));
#500 = PCURVE('',#44,#501);
#501 = DEFINITIONAL_REPRESENTATION('',(#502),#506);
#502 = LINE('',#503,#504);
#503 = CARTESIAN_POINT('',(7.,31.8));
#504 = VECTOR('',#505,1.);
#505 = DIRECTION('',(1.,0.));
#506 = ( GEOMETRIC_REPRESENTATION_CONTEXT(2) 
PARAMETRIC_REPRESENTATION_CONTEXT() REPRESENTATION_CONTEXT('2D SPACE',''
  ) );
#507 = PCURVE('',#508,#513);
#508 = PLANE('',#509);
#509 = AXIS2_PLACEMENT_3D('',#510,#511,#512);
#510 = CARTESIAN_POINT('',(-1.2,-7.,7.));
#511 = DIRECTION('',(1.,0.,0.));
#512 = DIRECTION('',(0.,0.,1.));
#513 = DEFINITIONAL_REPRESENTATION('',(#514),#518);
#514 = LINE('',#515,#516);
#515 = CARTESIAN_POINT('',(0.,0.));
#516 = VECTOR('',#517,1.);
#517 = DIRECTION('',(1.,0.));
#518 = ( GEOMETRIC_REPRESENTATION_CONTEXT(2) 
PARAMETRIC_REPRESENTATION_CONTEXT() REPRESENTATION_CONTEXT('2D SPACE',''
  ) );
#519 = ORIENTED_EDGE('',*,*,#520,.T.);
#520 = EDGE_CURVE('',#493,#521,#523,.T.);
#521 = VERTEX_POINT('',#522);
#522 = CARTESIAN_POINT('',(-0.6,-7.,8.));
#523 = SURFACE_CURVE('',#524,(#528,#535),.PCURVE_S1.);
#524 = LINE('',#525,#526);
#525 = CARTESIAN_POINT('',(-33.,-7.,8.));
#526 = VECTOR('',#527,1.);
#527 = DIRECTION('',(1.,0.,0.));
#528 = PCURVE('',#44,#529);
#529 = DEFINITIONAL_REPRESENTATION('',(#530),#534);
#530 = LINE('',#531,#532);
#531 = CARTESIAN_POINT('',(8.,0.));
#532 = VECTOR('',#533,1.);
#533 = DIRECTION('',(0.,1.));
#534 = ( GEOMETRIC_REPRESENTATION_CONTEXT(2) 
PARAMETRIC_REPRESENTATION_CONTEXT() REPRESENTATION_CONTEXT('2D SPACE',''
  ) );
#535 = PCURVE('',#126,#536);
#536 = DEFINITIONAL_REPRESENTATION('',(#537),#541);
#537 = LINE('',#538,#539);
#538 = CARTESIAN_POINT('',(0.,0.));
#539 = VECTOR('',#540,1.);
#540 = DIRECTION('',(1.,0.));
#541 = ( GEOMETRIC_REPRESENTATION_CONTEXT(2) 
PARAMETRIC_REPRESENTATION_CONTEXT() REPRESENTATION_CONTEXT('2D SPACE',''
  ) );
#542 = ORIENTED_EDGE('',*,*,#543,.F.);
#543 = EDGE_CURVE('',#544,#521,#546,.T.);
#544 = VERTEX_POINT('',#545);
#545 = CARTESIAN_POINT('',(-0.6,-7.,7.));
#546 = SURFACE_CURVE('',#547,(#551,#558),.PCURVE_S1.);
#547 = LINE('',#548,#549);
#548 = CARTESIAN_POINT('',(-0.6,-7.,7.));
#549 = VECTOR('',#550,1.);
#550 = DIRECTION('',(0.,0.,1.));
#551 = PCURVE('',#44,#552);
#552 = DEFINITIONAL_REPRESENTATION('',(#553),#557);
#553 = LINE('',#554,#555);
#554 = CARTESIAN_POINT('',(7.,32.4));
#555 = VECTOR('',#556,1.);
#556 = DIRECTION('',(1.,0.));
#557 = ( GEOMETRIC_REPRESENTATION_CONTEXT(2) 
PARAMETRIC_REPRESENTATION_CONTEXT() REPRESENTATION_CONTEXT('2D SPACE',''
  ) );
#558 = PCURVE('',#559,#564);
#559 = PLANE('',#560);
#560 = AXIS2_PLACEMENT_3D('',#561,#562,#563);
#561 = CARTESIAN_POINT('',(-0.6,-7.,7.));
#562 = DIRECTION('',(1.,0.,0.));
#563 = DIRECTION('',(0.,0.,1.));
#564 = DEFINITIONAL_REPRESENTATION('',(#565),#569);
#565 = LINE('',#566,#567);
#566 = CARTESIAN_POINT('',(0.,0.));
#567 = VECTOR('',#568,1.);
#568 = DIRECTION('',(1.,0.));
#569 = ( GEOMETRIC_REPRESENTATION_CONTEXT(2) 
PARAMETRIC_REPRESENTATION_CONTEXT() REPRESENTATION_CONTEXT('2D SPACE',''
  ) );
#570 = ORIENTED_EDGE('',*,*,#571,.T.);
#571 = EDGE_CURVE('',#544,#572,#574,.T.);
#572 = VERTEX_POINT('',#573);
#573 = CARTESIAN_POINT('',(0.2,-7.,7.));
#574 = SURFACE_CURVE('',#575,(#579,#586),.PCURVE_S1.);
#575 = LINE('',#576,#577);
#576 = CARTESIAN_POINT('',(-0.6,-7.,7.));
#577 = VECTOR('',#578,1.);
#578 = DIRECTION('',(1.,0.,0.));
#579 = PCURVE('',#44,#580);
#580 = DEFINITIONAL_REPRESENTATION('',(#581),#585);
#581 = LINE('',#582,#583);
#582 = CARTESIAN_POINT('',(7.,32.4));
#583 = VECTOR('',#584,1.);
#584 = DIRECTION('',(0.,1.));
#585 = ( GEOMETRIC_REPRESENTATION_CONTEXT(2) 
PARAMETRIC_REPRESENTATION_CONTEXT() REPRESENTATION_CONTEXT('2D SPACE',''
  ) );
#586 = PCURVE('',#587,#592);
#587 = PLANE('',#588);
#588 = AXIS2_PLACEMENT_3D('',#589,#590,#591);
#589 = CARTESIAN_POINT('',(-0.6,-7.,7.));
#590 = DIRECTION('',(0.,0.,1.));
#591 = DIRECTION('',(1.,0.,0.));
#592 = DEFINITIONAL_REPRESENTATION('',(#593),#597);
#593 = LINE('',#594,#595);
#594 = CARTESIAN_POINT('',(0.,0.));
#595 = VECTOR('',#596,1.);
#596 = DIRECTION('',(1.,0.));
#597 = ( GEOMETRIC_REPRESENTATION_CONTEXT(2) 
PARAMETRIC_REPRESENTATION_CONTEXT() REPRESENTATION_CONTEXT('2D SPACE',''
  ) );
#598 = ORIENTED_EDGE('',*,*,#599,.T.);
#599 = EDGE_CURVE('',#572,#600,#602,.T.);
#600 = VERTEX_POINT('',#601);
#601 = CARTESIAN_POINT('',(0.2,-7.,8.));
#602 = SURFACE_CURVE('',#603,(#607,#614),.PCURVE_S1.);
#603 = LINE('',#604,#605);
#604 = CARTESIAN_POINT('',(0.2,-7.,7.));
#605 = VECTOR('',#606,1.);
#606 = DIRECTION('',(0.,0.,1.));
#607 = PCURVE('',#44,#608);
#608 = DEFINITIONAL_REPRESENTATION('',(#609),#613);
#609 = LINE('',#610,#611);
#610 = CARTESIAN_POINT('',(7.,33.2));
#611 = VECTOR('',#612,1.);
#612 = DIRECTION('',(1.,0.));
#613 = ( GEOMETRIC_REPRESENTATION_CONTEXT(2) 
PARAMETRIC_REPRESENTATION_CONTEXT() REPRESENTATION_CONTEXT('2D SPACE',''
  ) );
#614 = PCURVE('',#615,#620);
#615 = PLANE('',#616);
#616 = AXIS2_PLACEMENT_3D('',#617,#618,#619);
#617 = CARTESIAN_POINT('',(0.2,-7.,7.));
#618 = DIRECTION('',(1.,0.,0.));
#619 = DIRECTION('',(0.,0.,1.));
#620 = DEFINITIONAL_REPRESENTATION('',(#621),#625);
#621 = LINE('',#622,#623);
#622 = CARTESIAN_POINT('',(0.,0.));
#623 = VECTOR('',#624,1.);
#624 = DIRECTION('',(1.,0.));
#625 = ( GEOMETRIC_REPRESENTATION_CONTEXT(2) 
PARAMETRIC_REPRESENTATION_CONTEXT() REPRESENTATION_CONTEXT('2D SPACE',''
  ) );
#626 = ORIENTED_EDGE('',*,*,#627,.T.);
#627 = EDGE_CURVE('',#600,#628,#630,.T.);
#628 = VERTEX_POINT('',#629);
#629 = CARTESIAN_POINT('',(5.6,-7.,8.));
#630 = SURFACE_CURVE('',#631,(#635,#642),.PCURVE_S1.);
#631 = LINE('',#632,#633);
#632 = CARTESIAN_POINT('',(-33.,-7.,8.));
#633 = VECTOR('',#634,1.);
#634 = DIRECTION('',(1.,0.,0.));
#635 = PCURVE('',#44,#636);
#636 = DEFINITIONAL_REPRESENTATION('',(#637),#641);
#637 = LINE('',#638,#639);
#638 = CARTESIAN_POINT('',(8.,0.));
#639 = VECTOR('',#640,1.);
#640 = DIRECTION('',(0.,1.));
#641 = ( GEOMETRIC_REPRESENTATION_CONTEXT(2) 
PARAMETRIC_REPRESENTATION_CONTEXT() REPRESENTATION_CONTEXT('2D SPACE',''
  ) );
#642 = PCURVE('',#126,#643);
#643 = DEFINITIONAL_REPRESENTATION('',(#644),#648);
#644 = LINE('',#645,#646);
#645 = CARTESIAN_POINT('',(0.,0.));
#646 = VECTOR('',#647,1.);
#647 = DIRECTION('',(1.,0.));
#648 = ( GEOMETRIC_REPRESENTATION_CONTEXT(2) 
PARAMETRIC_REPRESENTATION_CONTEXT() REPRESENTATION_CONTEXT('2D SPACE',''
  ) );
#649 = ORIENTED_EDGE('',*,*,#650,.F.);
#650 = EDGE_CURVE('',#651,#628,#653,.T.);
#651 = VERTEX_POINT('',#652);
#652 = CARTESIAN_POINT('',(5.6,-7.,7.));
#653 = SURFACE_CURVE('',#654,(#658,#665),.PCURVE_S1.);
#654 = LINE('',#655,#656);
#655 = CARTESIAN_POINT('',(5.6,-7.,7.));
#656 = VECTOR('',#657,1.);
#657 = DIRECTION('',(0.,0.,1.));
#658 = PCURVE('',#44,#659);
#659 = DEFINITIONAL_REPRESENTATION('',(#660),#664);
#660 = LINE('',#661,#662);
#661 = CARTESIAN_POINT('',(7.,38.6));
#662 = VECTOR('',#663,1.);
#663 = DIRECTION('',(1.,0.));
#664 = ( GEOMETRIC_REPRESENTATION_CONTEXT(2) 
PARAMETRIC_REPRESENTATION_CONTEXT() REPRESENTATION_CONTEXT('2D SPACE',''
  ) );
#665 = PCURVE('',#666,#671);
#666 = PLANE('',#667);
#667 = AXIS2_PLACEMENT_3D('',#668,#669,#670);
#668 = CARTESIAN_POINT('',(5.6,-7.,7.));
#669 = DIRECTION('',(1.,0.,0.));
#670 = DIRECTION('',(0.,0.,1.));
#671 = DEFINITIONAL_REPRESENTATION('',(#672),#676);
#672 = LINE('',#673,#674);
#673 = CARTESIAN_POINT('',(0.,0.));
#674 = VECTOR('',#675,1.);
#675 = DIRECTION('',(1.,0.));
#676 = ( GEOMETRIC_REPRESENTATION_CONTEXT(2) 
PARAMETRIC_REPRESENTATION_CONTEXT() REPRESENTATION_CONTEXT('2D SPACE',''
  ) );
#677 = ORIENTED_EDGE('',*,*,#678,.T.);
#678 = EDGE_CURVE('',#651,#679,#681,.T.);
#679 = VERTEX_POINT('',#680);
#680 = CARTESIAN_POINT('',(6.4,-7.,7.));
#681 = SURFACE_CURVE('',#682,(#686,#693),.PCURVE_S1.);
#682 = LINE('',#683,#684);
#683 = CARTESIAN_POINT('',(5.6,-7.,7.));
#684 = VECTOR('',#685,1.);
#685 = DIRECTION('',(1.,0.,0.));
#686 = PCURVE('',#44,#687);
#687 = DEFINITIONAL_REPRESENTATION('',(#688),#692);
#688 = LINE('',#689,#690);
#689 = CARTESIAN_POINT('',(7.,38.6));
#690 = VECTOR('',#691,1.);
#691 = DIRECTION('',(0.,1.));
#692 = ( GEOMETRIC_REPRESENTATION_CONTEXT(2) 
PARAMETRIC_REPRESENTATION_CONTEXT() REPRESENTATION_CONTEXT('2D SPACE',''
  ) );
#693 = PCURVE('',#694,#699);
#694 = PLANE('',#695);
#695 = AXIS2_PLACEMENT_3D('',#696,#697,#698);
#696 = CARTESIAN_POINT('',(5.6,-7.,7.));
#697 = DIRECTION('',(0.,0.,1.));
#698 = DIRECTION('',(1.,0.,0.));
#699 = DEFINITIONAL_REPRESENTATION('',(#700),#704);
#700 = LINE('',#701,#702);
#701 = CARTESIAN_POINT('',(0.,0.));
#702 = VECTOR('',#703,1.);
#703 = DIRECTION('',(1.,0.));
#704 = ( GEOMETRIC_REPRESENTATION_CONTEXT(2) 
PARAMETRIC_REPRESENTATION_CONTEXT() REPRESENTATION_CONTEXT('2D SPACE',''
  ) );
#705 = ORIENTED_EDGE('',*,*,#706,.T.);
#706 = EDGE_CURVE('',#679,#707,#709,.T.);
#707 = VERTEX_POINT('',#708);
#708 = CARTESIAN_POINT('',(6.4,-7.,8.));
#709 = SURFACE_CURVE('',#710,(#714,#721),.PCURVE_S1.);
#710 = LINE('',#711,#712);
#711 = CARTESIAN_POINT('',(6.4,-7.,7.));
#712 = VECTOR('',#713,1.);
#713 = DIRECTION('',(0.,0.,1.));
#714 = PCURVE('',#44,#715);
#715 = DEFINITIONAL_REPRESENTATION('',(#716),#720);
#716 = LINE('',#717,#718);
#717 = CARTESIAN_POINT('',(7.,39.4));
#718 = VECTOR('',#719,1.);
#719 = DIRECTION('',(1.,0.));
#720 = ( GEOMETRIC_REPRESENTATION_CONTEXT(2) 
PARAMETRIC_REPRESENTATION_CONTEXT() REPRESENTATION_CONTEXT('2D SPACE',''
  ) );
#721 = PCURVE('',#722,#727);
#722 = PLANE('',#723);
#723 = AXIS2_PLACEMENT_3D('',#724,#725,#726);
#724 = CARTESIAN_POINT('',(6.4,-7.,7.));
#725 = DIRECTION('',(1.,0.,0.));
#726 = DIRECTION('',(0.,0.,1.));
#727 = DEFINITIONAL_REPRESENTATION('',(#728),#732);
#728 = LINE('',#729,#730);
#729 = CARTESIAN_POINT('',(0.,0.));
#730 = VECTOR('',#731,1.);
#731 = DIRECTION('',(1.,0.));
#732 = ( GEOMETRIC_REPRESENTATION_CONTEXT(2) 
PARAMETRIC_REPRESENTATION_CONTEXT() REPRESENTATION_CONTEXT('2D SPACE',''
  ) );
#733 = ORIENTED_EDGE('',*,*,#734,.T.);
#734 = EDGE_CURVE('',#707,#735,#737,.T.);
#735 = VERTEX_POINT('',#736);
#736 = CARTESIAN_POINT('',(7.,-7.,8.));
#737 = SURFACE_CURVE('',#738,(#742,#749),.PCURVE_S1.);
#738 = LINE('',#739,#740);
#739 = CARTESIAN_POINT('',(-33.,-7.,8.));
#740 = VECTOR('',#741,1.);
#741 = DIRECTION('',(1.,0.,0.));
#742 = PCURVE('',#44,#743);
#743 = DEFINITIONAL_REPRESENTATION('',(#744),#748);
#744 = LINE('',#745,#746);
#745 = CARTESIAN_POINT('',(8.,0.));
#746 = VECTOR('',#747,1.);
#747 = DIRECTION('',(0.,1.));
#748 = ( GEOMETRIC_REPRESENTATION_CONTEXT(2) 
PARAMETRIC_REPRESENTATION_CONTEXT() REPRESENTATION_CONTEXT('2D SPACE',''
  ) );
#749 = PCURVE('',#126,#750);
#750 = DEFINITIONAL_REPRESENTATION('',(#751),#755);
#751 = LINE('',#752,#753);
#752 = CARTESIAN_POINT('',(0.,0.));
#753 = VECTOR('',#754,1.);
#754 = DIRECTION('',(1.,0.));
#755 = ( GEOMETRIC_REPRESENTATION_CONTEXT(2) 
PARAMETRIC_REPRESENTATION_CONTEXT() REPRESENTATION_CONTEXT('2D SPACE',''
  ) );
#756 = ORIENTED_EDGE('',*,*,#757,.F.);
#757 = EDGE_CURVE('',#758,#735,#760,.T.);
#758 = VERTEX_POINT('',#759);
#759 = CARTESIAN_POINT('',(7.,-7.,7.));
#760 = SURFACE_CURVE('',#761,(#765,#772),.PCURVE_S1.);
#761 = LINE('',#762,#763);
#762 = CARTESIAN_POINT('',(7.,-7.,7.));
#763 = VECTOR('',#764,1.);
#764 = DIRECTION('',(0.,0.,1.));
#765 = PCURVE('',#44,#766);
#766 = DEFINITIONAL_REPRESENTATION('',(#767),#771);
#767 = LINE('',#768,#769);
#768 = CARTESIAN_POINT('',(7.,40.));
#769 = VECTOR('',#770,1.);
#770 = DIRECTION('',(1.,0.));
#771 = ( GEOMETRIC_REPRESENTATION_CONTEXT(2) 
PARAMETRIC_REPRESENTATION_CONTEXT() REPRESENTATION_CONTEXT('2D SPACE',''
  ) );
#772 = PCURVE('',#773,#778);
#773 = PLANE('',#774);
#774 = AXIS2_PLACEMENT_3D('',#775,#776,#777);
#775 = CARTESIAN_POINT('',(7.,-7.,7.));
#776 = DIRECTION('',(1.,0.,0.));
#777 = DIRECTION('',(0.,0.,1.));
#778 = DEFINITIONAL_REPRESENTATION('',(#779),#783);
#779 = LINE('',#780,#781);
#780 = CARTESIAN_POINT('',(0.,0.));
#781 = VECTOR('',#782,1.);
#782 = DIRECTION('',(1.,0.));
#783 = ( GEOMETRIC_REPRESENTATION_CONTEXT(2) 
PARAMETRIC_REPRESENTATION_CONTEXT() REPRESENTATION_CONTEXT('2D SPACE',''
  ) );
#784 = ORIENTED_EDGE('',*,*,#785,.T.);
#785 = EDGE_CURVE('',#758,#786,#788,.T.);
#786 = VERTEX_POINT('',#787);
#787 = CARTESIAN_POINT('',(7.8,-7.,7.));
#788 = SURFACE_CURVE('',#789,(#793,#800),.PCURVE_S1.);
#789 = LINE('',#790,#791);
#790 = CARTESIAN_POINT('',(7.,-7.,7.));
#791 = VECTOR('',#792,1.);
#792 = DIRECTION('',(1.,0.,0.));
#793 = PCURVE('',#44,#794);
#794 = DEFINITIONAL_REPRESENTATION('',(#795),#799);
#795 = LINE('',#796,#797);
#796 = CARTESIAN_POINT('',(7.,40.));
#797 = VECTOR('',#798,1.);
#798 = DIRECTION('',(0.,1.));
#799 = ( GEOMETRIC_REPRESENTATION_CONTEXT(2) 
PARAMETRIC_REPRESENTATION_CONTEXT() REPRESENTATION_CONTEXT('2D SPACE',''
  ) );
#800 = PCURVE('',#801,#806);
#801 = PLANE('',#802);
#802 = AXIS2_PLACEMENT_3D('',#803,#804,#805);
#803 = CARTESIAN_POINT('',(7.,-7.,7.));
#804 = DIRECTION('',(0.,0.,1.));
#805 = DIRECTION('',(1.,0.,0.));
#806 = DEFINITIONAL_REPRESENTATION('',(#807),#811);
#807 = LINE('',#808,#809);
#808 = CARTESIAN_POINT('',(0.,0.));
#809 = VECTOR('',#810,1.);
#810 = DIRECTION('',(1.,0.));
#811 = ( GEOMETRIC_REPRESENTATION_CONTEXT(2) 
PARAMETRIC_REPRESENTATION_CONTEXT() REPRESENTATION_CONTEXT('2D SPACE',''
  ) );
#812 = ORIENTED_EDGE('',*,*,#813,.T.);
#813 = EDGE_CURVE('',#786,#814,#816,.T.);
#814 = VERTEX_POINT('',#815);
#815 = CARTESIAN_POINT('',(7.8,-7.,8.));
#816 = SURFACE_CURVE('',#817,(#821,#828),.PCURVE_S1.);
#817 = LINE('',#818,#819);
#818 = CARTESIAN_POINT('',(7.8,-7.,7.));
#819 = VECTOR('',#820,1.);
#820 = DIRECTION('',(0.,0.,1.));
#821 = PCURVE('',#44,#822);
#822 = DEFINITIONAL_REPRESENTATION('',(#823),#827);
#823 = LINE('',#824,#825);
#824 = CARTESIAN_POINT('',(7.,40.8));
#825 = VECTOR('',#826,1.);
#826 = DIRECTION('',(1.,0.));
#827 = ( GEOMETRIC_REPRESENTATION_CONTEXT(2) 
PARAMETRIC_REPRESENTATION_CONTEXT() REPRESENTATION_CONTEXT('2D SPACE',''
  ) );
#828 = PCURVE('',#829,#834);
#829 = PLANE('',#830);
#830 = AXIS2_PLACEMENT_3D('',#831,#832,#833);
#831 = CARTESIAN_POINT('',(7.8,-7.,7.));
#832 = DIRECTION('',(1.,0.,0.));
#833 = DIRECTION('',(0.,0.,1.));
#834 = DEFINITIONAL_REPRESENTATION('',(#835),#839);
#835 = LINE('',#836,#837);
#836 = CARTESIAN_POINT('',(0.,0.));
#837 = VECTOR('',#838,1.);
#838 = DIRECTION('',(1.,0.));
#839 = ( GEOMETRIC_REPRESENTATION_CONTEXT(2) 
PARAMETRIC_REPRESENTATION_CONTEXT() REPRESENTATION_CONTEXT('2D SPACE',''
  ) );
#840 = ORIENTED_EDGE('',*,*,#841,.T.);
#841 = EDGE_CURVE('',#814,#842,#844,.T.);
#842 = VERTEX_POINT('',#843);
#843 = CARTESIAN_POINT('',(8.4,-7.,8.));
#844 = SURFACE_CURVE('',#845,(#849,#856),.PCURVE_S1.);
#845 = LINE('',#846,#847);
#846 = CARTESIAN_POINT('',(-33.,-7.,8.));
#847 = VECTOR('',#848,1.);
#848 = DIRECTION('',(1.,0.,0.));
#849 = PCURVE('',#44,#850);
#850 = DEFINITIONAL_REPRESENTATION('',(#851),#855);
#851 = LINE('',#852,#853);
#852 = CARTESIAN_POINT('',(8.,0.));
#853 = VECTOR('',#854,1.);
#854 = DIRECTION('',(0.,1.));
#855 = ( GEOMETRIC_REPRESENTATION_CONTEXT(2) 
PARAMETRIC_REPRESENTATION_CONTEXT() REPRESENTATION_CONTEXT('2D SPACE',''
  ) );
#856 = PCURVE('',#126,#857);
#857 = DEFINITIONAL_REPRESENTATION('',(#858),#862);
#858 = LINE('',#859,#860);
#859 = CARTESIAN_POINT('',(0.,0.));
#860 = VECTOR('',#861,1.);
#861 = DIRECTION('',(1.,0.));
#862 = ( GEOMETRIC_REPRESENTATION_CONTEXT(2) 
PARAMETRIC_REPRESENTATION_CONTEXT() REPRESENTATION_CONTEXT('2D SPACE',''
  ) );
#863 = ORIENTED_EDGE('',*,*,#864,.F.);
#864 = EDGE_CURVE('',#865,#842,#867,.T.);
#865 = VERTEX_POINT('',#866);
#866 = CARTESIAN_POINT('',(8.4,-7.,7.));
#867 = SURFACE_CURVE('',#868,(#872,#879),.PCURVE_S1.);
#868 = LINE('',#869,#870);
#869 = CARTESIAN_POINT('',(8.4,-7.,7.));
#870 = VECTOR('',#871,1.);
#871 = DIRECTION('',(0.,0.,1.));
#872 = PCURVE('',#44,#873);
#873 = DEFINITIONAL_REPRESENTATION('',(#874),#878);
#874 = LINE('',#875,#876);
#875 = CARTESIAN_POINT('',(7.,41.4));
#876 = VECTOR('',#877,1.);
#877 = DIRECTION('',(1.,0.));
#878 = ( GEOMETRIC_REPRESENTATION_CONTEXT(2) 
PARAMETRIC_REPRESENTATION_CONTEXT() REPRESENTATION_CONTEXT('2D SPACE',''
  ) );
#879 = PCURVE('',#880,#885);
#880 = PLANE('',#881);
#881 = AXIS2_PLACEMENT_3D('',#882,#883,#884);
#882 = CARTESIAN_POINT('',(8.4,-7.,7.));
#883 = DIRECTION('',(1.,0.,0.));
#884 = DIRECTION('',(0.,0.,1.));
#885 = DEFINITIONAL_REPRESENTATION('',(#886),#890);
#886 = LINE('',#887,#888);
#887 = CARTESIAN_POINT('',(0.,0.));
#888 = VECTOR('',#889,1.);
#889 = DIRECTION('',(1.,0.));
#890 = ( GEOMETRIC_REPRESENTATION_CONTEXT(2) 
PARAMETRIC_REPRESENTATION_CONTEXT() REPRESENTATION_CONTEXT('2D SPACE',''
  ) );
#891 = ORIENTED_EDGE('',*,*,#892,.T.);
#892 = EDGE_CURVE('',#865,#893,#895,.T.);
#893 = VERTEX_POINT('',#894);
#894 = CARTESIAN_POINT('',(9.2,-7.,7.));
#895 = SURFACE_CURVE('',#896,(#900,#907),.PCURVE_S1.);
#896 = LINE('',#897,#898);
#897 = CARTESIAN_POINT('',(8.4,-7.,7.));
#898 = VECTOR('',#899,1.);
#899 = DIRECTION('',(1.,0.,0.));
#900 = PCURVE('',#44,#901);
#901 = DEFINITIONAL_REPRESENTATION('',(#902),#906);
#902 = LINE('',#903,#904);
#903 = CARTESIAN_POINT('',(7.,41.4));
#904 = VECTOR('',#905,1.);
#905 = DIRECTION('',(0.,1.));
#906 = ( GEOMETRIC_REPRESENTATION_CONTEXT(2) 
PARAMETRIC_REPRESENTATION_CONTEXT() REPRESENTATION_CONTEXT('2D SPACE',''
  ) );
#907 = PCURVE('',#908,#913);
#908 = PLANE('',#909);
#909 = AXIS2_PLACEMENT_3D('',#910,#911,#912);
#910 = CARTESIAN_POINT('',(8.4,-7.,7.));
#911 = DIRECTION('',(0.,0.,1.));
#912 = DIRECTION('',(1.,0.,0.));
#913 = DEFINITIONAL_REPRESENTATION('',(#914),#918);
#914 = LINE('',#915,#916);
#915 = CARTESIAN_POINT('',(0.,0.));
#916 = VECTOR('',#917,1.);
#917 = DIRECTION('',(1.,0.));
#918 = ( GEOMETRIC_REPRESENTATION_CONTEXT(2) 
PARAMETRIC_REPRESENTATION_CONTEXT() REPRESENTATION_CONTEXT('2D SPACE',''
  ) );
#919 = ORIENTED_EDGE('',*,*,#920,.T.);
#920 = EDGE_CURVE('',#893,#921,#923,.T.);
#921 = VERTEX_POINT('',#922);
#922 = CARTESIAN_POINT('',(9.2,-7.,8.));
#923 = SURFACE_CURVE('',#924,(#928,#935),.PCURVE_S1.);
#924 = LINE('',#925,#926);
#925 = CARTESIAN_POINT('',(9.2,-7.,7.));
#926 = VECTOR('',#927,1.);
#927 = DIRECTION('',(0.,0.,1.));
#928 = PCURVE('',#44,#929);
#929 = DEFINITIONAL_REPRESENTATION('',(#930),#934);
#930 = LINE('',#931,#932);
#931 = CARTESIAN_POINT('',(7.,42.2));
#932 = VECTOR('',#933,1.);
#933 = DIRECTION('',(1.,0.));
#934 = ( GEOMETRIC_REPRESENTATION_CONTEXT(2) 
PARAMETRIC_REPRESENTATION_CONTEXT() REPRESENTATION_CONTEXT('2D SPACE',''
  ) );
#935 = PCURVE('',#936,#941);
#936 = PLANE('',#937);
#937 = AXIS2_PLACEMENT_3D('',#938,#939,#940);
#938 = CARTESIAN_POINT('',(9.2,-7.,7.));
#939 = DIRECTION('',(1.,0.,0.));
#940 = DIRECTION('',(0.,0.,1.));
#941 = DEFINITIONAL_REPRESENTATION('',(#942),#946);
#942 = LINE('',#943,#944);
#943 = CARTESIAN_POINT('',(0.,0.));
#944 = VECTOR('',#945,1.);
#945 = DIRECTION('',(1.,0.));
#946 = ( GEOMETRIC_REPRESENTATION_CONTEXT(2) 
PARAMETRIC_REPRESENTATION_CONTEXT() REPRESENTATION_CONTEXT('2D SPACE',''
  ) );
#947 = ORIENTED_EDGE('',*,*,#948,.T.);
#948 = EDGE_CURVE('',#921,#949,#951,.T.);
#949 = VERTEX_POINT('',#950);
#950 = CARTESIAN_POINT('',(9.8,-7.,8.));
#951 = SURFACE_CURVE('',#952,(#956,#963),.PCURVE_S1.);
#952 = LINE('',#953,#954);
#953 = CARTESIAN_POINT('',(-33.,-7.,8.));
#954 = VECTOR('',#955,1.);
#955 = DIRECTION('',(1.,0.,0.));
#956 = PCURVE('',#44,#957);
#957 = DEFINITIONAL_REPRESENTATION('',(#958),#962);
#958 = LINE('',#959,#960);
#959 = CARTESIAN_POINT('',(8.,0.));
#960 = VECTOR('',#961,1.);
#961 = DIRECTION('',(0.,1.));
#962 = ( GEOMETRIC_REPRESENTATION_CONTEXT(2) 
PARAMETRIC_REPRESENTATION_CONTEXT() REPRESENTATION_CONTEXT('2D SPACE',''
  ) );
#963 = PCURVE('',#126,#964);
#964 = DEFINITIONAL_REPRESENTATION('',(#965),#969);
#965 = LINE('',#966,#967);
#966 = CARTESIAN_POINT('',(0.,0.));
#967 = VECTOR('',#968,1.);
#968 = DIRECTION('',(1.,0.));
#969 = ( GEOMETRIC_REPRESENTATION_CONTEXT(2) 
PARAMETRIC_REPRESENTATION_CONTEXT() REPRESENTATION_CONTEXT('2D SPACE',''
  ) );
#970 = ORIENTED_EDGE('',*,*,#971,.F.);
#971 = EDGE_CURVE('',#972,#949,#974,.T.);
#972 = VERTEX_POINT('',#973);
#973 = CARTESIAN_POINT('',(9.8,-7.,7.));
#974 = SURFACE_CURVE('',#975,(#979,#986),.PCURVE_S1.);
#975 = LINE('',#976,#977);
#976 = CARTESIAN_POINT('',(9.8,-7.,7.));
#977 = VECTOR('',#978,1.);
#978 = DIRECTION('',(0.,0.,1.));
#979 = PCURVE('',#44,#980);
#980 = DEFINITIONAL_REPRESENTATION('',(#981),#985);
#981 = LINE('',#982,#983);
#982 = CARTESIAN_POINT('',(7.,42.8));
#983 = VECTOR('',#984,1.);
#984 = DIRECTION('',(1.,0.));
#985 = ( GEOMETRIC_REPRESENTATION_CONTEXT(2) 
PARAMETRIC_REPRESENTATION_CONTEXT() REPRESENTATION_CONTEXT('2D SPACE',''
  ) );
#986 = PCURVE('',#987,#992);
#987 = PLANE('',#988);
#988 = AXIS2_PLACEMENT_3D('',#989,#990,#991);
#989 = CARTESIAN_POINT('',(9.8,-7.,7.));
#990 = DIRECTION('',(1.,0.,0.));
#991 = DIRECTION('',(0.,0.,1.));
#992 = DEFINITIONAL_REPRESENTATION('',(#993),#997);
#993 = LINE('',#994,#995);
#994 = CARTESIAN_POINT('',(0.,0.));
#995 = VECTOR('',#996,1.);
#996 = DIRECTION('',(1.,0.));
#997 = ( GEOMETRIC_REPRESENTATION_CONTEXT(2) 
PARAMETRIC_REPRESENTATION_CONTEXT() REPRESENTATION_CONTEXT('2D SPACE',''
  ) );
#998 = ORIENTED_EDGE('',*,*,#999,.T.);
#999 = EDGE_CURVE('',#972,#1000,#1002,.T.);
#1000 = VERTEX_POINT('',#1001);
#1001 = CARTESIAN_POINT('',(10.6,-7.,7.));
#1002 = SURFACE_CURVE('',#1003,(#1007,#1014),.PCURVE_S1.);
#1003 = LINE('',#1004,#1005);
#1004 = CARTESIAN_POINT('',(9.8,-7.,7.));
#1005 = VECTOR('',#1006,1.);
#1006 = DIRECTION('',(1.,0.,0.));
#1007 = PCURVE('',#44,#1008);
#1008 = DEFINITIONAL_REPRESENTATION('',(#1009),#1013);
#1009 = LINE('',#1010,#1011);
#1010 = CARTESIAN_POINT('',(7.,42.8));
#1011 = VECTOR('',#1012,1.);
#1012 = DIRECTION('',(0.,1.));
#1013 = ( GEOMETRIC_REPRESENTATION_CONTEXT(2) 
PARAMETRIC_REPRESENTATION_CONTEXT() REPRESENTATION_CONTEXT('2D SPACE',''
  ) );
#1014 = PCURVE('',#1015,#1020);
#1015 = PLANE('',#1016);
#1016 = AXIS2_PLACEMENT_3D('',#1017,#1018,#1019);
#1017 = CARTESIAN_POINT('',(9.8,-7.,7.));
#1018 = DIRECTION('',(0.,0.,1.));
#1019 = DIRECTION('',(1.,0.,0.));
#1020 = DEFINITIONAL_REPRESENTATION('',(#1021),#1025);
#1021 = LINE('',#1022,#1023);
#1022 = CARTESIAN_POINT('',(0.,0.));
#1023 = VECTOR('',#1024,1.);
#1024 = DIRECTION('',(1.,0.));
#1025 = ( GEOMETRIC_REPRESENTATION_CONTEXT(2) 
PARAMETRIC_REPRESENTATION_CONTEXT() REPRESENTATION_CONTEXT('2D SPACE',''
  ) );
#1026 = ORIENTED_EDGE('',*,*,#1027,.T.);
#1027 = EDGE_CURVE('',#1000,#1028,#1030,.T.);
#1028 = VERTEX_POINT('',#1029);
#1029 = CARTESIAN_POINT('',(10.6,-7.,8.));
#1030 = SURFACE_CURVE('',#1031,(#1035,#1042),.PCURVE_S1.);
#1031 = LINE('',#1032,#1033);
#1032 = CARTESIAN_POINT('',(10.6,-7.,7.));
#1033 = VECTOR('',#1034,1.);
#1034 = DIRECTION('',(0.,0.,1.));
#1035 = PCURVE('',#44,#1036);
#1036 = DEFINITIONAL_REPRESENTATION('',(#1037),#1041);
#1037 = LINE('',#1038,#1039);
#1038 = CARTESIAN_POINT('',(7.,43.6));
#1039 = VECTOR('',#1040,1.);
#1040 = DIRECTION('',(1.,0.));
#1041 = ( GEOMETRIC_REPRESENTATION_CONTEXT(2) 
PARAMETRIC_REPRESENTATION_CONTEXT() REPRESENTATION_CONTEXT('2D SPACE',''
  ) );
#1042 = PCURVE('',#1043,#1048);
#1043 = PLANE('',#1044);
#1044 = AXIS2_PLACEMENT_3D('',#1045,#1046,#1047);
#1045 = CARTESIAN_POINT('',(10.6,-7.,7.));
#1046 = DIRECTION('',(1.,0.,0.));
#1047 = DIRECTION('',(0.,0.,1.));
#1048 = DEFINITIONAL_REPRESENTATION('',(#1049),#1053);
#1049 = LINE('',#1050,#1051);
#1050 = CARTESIAN_POINT('',(0.,0.));
#1051 = VECTOR('',#1052,1.);
#1052 = DIRECTION('',(1.,0.));
#1053 = ( GEOMETRIC_REPRESENTATION_CONTEXT(2) 
PARAMETRIC_REPRESENTATION_CONTEXT() REPRESENTATION_CONTEXT('2D SPACE',''
  ) );
#1054 = ORIENTED_EDGE('',*,*,#1055,.T.);
#1055 = EDGE_CURVE('',#1028,#1056,#1058,.T.);
#1056 = VERTEX_POINT('',#1057);
#1057 = CARTESIAN_POINT('',(14.6,-7.,8.));
#1058 = SURFACE_CURVE('',#1059,(#1063,#1070),.PCURVE_S1.);
#1059 = LINE('',#1060,#1061);
#1060 = CARTESIAN_POINT('',(-33.,-7.,8.));
#1061 = VECTOR('',#1062,1.);
#1062 = DIRECTION('',(1.,0.,0.));
#1063 = PCURVE('',#44,#1064);
#1064 = DEFINITIONAL_REPRESENTATION('',(#1065),#1069);
#1065 = LINE('',#1066,#1067);
#1066 = CARTESIAN_POINT('',(8.,0.));
#1067 = VECTOR('',#1068,1.);
#1068 = DIRECTION('',(0.,1.));
#1069 = ( GEOMETRIC_REPRESENTATION_CONTEXT(2) 
PARAMETRIC_REPRESENTATION_CONTEXT() REPRESENTATION_CONTEXT('2D SPACE',''
  ) );
#1070 = PCURVE('',#126,#1071);
#1071 = DEFINITIONAL_REPRESENTATION('',(#1072),#1076);
#1072 = LINE('',#1073,#1074);
#1073 = CARTESIAN_POINT('',(0.,0.));
#1074 = VECTOR('',#1075,1.);
#1075 = DIRECTION('',(1.,0.));
#1076 = ( GEOMETRIC_REPRESENTATION_CONTEXT(2) 
PARAMETRIC_REPRESENTATION_CONTEXT() REPRESENTATION_CONTEXT('2D SPACE',''
  ) );
#1077 = ORIENTED_EDGE('',*,*,#1078,.F.);
#1078 = EDGE_CURVE('',#1079,#1056,#1081,.T.);
#1079 = VERTEX_POINT('',#1080);
#1080 = CARTESIAN_POINT('',(14.6,-7.,7.));
#1081 = SURFACE_CURVE('',#1082,(#1086,#1093),.PCURVE_S1.);
#1082 = LINE('',#1083,#1084);
#1083 = CARTESIAN_POINT('',(14.6,-7.,7.));
#1084 = VECTOR('',#1085,1.);
#1085 = DIRECTION('',(0.,0.,1.));
#1086 = PCURVE('',#44,#1087);
#1087 = DEFINITIONAL_REPRESENTATION('',(#1088),#1092);
#1088 = LINE('',#1089,#1090);
#1089 = CARTESIAN_POINT('',(7.,47.6));
#1090 = VECTOR('',#1091,1.);
#1091 = DIRECTION('',(1.,0.));
#1092 = ( GEOMETRIC_REPRESENTATION_CONTEXT(2) 
PARAMETRIC_REPRESENTATION_CONTEXT() REPRESENTATION_CONTEXT('2D SPACE',''
  ) );
#1093 = PCURVE('',#1094,#1099);
#1094 = PLANE('',#1095);
#1095 = AXIS2_PLACEMENT_3D('',#1096,#1097,#1098);
#1096 = CARTESIAN_POINT('',(14.6,-7.,7.));
#1097 = DIRECTION('',(1.,0.,0.));
#1098 = DIRECTION('',(0.,0.,1.));
#1099 = DEFINITIONAL_REPRESENTATION('',(#1100),#1104);
#1100 = LINE('',#1101,#1102);
#1101 = CARTESIAN_POINT('',(0.,0.));
#1102 = VECTOR('',#1103,1.);
#1103 = DIRECTION('',(1.,0.));
#1104 = ( GEOMETRIC_REPRESENTATION_CONTEXT(2) 
PARAMETRIC_REPRESENTATION_CONTEXT() REPRESENTATION_CONTEXT('2D SPACE',''
  ) );
#1105 = ORIENTED_EDGE('',*,*,#1106,.T.);
#1106 = EDGE_CURVE('',#1079,#1107,#1109,.T.);
#1107 = VERTEX_POINT('',#1108);
#1108 = CARTESIAN_POINT('',(15.4,-7.,7.));
#1109 = SURFACE_CURVE('',#1110,(#1114,#1121),.PCURVE_S1.);
#1110 = LINE('',#1111,#1112);
#1111 = CARTESIAN_POINT('',(14.6,-7.,7.));
#1112 = VECTOR('',#1113,1.);
#1113 = DIRECTION('',(1.,0.,0.));
#1114 = PCURVE('',#44,#1115);
#1115 = DEFINITIONAL_REPRESENTATION('',(#1116),#1120);
#1116 = LINE('',#1117,#1118);
#1117 = CARTESIAN_POINT('',(7.,47.6));
#1118 = VECTOR('',#1119,1.);
#1119 = DIRECTION('',(0.,1.));
#1120 = ( GEOMETRIC_REPRESENTATION_CONTEXT(2) 
PARAMETRIC_REPRESENTATION_CONTEXT() REPRESENTATION_CONTEXT('2D SPACE',''
  ) );
#1121 = PCURVE('',#1122,#1127);
#1122 = PLANE('',#1123);
#1123 = AXIS2_PLACEMENT_3D('',#1124,#1125,#1126);
#1124 = CARTESIAN_POINT('',(14.6,-7.,7.));
#1125 = DIRECTION('',(0.,0.,1.));
#1126 = DIRECTION('',(1.,0.,0.));
#1127 = DEFINITIONAL_REPRESENTATION('',(#1128),#1132);
#1128 = LINE('',#1129,#1130);
#1129 = CARTESIAN_POINT('',(0.,0.));
#1130 = VECTOR('',#1131,1.);
#1131 = DIRECTION('',(1.,0.));
#1132 = ( GEOMETRIC_REPRESENTATION_CONTEXT(2) 
PARAMETRIC_REPRESENTATION_CONTEXT() REPRESENTATION_CONTEXT('2D SPACE',''
  ) );
#1133 = ORIENTED_EDGE('',*,*,#1134,.T.);
#1134 = EDGE_CURVE('',#1107,#1135,#1137,.T.);
#1135 = VERTEX_POINT('',#1136);
#1136 = CARTESIAN_POINT('',(15.4,-7.,8.));
#1137 = SURFACE_CURVE('',#1138,(#1142,#1149),.PCURVE_S1.);
#1138 = LINE('',#1139,#1140);
#1139 = CARTESIAN_POINT('',(15.4,-7.,7.));
#1140 = VECTOR('',#1141,1.);
#1141 = DIRECTION('',(0.,0.,1.));
#1142 = PCURVE('',#44,#1143);
#1143 = DEFINITIONAL_REPRESENTATION('',(#1144),#1148);
#1144 = LINE('',#1145,#1146);
#1145 = CARTESIAN_POINT('',(7.,48.4));
#1146 = VECTOR('',#1147,1.);
#1147 = DIRECTION('',(1.,0.));
#1148 = ( GEOMETRIC_REPRESENTATION_CONTEXT(2) 
PARAMETRIC_REPRESENTATION_CONTEXT() REPRESENTATION_CONTEXT('2D SPACE',''
  ) );
#1149 = PCURVE('',#1150,#1155);
#1150 = PLANE('',#1151);
#1151 = AXIS2_PLACEMENT_3D('',#1152,#1153,#1154);
#1152 = CARTESIAN_POINT('',(15.4,-7.,7.));
#1153 = DIRECTION('',(1.,0.,0.));
#1154 = DIRECTION('',(0.,0.,1.));
#1155 = DEFINITIONAL_REPRESENTATION('',(#1156),#1160);
#1156 = LINE('',#1157,#1158);
#1157 = CARTESIAN_POINT('',(0.,0.));
#1158 = VECTOR('',#1159,1.);
#1159 = DIRECTION('',(1.,0.));
#1160 = ( GEOMETRIC_REPRESENTATION_CONTEXT(2) 
PARAMETRIC_REPRESENTATION_CONTEXT() REPRESENTATION_CONTEXT('2D SPACE',''
  ) );
#1161 = ORIENTED_EDGE('',*,*,#1162,.T.);
#1162 = EDGE_CURVE('',#1135,#1163,#1165,.T.);
#1163 = VERTEX_POINT('',#1164);
#1164 = CARTESIAN_POINT('',(16.,-7.,8.));
#1165 = SURFACE_CURVE('',#1166,(#1170,#1177),.PCURVE_S1.);
#1166 = LINE('',#1167,#1168);
#1167 = CARTESIAN_POINT('',(-33.,-7.,8.));
#1168 = VECTOR('',#1169,1.);
#1169 = DIRECTION('',(1.,0.,0.));
#1170 = PCURVE('',#44,#1171);
#1171 = DEFINITIONAL_REPRESENTATION('',(#1172),#1176);
#1172 = LINE('',#1173,#1174);
#1173 = CARTESIAN_POINT('',(8.,0.));
#1174 = VECTOR('',#1175,1.);
#1175 = DIRECTION('',(0.,1.));
#1176 = ( GEOMETRIC_REPRESENTATION_CONTEXT(2) 
PARAMETRIC_REPRESENTATION_CONTEXT() REPRESENTATION_CONTEXT('2D SPACE',''
  ) );
#1177 = PCURVE('',#126,#1178);
#1178 = DEFINITIONAL_REPRESENTATION('',(#1179),#1183);
#1179 = LINE('',#1180,#1181);
#1180 = CARTESIAN_POINT('',(0.,0.));
#1181 = VECTOR('',#1182,1.);
#1182 = DIRECTION('',(1.,0.));
#1183 = ( GEOMETRIC_REPRESENTATION_CONTEXT(2) 
PARAMETRIC_REPRESENTATION_CONTEXT() REPRESENTATION_CONTEXT('2D SPACE',''
  ) );
#1184 = ORIENTED_EDGE('',*,*,#1185,.F.);
#1185 = EDGE_CURVE('',#1186,#1163,#1188,.T.);
#1186 = VERTEX_POINT('',#1187);
#1187 = CARTESIAN_POINT('',(16.,-7.,7.));
#1188 = SURFACE_CURVE('',#1189,(#1193,#1200),.PCURVE_S1.);
#1189 = LINE('',#1190,#1191);
#1190 = CARTESIAN_POINT('',(16.,-7.,7.));
#1191 = VECTOR('',#1192,1.);
#1192 = DIRECTION('',(0.,0.,1.));
#1193 = PCURVE('',#44,#1194);
#1194 = DEFINITIONAL_REPRESENTATION('',(#1195),#1199);
#1195 = LINE('',#1196,#1197);
#1196 = CARTESIAN_POINT('',(7.,49.));
#1197 = VECTOR('',#1198,1.);
#1198 = DIRECTION('',(1.,0.));
#1199 = ( GEOMETRIC_REPRESENTATION_CONTEXT(2) 
PARAMETRIC_REPRESENTATION_CONTEXT() REPRESENTATION_CONTEXT('2D SPACE',''
  ) );
#1200 = PCURVE('',#1201,#1206);
#1201 = PLANE('',#1202);
#1202 = AXIS2_PLACEMENT_3D('',#1203,#1204,#1205);
#1203 = CARTESIAN_POINT('',(16.,-7.,7.));
#1204 = DIRECTION('',(1.,0.,0.));
#1205 = DIRECTION('',(0.,0.,1.));
#1206 = DEFINITIONAL_REPRESENTATION('',(#1207),#1211);
#1207 = LINE('',#1208,#1209);
#1208 = CARTESIAN_POINT('',(0.,0.));
#1209 = VECTOR('',#1210,1.);
#1210 = DIRECTION('',(1.,0.));
#1211 = ( GEOMETRIC_REPRESENTATION_CONTEXT(2) 
PARAMETRIC_REPRESENTATION_CONTEXT() REPRESENTATION_CONTEXT('2D SPACE',''
  ) );
#1212 = ORIENTED_EDGE('',*,*,#1213,.T.);
#1213 = EDGE_CURVE('',#1186,#1214,#1216,.T.);
#1214 = VERTEX_POINT('',#1215);
#1215 = CARTESIAN_POINT('',(16.8,-7.,7.));
#1216 = SURFACE_CURVE('',#1217,(#1221,#1228),.PCURVE_S1.);
#1217 = LINE('',#1218,#1219);
#1218 = CARTESIAN_POINT('',(16.,-7.,7.));
#1219 = VECTOR('',#1220,1.);
#1220 = DIRECTION('',(1.,0.,0.));
#1221 = PCURVE('',#44,#1222);
#1222 = DEFINITIONAL_REPRESENTATION('',(#1223),#1227);
#1223 = LINE('',#1224,#1225);
#1224 = CARTESIAN_POINT('',(7.,49.));
#1225 = VECTOR('',#1226,1.);
#1226 = DIRECTION('',(0.,1.));
#1227 = ( GEOMETRIC_REPRESENTATION_CONTEXT(2) 
PARAMETRIC_REPRESENTATION_CONTEXT() REPRESENTATION_CONTEXT('2D SPACE',''
  ) );
#1228 = PCURVE('',#1229,#1234);
#1229 = PLANE('',#1230);
#1230 = AXIS2_PLACEMENT_3D('',#1231,#1232,#1233);
#1231 = CARTESIAN_POINT('',(16.,-7.,7.));
#1232 = DIRECTION('',(0.,0.,1.));
#1233 = DIRECTION('',(1.,0.,0.));
#1234 = DEFINITIONAL_REPRESENTATION('',(#1235),#1239);
#1235 = LINE('',#1236,#1237);
#1236 = CARTESIAN_POINT('',(0.,0.));
#1237 = VECTOR('',#1238,1.);
#1238 = DIRECTION('',(1.,0.));
#1239 = ( GEOMETRIC_REPRESENTATION_CONTEXT(2) 
PARAMETRIC_REPRESENTATION_CONTEXT() REPRESENTATION_CONTEXT('2D SPACE',''
  ) );
#1240 = ORIENTED_EDGE('',*,*,#1241,.T.);
#1241 = EDGE_CURVE('',#1214,#1242,#1244,.T.);
#1242 = VERTEX_POINT('',#1243);
#1243 = CARTESIAN_POINT('',(16.8,-7.,8.));
#1244 = SURFACE_CURVE('',#1245,(#1249,#1256),.PCURVE_S1.);
#1245 = LINE('',#1246,#1247);
#1246 = CARTESIAN_POINT('',(16.8,-7.,7.));
#1247 = VECTOR('',#1248,1.);
#1248 = DIRECTION('',(0.,0.,1.));
#1249 = PCURVE('',#44,#1250);
#1250 = DEFINITIONAL_REPRESENTATION('',(#1251),#1255);
#1251 = LINE('',#1252,#1253);
#1252 = CARTESIAN_POINT('',(7.,49.8));
#1253 = VECTOR('',#1254,1.);
#1254 = DIRECTION('',(1.,0.));
#1255 = ( GEOMETRIC_REPRESENTATION_CONTEXT(2) 
PARAMETRIC_REPRESENTATION_CONTEXT() REPRESENTATION_CONTEXT('2D SPACE',''
  ) );
#1256 = PCURVE('',#1257,#1262);
#1257 = PLANE('',#1258);
#1258 = AXIS2_PLACEMENT_3D('',#1259,#1260,#1261);
#1259 = CARTESIAN_POINT('',(16.8,-7.,7.));
#1260 = DIRECTION('',(1.,0.,0.));
#1261 = DIRECTION('',(0.,0.,1.));
#1262 = DEFINITIONAL_REPRESENTATION('',(#1263),#1267);
#1263 = LINE('',#1264,#1265);
#1264 = CARTESIAN_POINT('',(0.,0.));
#1265 = VECTOR('',#1266,1.);
#1266 = DIRECTION('',(1.,0.));
#1267 = ( GEOMETRIC_REPRESENTATION_CONTEXT(2) 
PARAMETRIC_REPRESENTATION_CONTEXT() REPRESENTATION_CONTEXT('2D SPACE',''
  ) );
#1268 = ORIENTED_EDGE('',*,*,#1269,.T.);
#1269 = EDGE_CURVE('',#1242,#1270,#1272,.T.);
#1270 = VERTEX_POINT('',#1271);
#1271 = CARTESIAN_POINT('',(17.4,-7.,8.));
#1272 = SURFACE_CURVE('',#1273,(#1277,#1284),.PCURVE_S1.);
#1273 = LINE('',#1274,#1275);
#1274 = CARTESIAN_POINT('',(-33.,-7.,8.));
#1275 = VECTOR('',#1276,1.);
#1276 = DIRECTION('',(1.,0.,0.));
#1277 = PCURVE('',#44,#1278);
#1278 = DEFINITIONAL_REPRESENTATION('',(#1279),#1283);
#1279 = LINE('',#1280,#1281);
#1280 = CARTESIAN_POINT('',(8.,0.));
#1281 = VECTOR('',#1282,1.);
#1282 = DIRECTION('',(0.,1.));
#1283 = ( GEOMETRIC_REPRESENTATION_CONTEXT(2) 
PARAMETRIC_REPRESENTATION_CONTEXT() REPRESENTATION_CONTEXT('2D SPACE',''
  ) );
#1284 = PCURVE('',#126,#1285);
#1285 = DEFINITIONAL_REPRESENTATION('',(#1286),#1290);
#1286 = LINE('',#1287,#1288);
#1287 = CARTESIAN_POINT('',(0.,0.));
#1288 = VECTOR('',#1289,1.);
#1289 = DIRECTION('',(1.,0.));
#1290 = ( GEOMETRIC_REPRESENTATION_CONTEXT(2) 
PARAMETRIC_REPRESENTATION_CONTEXT() REPRESENTATION_CONTEXT('2D SPACE',''
  ) );
#1291 = ORIENTED_EDGE('',*,*,#1292,.F.);
#1292 = EDGE_CURVE('',#1293,#1270,#1295,.T.);
#1293 = VERTEX_POINT('',#1294);
#1294 = CARTESIAN_POINT('',(17.4,-7.,7.));
#1295 = SURFACE_CURVE('',#1296,(#1300,#1307),.PCURVE_S1.);
#1296 = LINE('',#1297,#1298);
#1297 = CARTESIAN_POINT('',(17.4,-7.,7.));
#1298 = VECTOR('',#1299,1.);
#1299 = DIRECTION('',(0.,0.,1.));
#1300 = PCURVE('',#44,#1301);
#1301 = DEFINITIONAL_REPRESENTATION('',(#1302),#1306);
#1302 = LINE('',#1303,#1304);
#1303 = CARTESIAN_POINT('',(7.,50.4));
#1304 = VECTOR('',#1305,1.);
#1305 = DIRECTION('',(1.,0.));
#1306 = ( GEOMETRIC_REPRESENTATION_CONTEXT(2) 
PARAMETRIC_REPRESENTATION_CONTEXT() REPRESENTATION_CONTEXT('2D SPACE',''
  ) );
#1307 = PCURVE('',#1308,#1313);
#1308 = PLANE('',#1309);
#1309 = AXIS2_PLACEMENT_3D('',#1310,#1311,#1312);
#1310 = CARTESIAN_POINT('',(17.4,-7.,7.));
#1311 = DIRECTION('',(1.,0.,0.));
#1312 = DIRECTION('',(0.,0.,1.));
#1313 = DEFINITIONAL_REPRESENTATION('',(#1314),#1318);
#1314 = LINE('',#1315,#1316);
#1315 = CARTESIAN_POINT('',(0.,0.));
#1316 = VECTOR('',#1317,1.);
#1317 = DIRECTION('',(1.,0.));
#1318 = ( GEOMETRIC_REPRESENTATION_CONTEXT(2) 
PARAMETRIC_REPRESENTATION_CONTEXT() REPRESENTATION_CONTEXT('2D SPACE',''
  ) );
#1319 = ORIENTED_EDGE('',*,*,#1320,.T.);
#1320 = EDGE_CURVE('',#1293,#1321,#1323,.T.);
#1321 = VERTEX_POINT('',#1322);
#1322 = CARTESIAN_POINT('',(18.2,-7.,7.));
#1323 = SURFACE_CURVE('',#1324,(#1328,#1335),.PCURVE_S1.);
#1324 = LINE('',#1325,#1326);
#1325 = CARTESIAN_POINT('',(17.4,-7.,7.));
#1326 = VECTOR('',#1327,1.);
#1327 = DIRECTION('',(1.,0.,0.));
#1328 = PCURVE('',#44,#1329);
#1329 = DEFINITIONAL_REPRESENTATION('',(#1330),#1334);
#1330 = LINE('',#1331,#1332);
#1331 = CARTESIAN_POINT('',(7.,50.4));
#1332 = VECTOR('',#1333,1.);
#1333 = DIRECTION('',(0.,1.));
#1334 = ( GEOMETRIC_REPRESENTATION_CONTEXT(2) 
PARAMETRIC_REPRESENTATION_CONTEXT() REPRESENTATION_CONTEXT('2D SPACE',''
  ) );
#1335 = PCURVE('',#1336,#1341);
#1336 = PLANE('',#1337);
#1337 = AXIS2_PLACEMENT_3D('',#1338,#1339,#1340);
#1338 = CARTESIAN_POINT('',(17.4,-7.,7.));
#1339 = DIRECTION('',(0.,0.,1.));
#1340 = DIRECTION('',(1.,0.,0.));
#1341 = DEFINITIONAL_REPRESENTATION('',(#1342),#1346);
#1342 = LINE('',#1343,#1344);
#1343 = CARTESIAN_POINT('',(0.,0.));
#1344 = VECTOR('',#1345,1.);
#1345 = DIRECTION('',(1.,0.));
#1346 = ( GEOMETRIC_REPRESENTATION_CONTEXT(2) 
PARAMETRIC_REPRESENTATION_CONTEXT() REPRESENTATION_CONTEXT('2D SPACE',''
  ) );
#1347 = ORIENTED_EDGE('',*,*,#1348,.T.);
#1348 = EDGE_CURVE('',#1321,#1349,#1351,.T.);
#1349 = VERTEX_POINT('',#1350);
#1350 = CARTESIAN_POINT('',(18.2,-7.,8.));
#1351 = SURFACE_CURVE('',#1352,(#1356,#1363),.PCURVE_S1.);
#1352 = LINE('',#1353,#1354);
#1353 = CARTESIAN_POINT('',(18.2,-7.,7.));
#1354 = VECTOR('',#1355,1.);
#1355 = DIRECTION('',(0.,0.,1.));
#1356 = PCURVE('',#44,#1357);
#1357 = DEFINITIONAL_REPRESENTATION('',(#1358),#1362);
#1358 = LINE('',#1359,#1360);
#1359 = CARTESIAN_POINT('',(7.,51.2));
#1360 = VECTOR('',#1361,1.);
#1361 = DIRECTION('',(1.,0.));
#1362 = ( GEOMETRIC_REPRESENTATION_CONTEXT(2) 
PARAMETRIC_REPRESENTATION_CONTEXT() REPRESENTATION_CONTEXT('2D SPACE',''
  ) );
#1363 = PCURVE('',#1364,#1369);
#1364 = PLANE('',#1365);
#1365 = AXIS2_PLACEMENT_3D('',#1366,#1367,#1368);
#1366 = CARTESIAN_POINT('',(18.2,-7.,7.));
#1367 = DIRECTION('',(1.,0.,0.));
#1368 = DIRECTION('',(0.,0.,1.));
#1369 = DEFINITIONAL_REPRESENTATION('',(#1370),#1374);
#1370 = LINE('',#1371,#1372);
#1371 = CARTESIAN_POINT('',(0.,0.));
#1372 = VECTOR('',#1373,1.);
#1373 = DIRECTION('',(1.,0.));
#1374 = ( GEOMETRIC_REPRESENTATION_CONTEXT(2) 
PARAMETRIC_REPRESENTATION_CONTEXT() REPRESENTATION_CONTEXT('2D SPACE',''
  ) );
#1375 = ORIENTED_EDGE('',*,*,#1376,.T.);
#1376 = EDGE_CURVE('',#1349,#1377,#1379,.T.);
#1377 = VERTEX_POINT('',#1378);
#1378 = CARTESIAN_POINT('',(18.8,-7.,8.));
#1379 = SURFACE_CURVE('',#1380,(#1384,#1391),.PCURVE_S1.);
#1380 = LINE('',#1381,#1382);
#1381 = CARTESIAN_POINT('',(-33.,-7.,8.));
#1382 = VECTOR('',#1383,1.);
#1383 = DIRECTION('',(1.,0.,0.));
#1384 = PCURVE('',#44,#1385);
#1385 = DEFINITIONAL_REPRESENTATION('',(#1386),#1390);
#1386 = LINE('',#1387,#1388);
#1387 = CARTESIAN_POINT('',(8.,0.));
#1388 = VECTOR('',#1389,1.);
#1389 = DIRECTION('',(0.,1.));
#1390 = ( GEOMETRIC_REPRESENTATION_CONTEXT(2) 
PARAMETRIC_REPRESENTATION_CONTEXT() REPRESENTATION_CONTEXT('2D SPACE',''
  ) );
#1391 = PCURVE('',#126,#1392);
#1392 = DEFINITIONAL_REPRESENTATION('',(#1393),#1397);
#1393 = LINE('',#1394,#1395);
#1394 = CARTESIAN_POINT('',(0.,0.));
#1395 = VECTOR('',#1396,1.);
#1396 = DIRECTION('',(1.,0.));
#1397 = ( GEOMETRIC_REPRESENTATION_CONTEXT(2) 
PARAMETRIC_REPRESENTATION_CONTEXT() REPRESENTATION_CONTEXT('2D SPACE',''
  ) );
#1398 = ORIENTED_EDGE('',*,*,#1399,.F.);
#1399 = EDGE_CURVE('',#1400,#1377,#1402,.T.);
#1400 = VERTEX_POINT('',#1401);
#1401 = CARTESIAN_POINT('',(18.8,-7.,7.));
#1402 = SURFACE_CURVE('',#1403,(#1407,#1414),.PCURVE_S1.);
#1403 = LINE('',#1404,#1405);
#1404 = CARTESIAN_POINT('',(18.8,-7.,7.));
#1405 = VECTOR('',#1406,1.);
#1406 = DIRECTION('',(0.,0.,1.));
#1407 = PCURVE('',#44,#1408);
#1408 = DEFINITIONAL_REPRESENTATION('',(#1409),#1413);
#1409 = LINE('',#1410,#1411);
#1410 = CARTESIAN_POINT('',(7.,51.8));
#1411 = VECTOR('',#1412,1.);
#1412 = DIRECTION('',(1.,0.));
#1413 = ( GEOMETRIC_REPRESENTATION_CONTEXT(2) 
PARAMETRIC_REPRESENTATION_CONTEXT() REPRESENTATION_CONTEXT('2D SPACE',''
  ) );
#1414 = PCURVE('',#1415,#1420);
#1415 = PLANE('',#1416);
#1416 = AXIS2_PLACEMENT_3D('',#1417,#1418,#1419);
#1417 = CARTESIAN_POINT('',(18.8,-7.,7.));
#1418 = DIRECTION('',(1.,0.,0.));
#1419 = DIRECTION('',(0.,0.,1.));
#1420 = DEFINITIONAL_REPRESENTATION('',(#1421),#1425);
#1421 = LINE('',#1422,#1423);
#1422 = CARTESIAN_POINT('',(0.,0.));
#1423 = VECTOR('',#1424,1.);
#1424 = DIRECTION('',(1.,0.));
#1425 = ( GEOMETRIC_REPRESENTATION_CONTEXT(2) 
PARAMETRIC_REPRESENTATION_CONTEXT() REPRESENTATION_CONTEXT('2D SPACE',''
  ) );
#1426 = ORIENTED_EDGE('',*,*,#1427,.T.);
#1427 = EDGE_CURVE('',#1400,#1428,#1430,.T.);
#1428 = VERTEX_POINT('',#1429);
#1429 = CARTESIAN_POINT('',(19.6,-7.,7.));
#1430 = SURFACE_CURVE('',#1431,(#1435,#1442),.PCURVE_S1.);
#1431 = LINE('',#1432,#1433);
#1432 = CARTESIAN_POINT('',(18.8,-7.,7.));
#1433 = VECTOR('',#1434,1.);
#1434 = DIRECTION('',(1.,0.,0.));
#1435 = PCURVE('',#44,#1436);
#1436 = DEFINITIONAL_REPRESENTATION('',(#1437),#1441);
#1437 = LINE('',#1438,#1439);
#1438 = CARTESIAN_POINT('',(7.,51.8));
#1439 = VECTOR('',#1440,1.);
#1440 = DIRECTION('',(0.,1.));
#1441 = ( GEOMETRIC_REPRESENTATION_CONTEXT(2) 
PARAMETRIC_REPRESENTATION_CONTEXT() REPRESENTATION_CONTEXT('2D SPACE',''
  ) );
#1442 = PCURVE('',#1443,#1448);
#1443 = PLANE('',#1444);
#1444 = AXIS2_PLACEMENT_3D('',#1445,#1446,#1447);
#1445 = CARTESIAN_POINT('',(18.8,-7.,7.));
#1446 = DIRECTION('',(0.,0.,1.));
#1447 = DIRECTION('',(1.,0.,0.));
#1448 = DEFINITIONAL_REPRESENTATION('',(#1449),#1453);
#1449 = LINE('',#1450,#1451);
#1450 = CARTESIAN_POINT('',(0.,0.));
#1451 = VECTOR('',#1452,1.);
#1452 = DIRECTION('',(1.,0.));
#1453 = ( GEOMETRIC_REPRESENTATION_CONTEXT(2) 
PARAMETRIC_REPRESENTATION_CONTEXT() REPRESENTATION_CONTEXT('2D SPACE',''
  ) );
#1454 = ORIENTED_EDGE('',*,*,#1455,.T.);
#1455 = EDGE_CURVE('',#1428,#1456,#1458,.T.);
#1456 = VERTEX_POINT('',#1457);
#1457 = CARTESIAN_POINT('',(19.6,-7.,8.));
#1458 = SURFACE_CURVE('',#1459,(#1463,#1470),.PCURVE_S1.);
#1459 = LINE('',#1460,#1461);
#1460 = CARTESIAN_POINT('',(19.6,-7.,7.));
#1461 = VECTOR('',#1462,1.);
#1462 = DIRECTION('',(0.,0.,1.));
#1463 = PCURVE('',#44,#1464);
#1464 = DEFINITIONAL_REPRESENTATION('',(#1465),#1469);
#1465 = LINE('',#1466,#1467);
#1466 = CARTESIAN_POINT('',(7.,52.6));
#1467 = VECTOR('',#1468,1.);
#1468 = DIRECTION('',(1.,0.));
#1469 = ( GEOMETRIC_REPRESENTATION_CONTEXT(2) 
PARAMETRIC_REPRESENTATION_CONTEXT() REPRESENTATION_CONTEXT('2D SPACE',''
  ) );
#1470 = PCURVE('',#1471,#1476);
#1471 = PLANE('',#1472);
#1472 = AXIS2_PLACEMENT_3D('',#1473,#1474,#1475);
#1473 = CARTESIAN_POINT('',(19.6,-7.,7.));
#1474 = DIRECTION('',(1.,0.,0.));
#1475 = DIRECTION('',(0.,0.,1.));
#1476 = DEFINITIONAL_REPRESENTATION('',(#1477),#1481);
#1477 = LINE('',#1478,#1479);
#1478 = CARTESIAN_POINT('',(0.,0.));
#1479 = VECTOR('',#1480,1.);
#1480 = DIRECTION('',(1.,0.));
#1481 = ( GEOMETRIC_REPRESENTATION_CONTEXT(2) 
PARAMETRIC_REPRESENTATION_CONTEXT() REPRESENTATION_CONTEXT('2D SPACE',''
  ) );
#1482 = ORIENTED_EDGE('',*,*,#1483,.T.);
#1483 = EDGE_CURVE('',#1456,#1484,#1486,.T.);
#1484 = VERTEX_POINT('',#1485);
#1485 = CARTESIAN_POINT('',(20.2,-7.,8.));
#1486 = SURFACE_CURVE('',#1487,(#1491,#1498),.PCURVE_S1.);
#1487 = LINE('',#1488,#1489);
#1488 = CARTESIAN_POINT('',(-33.,-7.,8.));
#1489 = VECTOR('',#1490,1.);
#1490 = DIRECTION('',(1.,0.,0.));
#1491 = PCURVE('',#44,#1492);
#1492 = DEFINITIONAL_REPRESENTATION('',(#1493),#1497);
#1493 = LINE('',#1494,#1495);
#1494 = CARTESIAN_POINT('',(8.,0.));
#1495 = VECTOR('',#1496,1.);
#1496 = DIRECTION('',(0.,1.));
#1497 = ( GEOMETRIC_REPRESENTATION_CONTEXT(2) 
PARAMETRIC_REPRESENTATION_CONTEXT() REPRESENTATION_CONTEXT('2D SPACE',''
  ) );
#1498 = PCURVE('',#126,#1499);
#1499 = DEFINITIONAL_REPRESENTATION('',(#1500),#1504);
#1500 = LINE('',#1501,#1502);
#1501 = CARTESIAN_POINT('',(0.,0.));
#1502 = VECTOR('',#1503,1.);
#1503 = DIRECTION('',(1.,0.));
#1504 = ( GEOMETRIC_REPRESENTATION_CONTEXT(2) 
PARAMETRIC_REPRESENTATION_CONTEXT() REPRESENTATION_CONTEXT('2D SPACE',''
  ) );
#1505 = ORIENTED_EDGE('',*,*,#1506,.F.);
#1506 = EDGE_CURVE('',#1507,#1484,#1509,.T.);
#1507 = VERTEX_POINT('',#1508);
#1508 = CARTESIAN_POINT('',(20.2,-7.,7.));
#1509 = SURFACE_CURVE('',#1510,(#1514,#1521),.PCURVE_S1.);
#1510 = LINE('',#1511,#1512);
#1511 = CARTESIAN_POINT('',(20.2,-7.,7.));
#1512 = VECTOR('',#1513,1.);
#1513 = DIRECTION('',(0.,0.,1.));
#1514 = PCURVE('',#44,#1515);
#1515 = DEFINITIONAL_REPRESENTATION('',(#1516),#1520);
#1516 = LINE('',#1517,#1518);
#1517 = CARTESIAN_POINT('',(7.,53.2));
#1518 = VECTOR('',#1519,1.);
#1519 = DIRECTION('',(1.,0.));
#1520 = ( GEOMETRIC_REPRESENTATION_CONTEXT(2) 
PARAMETRIC_REPRESENTATION_CONTEXT() REPRESENTATION_CONTEXT('2D SPACE',''
  ) );
#1521 = PCURVE('',#1522,#1527);
#1522 = PLANE('',#1523);
#1523 = AXIS2_PLACEMENT_3D('',#1524,#1525,#1526);
#1524 = CARTESIAN_POINT('',(20.2,-7.,7.));
#1525 = DIRECTION('',(1.,0.,0.));
#1526 = DIRECTION('',(0.,0.,1.));
#1527 = DEFINITIONAL_REPRESENTATION('',(#1528),#1532);
#1528 = LINE('',#1529,#1530);
#1529 = CARTESIAN_POINT('',(0.,0.));
#1530 = VECTOR('',#1531,1.);
#1531 = DIRECTION('',(1.,0.));
#1532 = ( GEOMETRIC_REPRESENTATION_CONTEXT(2) 
PARAMETRIC_REPRESENTATION_CONTEXT() REPRESENTATION_CONTEXT('2D SPACE',''
  ) );
#1533 = ORIENTED_EDGE('',*,*,#1534,.T.);
#1534 = EDGE_CURVE('',#1507,#1535,#1537,.T.);
#1535 = VERTEX_POINT('',#1536);
#1536 = CARTESIAN_POINT('',(21.,-7.,7.));
#1537 = SURFACE_CURVE('',#1538,(#1542,#1549),.PCURVE_S1.);
#1538 = LINE('',#1539,#1540);
#1539 = CARTESIAN_POINT('',(20.2,-7.,7.));
#1540 = VECTOR('',#1541,1.);
#1541 = DIRECTION('',(1.,0.,0.));
#1542 = PCURVE('',#44,#1543);
#1543 = DEFINITIONAL_REPRESENTATION('',(#1544),#1548);
#1544 = LINE('',#1545,#1546);
#1545 = CARTESIAN_POINT('',(7.,53.2));
#1546 = VECTOR('',#1547,1.);
#1547 = DIRECTION('',(0.,1.));
#1548 = ( GEOMETRIC_REPRESENTATION_CONTEXT(2) 
PARAMETRIC_REPRESENTATION_CONTEXT() REPRESENTATION_CONTEXT('2D SPACE',''
  ) );
#1549 = PCURVE('',#1550,#1555);
#1550 = PLANE('',#1551);
#1551 = AXIS2_PLACEMENT_3D('',#1552,#1553,#1554);
#1552 = CARTESIAN_POINT('',(20.2,-7.,7.));
#1553 = DIRECTION('',(0.,0.,1.));
#1554 = DIRECTION('',(1.,0.,0.));
#1555 = DEFINITIONAL_REPRESENTATION('',(#1556),#1560);
#1556 = LINE('',#1557,#1558);
#1557 = CARTESIAN_POINT('',(0.,0.));
#1558 = VECTOR('',#1559,1.);
#1559 = DIRECTION('',(1.,0.));
#1560 = ( GEOMETRIC_REPRESENTATION_CONTEXT(2) 
PARAMETRIC_REPRESENTATION_CONTEXT() REPRESENTATION_CONTEXT('2D SPACE',''
  ) );
#1561 = ORIENTED_EDGE('',*,*,#1562,.T.);
#1562 = EDGE_CURVE('',#1535,#1563,#1565,.T.);
#1563 = VERTEX_POINT('',#1564);
#1564 = CARTESIAN_POINT('',(21.,-7.,8.));
#1565 = SURFACE_CURVE('',#1566,(#1570,#1577),.PCURVE_S1.);
#1566 = LINE('',#1567,#1568);
#1567 = CARTESIAN_POINT('',(21.,-7.,7.));
#1568 = VECTOR('',#1569,1.);
#1569 = DIRECTION('',(0.,0.,1.));
#1570 = PCURVE('',#44,#1571);
#1571 = DEFINITIONAL_REPRESENTATION('',(#1572),#1576);
#1572 = LINE('',#1573,#1574);
#1573 = CARTESIAN_POINT('',(7.,54.));
#1574 = VECTOR('',#1575,1.);
#1575 = DIRECTION('',(1.,0.));
#1576 = ( GEOMETRIC_REPRESENTATION_CONTEXT(2) 
PARAMETRIC_REPRESENTATION_CONTEXT() REPRESENTATION_CONTEXT('2D SPACE',''
  ) );
#1577 = PCURVE('',#1578,#1583);
#1578 = PLANE('',#1579);
#1579 = AXIS2_PLACEMENT_3D('',#1580,#1581,#1582);
#1580 = CARTESIAN_POINT('',(21.,-7.,7.));
#1581 = DIRECTION('',(1.,0.,0.));
#1582 = DIRECTION('',(0.,0.,1.));
#1583 = DEFINITIONAL_REPRESENTATION('',(#1584),#1588);
#1584 = LINE('',#1585,#1586);
#1585 = CARTESIAN_POINT('',(0.,0.));
#1586 = VECTOR('',#1587,1.);
#1587 = DIRECTION('',(1.,0.));
#1588 = ( GEOMETRIC_REPRESENTATION_CONTEXT(2) 
PARAMETRIC_REPRESENTATION_CONTEXT() REPRESENTATION_CONTEXT('2D SPACE',''
  ) );
#1589 = ORIENTED_EDGE('',*,*,#1590,.T.);
#1590 = EDGE_CURVE('',#1563,#1591,#1593,.T.);
#1591 = VERTEX_POINT('',#1592);
#1592 = CARTESIAN_POINT('',(23.6,-7.,8.));
#1593 = SURFACE_CURVE('',#1594,(#1598,#1605),.PCURVE_S1.);
#1594 = LINE('',#1595,#1596);
#1595 = CARTESIAN_POINT('',(-33.,-7.,8.));
#1596 = VECTOR('',#1597,1.);
#1597 = DIRECTION('',(1.,0.,0.));
#1598 = PCURVE('',#44,#1599);
#1599 = DEFINITIONAL_REPRESENTATION('',(#1600),#1604);
#1600 = LINE('',#1601,#1602);
#1601 = CARTESIAN_POINT('',(8.,0.));
#1602 = VECTOR('',#1603,1.);
#1603 = DIRECTION('',(0.,1.));
#1604 = ( GEOMETRIC_REPRESENTATION_CONTEXT(2) 
PARAMETRIC_REPRESENTATION_CONTEXT() REPRESENTATION_CONTEXT('2D SPACE',''
  ) );
#1605 = PCURVE('',#126,#1606);
#1606 = DEFINITIONAL_REPRESENTATION('',(#1607),#1611);
#1607 = LINE('',#1608,#1609);
#1608 = CARTESIAN_POINT('',(0.,0.));
#1609 = VECTOR('',#1610,1.);
#1610 = DIRECTION('',(1.,0.));
#1611 = ( GEOMETRIC_REPRESENTATION_CONTEXT(2) 
PARAMETRIC_REPRESENTATION_CONTEXT() REPRESENTATION_CONTEXT('2D SPACE',''
  ) );
#1612 = ORIENTED_EDGE('',*,*,#1613,.F.);
#1613 = EDGE_CURVE('',#1614,#1591,#1616,.T.);
#1614 = VERTEX_POINT('',#1615);
#1615 = CARTESIAN_POINT('',(23.6,-7.,7.));
#1616 = SURFACE_CURVE('',#1617,(#1621,#1628),.PCURVE_S1.);
#1617 = LINE('',#1618,#1619);
#1618 = CARTESIAN_POINT('',(23.6,-7.,7.));
#1619 = VECTOR('',#1620,1.);
#1620 = DIRECTION('',(0.,0.,1.));
#1621 = PCURVE('',#44,#1622);
#1622 = DEFINITIONAL_REPRESENTATION('',(#1623),#1627);
#1623 = LINE('',#1624,#1625);
#1624 = CARTESIAN_POINT('',(7.,56.6));
#1625 = VECTOR('',#1626,1.);
#1626 = DIRECTION('',(1.,0.));
#1627 = ( GEOMETRIC_REPRESENTATION_CONTEXT(2) 
PARAMETRIC_REPRESENTATION_CONTEXT() REPRESENTATION_CONTEXT('2D SPACE',''
  ) );
#1628 = PCURVE('',#1629,#1634);
#1629 = PLANE('',#1630);
#1630 = AXIS2_PLACEMENT_3D('',#1631,#1632,#1633);
#1631 = CARTESIAN_POINT('',(23.6,-7.,7.));
#1632 = DIRECTION('',(1.,0.,0.));
#1633 = DIRECTION('',(0.,0.,1.));
#1634 = DEFINITIONAL_REPRESENTATION('',(#1635),#1639);
#1635 = LINE('',#1636,#1637);
#1636 = CARTESIAN_POINT('',(0.,0.));
#1637 = VECTOR('',#1638,1.);
#1638 = DIRECTION('',(1.,0.));
#1639 = ( GEOMETRIC_REPRESENTATION_CONTEXT(2) 
PARAMETRIC_REPRESENTATION_CONTEXT() REPRESENTATION_CONTEXT('2D SPACE',''
  ) );
#1640 = ORIENTED_EDGE('',*,*,#1641,.T.);
#1641 = EDGE_CURVE('',#1614,#1642,#1644,.T.);
#1642 = VERTEX_POINT('',#1643);
#1643 = CARTESIAN_POINT('',(24.4,-7.,7.));
#1644 = SURFACE_CURVE('',#1645,(#1649,#1656),.PCURVE_S1.);
#1645 = LINE('',#1646,#1647);
#1646 = CARTESIAN_POINT('',(23.6,-7.,7.));
#1647 = VECTOR('',#1648,1.);
#1648 = DIRECTION('',(1.,0.,0.));
#1649 = PCURVE('',#44,#1650);
#1650 = DEFINITIONAL_REPRESENTATION('',(#1651),#1655);
#1651 = LINE('',#1652,#1653);
#1652 = CARTESIAN_POINT('',(7.,56.6));
#1653 = VECTOR('',#1654,1.);
#1654 = DIRECTION('',(0.,1.));
#1655 = ( GEOMETRIC_REPRESENTATION_CONTEXT(2) 
PARAMETRIC_REPRESENTATION_CONTEXT() REPRESENTATION_CONTEXT('2D SPACE',''
  ) );
#1656 = PCURVE('',#1657,#1662);
#1657 = PLANE('',#1658);
#1658 = AXIS2_PLACEMENT_3D('',#1659,#1660,#1661);
#1659 = CARTESIAN_POINT('',(23.6,-7.,7.));
#1660 = DIRECTION('',(0.,0.,1.));
#1661 = DIRECTION('',(1.,0.,0.));
#1662 = DEFINITIONAL_REPRESENTATION('',(#1663),#1667);
#1663 = LINE('',#1664,#1665);
#1664 = CARTESIAN_POINT('',(0.,0.));
#1665 = VECTOR('',#1666,1.);
#1666 = DIRECTION('',(1.,0.));
#1667 = ( GEOMETRIC_REPRESENTATION_CONTEXT(2) 
PARAMETRIC_REPRESENTATION_CONTEXT() REPRESENTATION_CONTEXT('2D SPACE',''
  ) );
#1668 = ORIENTED_EDGE('',*,*,#1669,.T.);
#1669 = EDGE_CURVE('',#1642,#1670,#1672,.T.);
#1670 = VERTEX_POINT('',#1671);
#1671 = CARTESIAN_POINT('',(24.4,-7.,8.));
#1672 = SURFACE_CURVE('',#1673,(#1677,#1684),.PCURVE_S1.);
#1673 = LINE('',#1674,#1675);
#1674 = CARTESIAN_POINT('',(24.4,-7.,7.));
#1675 = VECTOR('',#1676,1.);
#1676 = DIRECTION('',(0.,0.,1.));
#1677 = PCURVE('',#44,#1678);
#1678 = DEFINITIONAL_REPRESENTATION('',(#1679),#1683);
#1679 = LINE('',#1680,#1681);
#1680 = CARTESIAN_POINT('',(7.,57.4));
#1681 = VECTOR('',#1682,1.);
#1682 = DIRECTION('',(1.,0.));
#1683 = ( GEOMETRIC_REPRESENTATION_CONTEXT(2) 
PARAMETRIC_REPRESENTATION_CONTEXT() REPRESENTATION_CONTEXT('2D SPACE',''
  ) );
#1684 = PCURVE('',#1685,#1690);
#1685 = PLANE('',#1686);
#1686 = AXIS2_PLACEMENT_3D('',#1687,#1688,#1689);
#1687 = CARTESIAN_POINT('',(24.4,-7.,7.));
#1688 = DIRECTION('',(1.,0.,0.));
#1689 = DIRECTION('',(0.,0.,1.));
#1690 = DEFINITIONAL_REPRESENTATION('',(#1691),#1695);
#1691 = LINE('',#1692,#1693);
#1692 = CARTESIAN_POINT('',(0.,0.));
#1693 = VECTOR('',#1694,1.);
#1694 = DIRECTION('',(1.,0.));
#1695 = ( GEOMETRIC_REPRESENTATION_CONTEXT(2) 
PARAMETRIC_REPRESENTATION_CONTEXT() REPRESENTATION_CONTEXT('2D SPACE',''
  ) );
#1696 = ORIENTED_EDGE('',*,*,#1697,.T.);
#1697 = EDGE_CURVE('',#1670,#1698,#1700,.T.);
#1698 = VERTEX_POINT('',#1699);
#1699 = CARTESIAN_POINT('',(25.,-7.,8.));
#1700 = SURFACE_CURVE('',#1701,(#1705,#1712),.PCURVE_S1.);
#1701 = LINE('',#1702,#1703);
#1702 = CARTESIAN_POINT('',(-33.,-7.,8.));
#1703 = VECTOR('',#1704,1.);
#1704 = DIRECTION('',(1.,0.,0.));
#1705 = PCURVE('',#44,#1706);
#1706 = DEFINITIONAL_REPRESENTATION('',(#1707),#1711);
#1707 = LINE('',#1708,#1709);
#1708 = CARTESIAN_POINT('',(8.,0.));
#1709 = VECTOR('',#1710,1.);
#1710 = DIRECTION('',(0.,1.));
#1711 = ( GEOMETRIC_REPRESENTATION_CONTEXT(2) 
PARAMETRIC_REPRESENTATION_CONTEXT() REPRESENTATION_CONTEXT('2D SPACE',''
  ) );
#1712 = PCURVE('',#126,#1713);
#1713 = DEFINITIONAL_REPRESENTATION('',(#1714),#1718);
#1714 = LINE('',#1715,#1716);
#1715 = CARTESIAN_POINT('',(0.,0.));
#1716 = VECTOR('',#1717,1.);
#1717 = DIRECTION('',(1.,0.));
#1718 = ( GEOMETRIC_REPRESENTATION_CONTEXT(2) 
PARAMETRIC_REPRESENTATION_CONTEXT() REPRESENTATION_CONTEXT('2D SPACE',''
  ) );
#1719 = ORIENTED_EDGE('',*,*,#1720,.F.);
#1720 = EDGE_CURVE('',#1721,#1698,#1723,.T.);
#1721 = VERTEX_POINT('',#1722);
#1722 = CARTESIAN_POINT('',(25.,-7.,7.));
#1723 = SURFACE_CURVE('',#1724,(#1728,#1735),.PCURVE_S1.);
#1724 = LINE('',#1725,#1726);
#1725 = CARTESIAN_POINT('',(25.,-7.,7.));
#1726 = VECTOR('',#1727,1.);
#1727 = DIRECTION('',(0.,0.,1.));
#1728 = PCURVE('',#44,#1729);
#1729 = DEFINITIONAL_REPRESENTATION('',(#1730),#1734);
#1730 = LINE('',#1731,#1732);
#1731 = CARTESIAN_POINT('',(7.,58.));
#1732 = VECTOR('',#1733,1.);
#1733 = DIRECTION('',(1.,0.));
#1734 = ( GEOMETRIC_REPRESENTATION_CONTEXT(2) 
PARAMETRIC_REPRESENTATION_CONTEXT() REPRESENTATION_CONTEXT('2D SPACE',''
  ) );
#1735 = PCURVE('',#1736,#1741);
#1736 = PLANE('',#1737);
#1737 = AXIS2_PLACEMENT_3D('',#1738,#1739,#1740);
#1738 = CARTESIAN_POINT('',(25.,-7.,7.));
#1739 = DIRECTION('',(1.,0.,0.));
#1740 = DIRECTION('',(0.,0.,1.));
#1741 = DEFINITIONAL_REPRESENTATION('',(#1742),#1746);
#1742 = LINE('',#1743,#1744);
#1743 = CARTESIAN_POINT('',(0.,0.));
#1744 = VECTOR('',#1745,1.);
#1745 = DIRECTION('',(1.,0.));
#1746 = ( GEOMETRIC_REPRESENTATION_CONTEXT(2) 
PARAMETRIC_REPRESENTATION_CONTEXT() REPRESENTATION_CONTEXT('2D SPACE',''
  ) );
#1747 = ORIENTED_EDGE('',*,*,#1748,.T.);
#1748 = EDGE_CURVE('',#1721,#1749,#1751,.T.);
#1749 = VERTEX_POINT('',#1750);
#1750 = CARTESIAN_POINT('',(25.8,-7.,7.));
#1751 = SURFACE_CURVE('',#1752,(#1756,#1763),.PCURVE_S1.);
#1752 = LINE('',#1753,#1754);
#1753 = CARTESIAN_POINT('',(25.,-7.,7.));
#1754 = VECTOR('',#1755,1.);
#1755 = DIRECTION('',(1.,0.,0.));
#1756 = PCURVE('',#44,#1757);
#1757 = DEFINITIONAL_REPRESENTATION('',(#1758),#1762);
#1758 = LINE('',#1759,#1760);
#1759 = CARTESIAN_POINT('',(7.,58.));
#1760 = VECTOR('',#1761,1.);
#1761 = DIRECTION('',(0.,1.));
#1762 = ( GEOMETRIC_REPRESENTATION_CONTEXT(2) 
PARAMETRIC_REPRESENTATION_CONTEXT() REPRESENTATION_CONTEXT('2D SPACE',''
  ) );
#1763 = PCURVE('',#1764,#1769);
#1764 = PLANE('',#1765);
#1765 = AXIS2_PLACEMENT_3D('',#1766,#1767,#1768);
#1766 = CARTESIAN_POINT('',(25.,-7.,7.));
#1767 = DIRECTION('',(0.,0.,1.));
#1768 = DIRECTION('',(1.,0.,0.));
#1769 = DEFINITIONAL_REPRESENTATION('',(#1770),#1774);
#1770 = LINE('',#1771,#1772);
#1771 = CARTESIAN_POINT('',(0.,0.));
#1772 = VECTOR('',#1773,1.);
#1773 = DIRECTION('',(1.,0.));
#1774 = ( GEOMETRIC_REPRESENTATION_CONTEXT(2) 
PARAMETRIC_REPRESENTATION_CONTEXT() REPRESENTATION_CONTEXT('2D SPACE',''
  ) );
#1775 = ORIENTED_EDGE('',*,*,#1776,.T.);
#1776 = EDGE_CURVE('',#1749,#1777,#1779,.T.);
#1777 = VERTEX_POINT('',#1778);
#1778 = CARTESIAN_POINT('',(25.8,-7.,8.));
#1779 = SURFACE_CURVE('',#1780,(#1784,#1791),.PCURVE_S1.);
#1780 = LINE('',#1781,#1782);
#1781 = CARTESIAN_POINT('',(25.8,-7.,7.));
#1782 = VECTOR('',#1783,1.);
#1783 = DIRECTION('',(0.,0.,1.));
#1784 = PCURVE('',#44,#1785);
#1785 = DEFINITIONAL_REPRESENTATION('',(#1786),#1790);
#1786 = LINE('',#1787,#1788);
#1787 = CARTESIAN_POINT('',(7.,58.8));
#1788 = VECTOR('',#1789,1.);
#1789 = DIRECTION('',(1.,0.));
#1790 = ( GEOMETRIC_REPRESENTATION_CONTEXT(2) 
PARAMETRIC_REPRESENTATION_CONTEXT() REPRESENTATION_CONTEXT('2D SPACE',''
  ) );
#1791 = PCURVE('',#1792,#1797);
#1792 = PLANE('',#1793);
#1793 = AXIS2_PLACEMENT_3D('',#1794,#1795,#1796);
#1794 = CARTESIAN_POINT('',(25.8,-7.,7.));
#1795 = DIRECTION('',(1.,0.,0.));
#1796 = DIRECTION('',(0.,0.,1.));
#1797 = DEFINITIONAL_REPRESENTATION('',(#1798),#1802);
#1798 = LINE('',#1799,#1800);
#1799 = CARTESIAN_POINT('',(0.,0.));
#1800 = VECTOR('',#1801,1.);
#1801 = DIRECTION('',(1.,0.));
#1802 = ( GEOMETRIC_REPRESENTATION_CONTEXT(2) 
PARAMETRIC_REPRESENTATION_CONTEXT() REPRESENTATION_CONTEXT('2D SPACE',''
  ) );
#1803 = ORIENTED_EDGE('',*,*,#1804,.T.);
#1804 = EDGE_CURVE('',#1777,#1805,#1807,.T.);
#1805 = VERTEX_POINT('',#1806);
#1806 = CARTESIAN_POINT('',(26.4,-7.,8.));
#1807 = SURFACE_CURVE('',#1808,(#1812,#1819),.PCURVE_S1.);
#1808 = LINE('',#1809,#1810);
#1809 = CARTESIAN_POINT('',(-33.,-7.,8.));
#1810 = VECTOR('',#1811,1.);
#1811 = DIRECTION('',(1.,0.,0.));
#1812 = PCURVE('',#44,#1813);
#1813 = DEFINITIONAL_REPRESENTATION('',(#1814),#1818);
#1814 = LINE('',#1815,#1816);
#1815 = CARTESIAN_POINT('',(8.,0.));
#1816 = VECTOR('',#1817,1.);
#1817 = DIRECTION('',(0.,1.));
#1818 = ( GEOMETRIC_REPRESENTATION_CONTEXT(2) 
PARAMETRIC_REPRESENTATION_CONTEXT() REPRESENTATION_CONTEXT('2D SPACE',''
  ) );
#1819 = PCURVE('',#126,#1820);
#1820 = DEFINITIONAL_REPRESENTATION('',(#1821),#1825);
#1821 = LINE('',#1822,#1823);
#1822 = CARTESIAN_POINT('',(0.,0.));
#1823 = VECTOR('',#1824,1.);
#1824 = DIRECTION('',(1.,0.));
#1825 = ( GEOMETRIC_REPRESENTATION_CONTEXT(2) 
PARAMETRIC_REPRESENTATION_CONTEXT() REPRESENTATION_CONTEXT('2D SPACE',''
  ) );
#1826 = ORIENTED_EDGE('',*,*,#1827,.F.);
#1827 = EDGE_CURVE('',#1828,#1805,#1830,.T.);
#1828 = VERTEX_POINT('',#1829);
#1829 = CARTESIAN_POINT('',(26.4,-7.,7.));
#1830 = SURFACE_CURVE('',#1831,(#1835,#1842),.PCURVE_S1.);
#1831 = LINE('',#1832,#1833);
#1832 = CARTESIAN_POINT('',(26.4,-7.,7.));
#1833 = VECTOR('',#1834,1.);
#1834 = DIRECTION('',(0.,0.,1.));
#1835 = PCURVE('',#44,#1836);
#1836 = DEFINITIONAL_REPRESENTATION('',(#1837),#1841);
#1837 = LINE('',#1838,#1839);
#1838 = CARTESIAN_POINT('',(7.,59.4));
#1839 = VECTOR('',#1840,1.);
#1840 = DIRECTION('',(1.,0.));
#1841 = ( GEOMETRIC_REPRESENTATION_CONTEXT(2) 
PARAMETRIC_REPRESENTATION_CONTEXT() REPRESENTATION_CONTEXT('2D SPACE',''
  ) );
#1842 = PCURVE('',#1843,#1848);
#1843 = PLANE('',#1844);
#1844 = AXIS2_PLACEMENT_3D('',#1845,#1846,#1847);
#1845 = CARTESIAN_POINT('',(26.4,-7.,7.));
#1846 = DIRECTION('',(1.,0.,0.));
#1847 = DIRECTION('',(0.,0.,1.));
#1848 = DEFINITIONAL_REPRESENTATION('',(#1849),#1853);
#1849 = LINE('',#1850,#1851);
#1850 = CARTESIAN_POINT('',(0.,0.));
#1851 = VECTOR('',#1852,1.);
#1852 = DIRECTION('',(1.,0.));
#1853 = ( GEOMETRIC_REPRESENTATION_CONTEXT(2) 
PARAMETRIC_REPRESENTATION_CONTEXT() REPRESENTATION_CONTEXT('2D SPACE',''
  ) );
#1854 = ORIENTED_EDGE('',*,*,#1855,.T.);
#1855 = EDGE_CURVE('',#1828,#1856,#1858,.T.);
#1856 = VERTEX_POINT('',#1857);
#1857 = CARTESIAN_POINT('',(27.2,-7.,7.));
#1858 = SURFACE_CURVE('',#1859,(#1863,#1870),.PCURVE_S1.);
#1859 = LINE('',#1860,#1861);
#1860 = CARTESIAN_POINT('',(26.4,-7.,7.));
#1861 = VECTOR('',#1862,1.);
#1862 = DIRECTION('',(1.,0.,0.));
#1863 = PCURVE('',#44,#1864);
#1864 = DEFINITIONAL_REPRESENTATION('',(#1865),#1869);
#1865 = LINE('',#1866,#1867);
#1866 = CARTESIAN_POINT('',(7.,59.4));
#1867 = VECTOR('',#1868,1.);
#1868 = DIRECTION('',(0.,1.));
#1869 = ( GEOMETRIC_REPRESENTATION_CONTEXT(2) 
PARAMETRIC_REPRESENTATION_CONTEXT() REPRESENTATION_CONTEXT('2D SPACE',''
  ) );
#1870 = PCURVE('',#1871,#1876);
#1871 = PLANE('',#1872);
#1872 = AXIS2_PLACEMENT_3D('',#1873,#1874,#1875);
#1873 = CARTESIAN_POINT('',(26.4,-7.,7.));
#1874 = DIRECTION('',(0.,0.,1.));
#1875 = DIRECTION('',(1.,0.,0.));
#1876 = DEFINITIONAL_REPRESENTATION('',(#1877),#1881);
#1877 = LINE('',#1878,#1879);
#1878 = CARTESIAN_POINT('',(0.,0.));
#1879 = VECTOR('',#1880,1.);
#1880 = DIRECTION('',(1.,0.));
#1881 = ( GEOMETRIC_REPRESENTATION_CONTEXT(2) 
PARAMETRIC_REPRESENTATION_CONTEXT() REPRESENTATION_CONTEXT('2D SPACE',''
  ) );
#1882 = ORIENTED_EDGE('',*,*,#1883,.T.);
#1883 = EDGE_CURVE('',#1856,#1884,#1886,.T.);
#1884 = VERTEX_POINT('',#1885);
#1885 = CARTESIAN_POINT('',(27.2,-7.,8.));
#1886 = SURFACE_CURVE('',#1887,(#1891,#1898),.PCURVE_S1.);
#1887 = LINE('',#1888,#1889);
#1888 = CARTESIAN_POINT('',(27.2,-7.,7.));
#1889 = VECTOR('',#1890,1.);
#1890 = DIRECTION('',(0.,0.,1.));
#1891 = PCURVE('',#44,#1892);
#1892 = DEFINITIONAL_REPRESENTATION('',(#1893),#1897);
#1893 = LINE('',#1894,#1895);
#1894 = CARTESIAN_POINT('',(7.,60.2));
#1895 = VECTOR('',#1896,1.);
#1896 = DIRECTION('',(1.,0.));
#1897 = ( GEOMETRIC_REPRESENTATION_CONTEXT(2) 
PARAMETRIC_REPRESENTATION_CONTEXT() REPRESENTATION_CONTEXT('2D SPACE',''
  ) );
#1898 = PCURVE('',#1899,#1904);
#1899 = PLANE('',#1900);
#1900 = AXIS2_PLACEMENT_3D('',#1901,#1902,#1903);
#1901 = CARTESIAN_POINT('',(27.2,-7.,7.));
#1902 = DIRECTION('',(1.,0.,0.));
#1903 = DIRECTION('',(0.,0.,1.));
#1904 = DEFINITIONAL_REPRESENTATION('',(#1905),#1909);
#1905 = LINE('',#1906,#1907);
#1906 = CARTESIAN_POINT('',(0.,0.));
#1907 = VECTOR('',#1908,1.);
#1908 = DIRECTION('',(1.,0.));
#1909 = ( GEOMETRIC_REPRESENTATION_CONTEXT(2) 
PARAMETRIC_REPRESENTATION_CONTEXT() REPRESENTATION_CONTEXT('2D SPACE',''
  ) );
#1910 = ORIENTED_EDGE('',*,*,#1911,.T.);
#1911 = EDGE_CURVE('',#1884,#1912,#1914,.T.);
#1912 = VERTEX_POINT('',#1913);
#1913 = CARTESIAN_POINT('',(27.8,-7.,8.));
#1914 = SURFACE_CURVE('',#1915,(#1919,#1926),.PCURVE_S1.);
#1915 = LINE('',#1916,#1917);
#1916 = CARTESIAN_POINT('',(-33.,-7.,8.));
#1917 = VECTOR('',#1918,1.);
#1918 = DIRECTION('',(1.,0.,0.));
#1919 = PCURVE('',#44,#1920);
#1920 = DEFINITIONAL_REPRESENTATION('',(#1921),#1925);
#1921 = LINE('',#1922,#1923);
#1922 = CARTESIAN_POINT('',(8.,0.));
#1923 = VECTOR('',#1924,1.);
#1924 = DIRECTION('',(0.,1.));
#1925 = ( GEOMETRIC_REPRESENTATION_CONTEXT(2) 
PARAMETRIC_REPRESENTATION_CONTEXT() REPRESENTATION_CONTEXT('2D SPACE',''
  ) );
#1926 = PCURVE('',#126,#1927);
#1927 = DEFINITIONAL_REPRESENTATION('',(#1928),#1932);
#1928 = LINE('',#1929,#1930);
#1929 = CARTESIAN_POINT('',(0.,0.));
#1930 = VECTOR('',#1931,1.);
#1931 = DIRECTION('',(1.,0.));
#1932 = ( GEOMETRIC_REPRESENTATION_CONTEXT(2) 
PARAMETRIC_REPRESENTATION_CONTEXT() REPRESENTATION_CONTEXT('2D SPACE',''
  ) );
#1933 = ORIENTED_EDGE('',*,*,#1934,.F.);
#1934 = EDGE_CURVE('',#1935,#1912,#1937,.T.);
#1935 = VERTEX_POINT('',#1936);
#1936 = CARTESIAN_POINT('',(27.8,-7.,7.));
#1937 = SURFACE_CURVE('',#1938,(#1942,#1949),.PCURVE_S1.);
#1938 = LINE('',#1939,#1940);
#1939 = CARTESIAN_POINT('',(27.8,-7.,7.));
#1940 = VECTOR('',#1941,1.);
#1941 = DIRECTION('',(0.,0.,1.));
#1942 = PCURVE('',#44,#1943);
#1943 = DEFINITIONAL_REPRESENTATION('',(#1944),#1948);
#1944 = LINE('',#1945,#1946);
#1945 = CARTESIAN_POINT('',(7.,60.8));
#1946 = VECTOR('',#1947,1.);
#1947 = DIRECTION('',(1.,0.));
#1948 = ( GEOMETRIC_REPRESENTATION_CONTEXT(2) 
PARAMETRIC_REPRESENTATION_CONTEXT() REPRESENTATION_CONTEXT('2D SPACE',''
  ) );
#1949 = PCURVE('',#1950,#1955);
#1950 = PLANE('',#1951);
#1951 = AXIS2_PLACEMENT_3D('',#1952,#1953,#1954);
#1952 = CARTESIAN_POINT('',(27.8,-7.,7.));
#1953 = DIRECTION('',(1.,0.,0.));
#1954 = DIRECTION('',(0.,0.,1.));
#1955 = DEFINITIONAL_REPRESENTATION('',(#1956),#1960);
#1956 = LINE('',#1957,#1958);
#1957 = CARTESIAN_POINT('',(0.,0.));
#1958 = VECTOR('',#1959,1.);
#1959 = DIRECTION('',(1.,0.));
#1960 = ( GEOMETRIC_REPRESENTATION_CONTEXT(2) 
PARAMETRIC_REPRESENTATION_CONTEXT() REPRESENTATION_CONTEXT('2D SPACE',''
  ) );
#1961 = ORIENTED_EDGE('',*,*,#1962,.T.);
#1962 = EDGE_CURVE('',#1935,#1963,#1965,.T.);
#1963 = VERTEX_POINT('',#1964);
#1964 = CARTESIAN_POINT('',(28.6,-7.,7.));
#1965 = SURFACE_CURVE('',#1966,(#1970,#1977),.PCURVE_S1.);
#1966 = LINE('',#1967,#1968);
#1967 = CARTESIAN_POINT('',(27.8,-7.,7.));
#1968 = VECTOR('',#1969,1.);
#1969 = DIRECTION('',(1.,0.,0.));
#1970 = PCURVE('',#44,#1971);
#1971 = DEFINITIONAL_REPRESENTATION('',(#1972),#1976);
#1972 = LINE('',#1973,#1974);
#1973 = CARTESIAN_POINT('',(7.,60.8));
#1974 = VECTOR('',#1975,1.);
#1975 = DIRECTION('',(0.,1.));
#1976 = ( GEOMETRIC_REPRESENTATION_CONTEXT(2) 
PARAMETRIC_REPRESENTATION_CONTEXT() REPRESENTATION_CONTEXT('2D SPACE',''
  ) );
#1977 = PCURVE('',#1978,#1983);
#1978 = PLANE('',#1979);
#1979 = AXIS2_PLACEMENT_3D('',#1980,#1981,#1982);
#1980 = CARTESIAN_POINT('',(27.8,-7.,7.));
#1981 = DIRECTION('',(0.,0.,1.));
#1982 = DIRECTION('',(1.,0.,0.));
#1983 = DEFINITIONAL_REPRESENTATION('',(#1984),#1988);
#1984 = LINE('',#1985,#1986);
#1985 = CARTESIAN_POINT('',(0.,0.));
#1986 = VECTOR('',#1987,1.);
#1987 = DIRECTION('',(1.,0.));
#1988 = ( GEOMETRIC_REPRESENTATION_CONTEXT(2) 
PARAMETRIC_REPRESENTATION_CONTEXT() REPRESENTATION_CONTEXT('2D SPACE',''
  ) );
#1989 = ORIENTED_EDGE('',*,*,#1990,.T.);
#1990 = EDGE_CURVE('',#1963,#1991,#1993,.T.);
#1991 = VERTEX_POINT('',#1992);
#1992 = CARTESIAN_POINT('',(28.6,-7.,8.));
#1993 = SURFACE_CURVE('',#1994,(#1998,#2005),.PCURVE_S1.);
#1994 = LINE('',#1995,#1996);
#1995 = CARTESIAN_POINT('',(28.6,-7.,7.));
#1996 = VECTOR('',#1997,1.);
#1997 = DIRECTION('',(0.,0.,1.));
#1998 = PCURVE('',#44,#1999);
#1999 = DEFINITIONAL_REPRESENTATION('',(#2000),#2004);
#2000 = LINE('',#2001,#2002);
#2001 = CARTESIAN_POINT('',(7.,61.6));
#2002 = VECTOR('',#2003,1.);
#2003 = DIRECTION('',(1.,0.));
#2004 = ( GEOMETRIC_REPRESENTATION_CONTEXT(2) 
PARAMETRIC_REPRESENTATION_CONTEXT() REPRESENTATION_CONTEXT('2D SPACE',''
  ) );
#2005 = PCURVE('',#2006,#2011);
#2006 = PLANE('',#2007);
#2007 = AXIS2_PLACEMENT_3D('',#2008,#2009,#2010);
#2008 = CARTESIAN_POINT('',(28.6,-7.,7.));
#2009 = DIRECTION('',(1.,0.,0.));
#2010 = DIRECTION('',(0.,0.,1.));
#2011 = DEFINITIONAL_REPRESENTATION('',(#2012),#2016);
#2012 = LINE('',#2013,#2014);
#2013 = CARTESIAN_POINT('',(0.,0.));
#2014 = VECTOR('',#2015,1.);
#2015 = DIRECTION('',(1.,0.));
#2016 = ( GEOMETRIC_REPRESENTATION_CONTEXT(2) 
PARAMETRIC_REPRESENTATION_CONTEXT() REPRESENTATION_CONTEXT('2D SPACE',''
  ) );
#2017 = ORIENTED_EDGE('',*,*,#2018,.T.);
#2018 = EDGE_CURVE('',#1991,#2019,#2021,.T.);
#2019 = VERTEX_POINT('',#2020);
#2020 = CARTESIAN_POINT('',(29.2,-7.,8.));
#2021 = SURFACE_CURVE('',#2022,(#2026,#2033),.PCURVE_S1.);
#2022 = LINE('',#2023,#2024);
#2023 = CARTESIAN_POINT('',(-33.,-7.,8.));
#2024 = VECTOR('',#2025,1.);
#2025 = DIRECTION('',(1.,0.,0.));
#2026 = PCURVE('',#44,#2027);
#2027 = DEFINITIONAL_REPRESENTATION('',(#2028),#2032);
#2028 = LINE('',#2029,#2030);
#2029 = CARTESIAN_POINT('',(8.,0.));
#2030 = VECTOR('',#2031,1.);
#2031 = DIRECTION('',(0.,1.));
#2032 = ( GEOMETRIC_REPRESENTATION_CONTEXT(2) 
PARAMETRIC_REPRESENTATION_CONTEXT() REPRESENTATION_CONTEXT('2D SPACE',''
  ) );
#2033 = PCURVE('',#126,#2034);
#2034 = DEFINITIONAL_REPRESENTATION('',(#2035),#2039);
#2035 = LINE('',#2036,#2037);
#2036 = CARTESIAN_POINT('',(0.,0.));
#2037 = VECTOR('',#2038,1.);
#2038 = DIRECTION('',(1.,0.));
#2039 = ( GEOMETRIC_REPRESENTATION_CONTEXT(2) 
PARAMETRIC_REPRESENTATION_CONTEXT() REPRESENTATION_CONTEXT('2D SPACE',''
  ) );
#2040 = ORIENTED_EDGE('',*,*,#2041,.F.);
#2041 = EDGE_CURVE('',#2042,#2019,#2044,.T.);
#2042 = VERTEX_POINT('',#2043);
#2043 = CARTESIAN_POINT('',(29.2,-7.,7.));
#2044 = SURFACE_CURVE('',#2045,(#2049,#2056),.PCURVE_S1.);
#2045 = LINE('',#2046,#2047);
#2046 = CARTESIAN_POINT('',(29.2,-7.,7.));
#2047 = VECTOR('',#2048,1.);
#2048 = DIRECTION('',(0.,0.,1.));
#2049 = PCURVE('',#44,#2050);
#2050 = DEFINITIONAL_REPRESENTATION('',(#2051),#2055);
#2051 = LINE('',#2052,#2053);
#2052 = CARTESIAN_POINT('',(7.,62.2));
#2053 = VECTOR('',#2054,1.);
#2054 = DIRECTION('',(1.,0.));
#2055 = ( GEOMETRIC_REPRESENTATION_CONTEXT(2) 
PARAMETRIC_REPRESENTATION_CONTEXT() REPRESENTATION_CONTEXT('2D SPACE',''
  ) );
#2056 = PCURVE('',#2057,#2062);
#2057 = PLANE('',#2058);
#2058 = AXIS2_PLACEMENT_3D('',#2059,#2060,#2061);
#2059 = CARTESIAN_POINT('',(29.2,-7.,7.));
#2060 = DIRECTION('',(1.,0.,0.));
#2061 = DIRECTION('',(0.,0.,1.));
#2062 = DEFINITIONAL_REPRESENTATION('',(#2063),#2067);
#2063 = LINE('',#2064,#2065);
#2064 = CARTESIAN_POINT('',(0.,0.));
#2065 = VECTOR('',#2066,1.);
#2066 = DIRECTION('',(1.,0.));
#2067 = ( GEOMETRIC_REPRESENTATION_CONTEXT(2) 
PARAMETRIC_REPRESENTATION_CONTEXT() REPRESENTATION_CONTEXT('2D SPACE',''
  ) );
#2068 = ORIENTED_EDGE('',*,*,#2069,.T.);
#2069 = EDGE_CURVE('',#2042,#2070,#2072,.T.);
#2070 = VERTEX_POINT('',#2071);
#2071 = CARTESIAN_POINT('',(30.,-7.,7.));
#2072 = SURFACE_CURVE('',#2073,(#2077,#2084),.PCURVE_S1.);
#2073 = LINE('',#2074,#2075);
#2074 = CARTESIAN_POINT('',(29.2,-7.,7.));
#2075 = VECTOR('',#2076,1.);
#2076 = DIRECTION('',(1.,0.,0.));
#2077 = PCURVE('',#44,#2078);
#2078 = DEFINITIONAL_REPRESENTATION('',(#2079),#2083);
#2079 = LINE('',#2080,#2081);
#2080 = CARTESIAN_POINT('',(7.,62.2));
#2081 = VECTOR('',#2082,1.);
#2082 = DIRECTION('',(0.,1.));
#2083 = ( GEOMETRIC_REPRESENTATION_CONTEXT(2) 
PARAMETRIC_REPRESENTATION_CONTEXT() REPRESENTATION_CONTEXT('2D SPACE',''
  ) );
#2084 = PCURVE('',#2085,#2090);
#2085 = PLANE('',#2086);
#2086 = AXIS2_PLACEMENT_3D('',#2087,#2088,#2089);
#2087 = CARTESIAN_POINT('',(29.2,-7.,7.));
#2088 = DIRECTION('',(0.,0.,1.));
#2089 = DIRECTION('',(1.,0.,0.));
#2090 = DEFINITIONAL_REPRESENTATION('',(#2091),#2095);
#2091 = LINE('',#2092,#2093);
#2092 = CARTESIAN_POINT('',(0.,0.));
#2093 = VECTOR('',#2094,1.);
#2094 = DIRECTION('',(1.,0.));
#2095 = ( GEOMETRIC_REPRESENTATION_CONTEXT(2) 
PARAMETRIC_REPRESENTATION_CONTEXT() REPRESENTATION_CONTEXT('2D SPACE',''
  ) );
#2096 = ORIENTED_EDGE('',*,*,#2097,.T.);
#2097 = EDGE_CURVE('',#2070,#2098,#2100,.T.);
#2098 = VERTEX_POINT('',#2099);
#2099 = CARTESIAN_POINT('',(30.,-7.,8.));
#2100 = SURFACE_CURVE('',#2101,(#2105,#2112),.PCURVE_S1.);
#2101 = LINE('',#2102,#2103);
#2102 = CARTESIAN_POINT('',(30.,-7.,7.));
#2103 = VECTOR('',#2104,1.);
#2104 = DIRECTION('',(0.,0.,1.));
#2105 = PCURVE('',#44,#2106);
#2106 = DEFINITIONAL_REPRESENTATION('',(#2107),#2111);
#2107 = LINE('',#2108,#2109);
#2108 = CARTESIAN_POINT('',(7.,63.));
#2109 = VECTOR('',#2110,1.);
#2110 = DIRECTION('',(1.,0.));
#2111 = ( GEOMETRIC_REPRESENTATION_CONTEXT(2) 
PARAMETRIC_REPRESENTATION_CONTEXT() REPRESENTATION_CONTEXT('2D SPACE',''
  ) );
#2112 = PCURVE('',#2113,#2118);
#2113 = PLANE('',#2114);
#2114 = AXIS2_PLACEMENT_3D('',#2115,#2116,#2117);
#2115 = CARTESIAN_POINT('',(30.,-7.,7.));
#2116 = DIRECTION('',(1.,0.,0.));
#2117 = DIRECTION('',(0.,0.,1.));
#2118 = DEFINITIONAL_REPRESENTATION('',(#2119),#2123);
#2119 = LINE('',#2120,#2121);
#2120 = CARTESIAN_POINT('',(0.,0.));
#2121 = VECTOR('',#2122,1.);
#2122 = DIRECTION('',(1.,0.));
#2123 = ( GEOMETRIC_REPRESENTATION_CONTEXT(2) 
PARAMETRIC_REPRESENTATION_CONTEXT() REPRESENTATION_CONTEXT('2D SPACE',''
  ) );
#2124 = ORIENTED_EDGE('',*,*,#2125,.T.);
#2125 = EDGE_CURVE('',#2098,#2126,#2128,.T.);
#2126 = VERTEX_POINT('',#2127);
#2127 = CARTESIAN_POINT('',(30.6,-7.,8.));
#2128 = SURFACE_CURVE('',#2129,(#2133,#2140),.PCURVE_S1.);
#2129 = LINE('',#2130,#2131);
#2130 = CARTESIAN_POINT('',(-33.,-7.,8.));
#2131 = VECTOR('',#2132,1.);
#2132 = DIRECTION('',(1.,0.,0.));
#2133 = PCURVE('',#44,#2134);
#2134 = DEFINITIONAL_REPRESENTATION('',(#2135),#2139);
#2135 = LINE('',#2136,#2137);
#2136 = CARTESIAN_POINT('',(8.,0.));
#2137 = VECTOR('',#2138,1.);
#2138 = DIRECTION('',(0.,1.));
#2139 = ( GEOMETRIC_REPRESENTATION_CONTEXT(2) 
PARAMETRIC_REPRESENTATION_CONTEXT() REPRESENTATION_CONTEXT('2D SPACE',''
  ) );
#2140 = PCURVE('',#126,#2141);
#2141 = DEFINITIONAL_REPRESENTATION('',(#2142),#2146);
#2142 = LINE('',#2143,#2144);
#2143 = CARTESIAN_POINT('',(0.,0.));
#2144 = VECTOR('',#2145,1.);
#2145 = DIRECTION('',(1.,0.));
#2146 = ( GEOMETRIC_REPRESENTATION_CONTEXT(2) 
PARAMETRIC_REPRESENTATION_CONTEXT() REPRESENTATION_CONTEXT('2D SPACE',''
  ) );
#2147 = ORIENTED_EDGE('',*,*,#2148,.F.);
#2148 = EDGE_CURVE('',#2149,#2126,#2151,.T.);
#2149 = VERTEX_POINT('',#2150);
#2150 = CARTESIAN_POINT('',(30.6,-7.,7.));
#2151 = SURFACE_CURVE('',#2152,(#2156,#2163),.PCURVE_S1.);
#2152 = LINE('',#2153,#2154);
#2153 = CARTESIAN_POINT('',(30.6,-7.,7.));
#2154 = VECTOR('',#2155,1.);
#2155 = DIRECTION('',(0.,0.,1.));
#2156 = PCURVE('',#44,#2157);
#2157 = DEFINITIONAL_REPRESENTATION('',(#2158),#2162);
#2158 = LINE('',#2159,#2160);
#2159 = CARTESIAN_POINT('',(7.,63.6));
#2160 = VECTOR('',#2161,1.);
#2161 = DIRECTION('',(1.,0.));
#2162 = ( GEOMETRIC_REPRESENTATION_CONTEXT(2) 
PARAMETRIC_REPRESENTATION_CONTEXT() REPRESENTATION_CONTEXT('2D SPACE',''
  ) );
#2163 = PCURVE('',#2164,#2169);
#2164 = PLANE('',#2165);
#2165 = AXIS2_PLACEMENT_3D('',#2166,#2167,#2168);
#2166 = CARTESIAN_POINT('',(30.6,-7.,7.));
#2167 = DIRECTION('',(1.,0.,0.));
#2168 = DIRECTION('',(0.,0.,1.));
#2169 = DEFINITIONAL_REPRESENTATION('',(#2170),#2174);
#2170 = LINE('',#2171,#2172);
#2171 = CARTESIAN_POINT('',(0.,0.));
#2172 = VECTOR('',#2173,1.);
#2173 = DIRECTION('',(1.,0.));
#2174 = ( GEOMETRIC_REPRESENTATION_CONTEXT(2) 
PARAMETRIC_REPRESENTATION_CONTEXT() REPRESENTATION_CONTEXT('2D SPACE',''
  ) );
#2175 = ORIENTED_EDGE('',*,*,#2176,.T.);
#2176 = EDGE_CURVE('',#2149,#2177,#2179,.T.);
#2177 = VERTEX_POINT('',#2178);
#2178 = CARTESIAN_POINT('',(31.4,-7.,7.));
#2179 = SURFACE_CURVE('',#2180,(#2184,#2191),.PCURVE_S1.);
#2180 = LINE('',#2181,#2182);
#2181 = CARTESIAN_POINT('',(30.6,-7.,7.));
#2182 = VECTOR('',#2183,1.);
#2183 = DIRECTION('',(1.,0.,0.));
#2184 = PCURVE('',#44,#2185);
#2185 = DEFINITIONAL_REPRESENTATION('',(#2186),#2190);
#2186 = LINE('',#2187,#2188);
#2187 = CARTESIAN_POINT('',(7.,63.6));
#2188 = VECTOR('',#2189,1.);
#2189 = DIRECTION('',(0.,1.));
#2190 = ( GEOMETRIC_REPRESENTATION_CONTEXT(2) 
PARAMETRIC_REPRESENTATION_CONTEXT() REPRESENTATION_CONTEXT('2D SPACE',''
  ) );
#2191 = PCURVE('',#2192,#2197);
#2192 = PLANE('',#2193);
#2193 = AXIS2_PLACEMENT_3D('',#2194,#2195,#2196);
#2194 = CARTESIAN_POINT('',(30.6,-7.,7.));
#2195 = DIRECTION('',(0.,0.,1.));
#2196 = DIRECTION('',(1.,0.,0.));
#2197 = DEFINITIONAL_REPRESENTATION('',(#2198),#2202);
#2198 = LINE('',#2199,#2200);
#2199 = CARTESIAN_POINT('',(0.,0.));
#2200 = VECTOR('',#2201,1.);
#2201 = DIRECTION('',(1.,0.));
#2202 = ( GEOMETRIC_REPRESENTATION_CONTEXT(2) 
PARAMETRIC_REPRESENTATION_CONTEXT() REPRESENTATION_CONTEXT('2D SPACE',''
  ) );
#2203 = ORIENTED_EDGE('',*,*,#2204,.T.);
#2204 = EDGE_CURVE('',#2177,#2205,#2207,.T.);
#2205 = VERTEX_POINT('',#2206);
#2206 = CARTESIAN_POINT('',(31.4,-7.,8.));
#2207 = SURFACE_CURVE('',#2208,(#2212,#2219),.PCURVE_S1.);
#2208 = LINE('',#2209,#2210);
#2209 = CARTESIAN_POINT('',(31.4,-7.,7.));
#2210 = VECTOR('',#2211,1.);
#2211 = DIRECTION('',(0.,0.,1.));
#2212 = PCURVE('',#44,#2213);
#2213 = DEFINITIONAL_REPRESENTATION('',(#2214),#2218);
#2214 = LINE('',#2215,#2216);
#2215 = CARTESIAN_POINT('',(7.,64.4));
#2216 = VECTOR('',#2217,1.);
#2217 = DIRECTION('',(1.,0.));
#2218 = ( GEOMETRIC_REPRESENTATION_CONTEXT(2) 
PARAMETRIC_REPRESENTATION_CONTEXT() REPRESENTATION_CONTEXT('2D SPACE',''
  ) );
#2219 = PCURVE('',#2220,#2225);
#2220 = PLANE('',#2221);
#2221 = AXIS2_PLACEMENT_3D('',#2222,#2223,#2224);
#2222 = CARTESIAN_POINT('',(31.4,-7.,7.));
#2223 = DIRECTION('',(1.,0.,0.));
#2224 = DIRECTION('',(0.,0.,1.));
#2225 = DEFINITIONAL_REPRESENTATION('',(#2226),#2230);
#2226 = LINE('',#2227,#2228);
#2227 = CARTESIAN_POINT('',(0.,0.));
#2228 = VECTOR('',#2229,1.);
#2229 = DIRECTION('',(1.,0.));
#2230 = ( GEOMETRIC_REPRESENTATION_CONTEXT(2) 
PARAMETRIC_REPRESENTATION_CONTEXT() REPRESENTATION_CONTEXT('2D SPACE',''
  ) );
#2231 = ORIENTED_EDGE('',*,*,#2232,.T.);
#2232 = EDGE_CURVE('',#2205,#2233,#2235,.T.);
#2233 = VERTEX_POINT('',#2234);
#2234 = CARTESIAN_POINT('',(33.,-7.,8.));
#2235 = SURFACE_CURVE('',#2236,(#2240,#2247),.PCURVE_S1.);
#2236 = LINE('',#2237,#2238);
#2237 = CARTESIAN_POINT('',(-33.,-7.,8.));
#2238 = VECTOR('',#2239,1.);
#2239 = DIRECTION('',(1.,0.,0.));
#2240 = PCURVE('',#44,#2241);
#2241 = DEFINITIONAL_REPRESENTATION('',(#2242),#2246);
#2242 = LINE('',#2243,#2244);
#2243 = CARTESIAN_POINT('',(8.,0.));
#2244 = VECTOR('',#2245,1.);
#2245 = DIRECTION('',(0.,1.));
#2246 = ( GEOMETRIC_REPRESENTATION_CONTEXT(2) 
PARAMETRIC_REPRESENTATION_CONTEXT() REPRESENTATION_CONTEXT('2D SPACE',''
  ) );
#2247 = PCURVE('',#126,#2248);
#2248 = DEFINITIONAL_REPRESENTATION('',(#2249),#2253);
#2249 = LINE('',#2250,#2251);
#2250 = CARTESIAN_POINT('',(0.,0.));
#2251 = VECTOR('',#2252,1.);
#2252 = DIRECTION('',(1.,0.));
#2253 = ( GEOMETRIC_REPRESENTATION_CONTEXT(2) 
PARAMETRIC_REPRESENTATION_CONTEXT() REPRESENTATION_CONTEXT('2D SPACE',''
  ) );
#2254 = ORIENTED_EDGE('',*,*,#2255,.F.);
#2255 = EDGE_CURVE('',#2256,#2233,#2258,.T.);
#2256 = VERTEX_POINT('',#2257);
#2257 = CARTESIAN_POINT('',(33.,-7.,0.));
#2258 = SURFACE_CURVE('',#2259,(#2263,#2270),.PCURVE_S1.);
#2259 = LINE('',#2260,#2261);
#2260 = CARTESIAN_POINT('',(33.,-7.,0.));
#2261 = VECTOR('',#2262,1.);
#2262 = DIRECTION('',(0.,0.,1.));
#2263 = PCURVE('',#44,#2264);
#2264 = DEFINITIONAL_REPRESENTATION('',(#2265),#2269);
#2265 = LINE('',#2266,#2267);
#2266 = CARTESIAN_POINT('',(0.,66.));
#2267 = VECTOR('',#2268,1.);
#2268 = DIRECTION('',(1.,0.));
#2269 = ( GEOMETRIC_REPRESENTATION_CONTEXT(2) 
PARAMETRIC_REPRESENTATION_CONTEXT() REPRESENTATION_CONTEXT('2D SPACE',''
  ) );
#2270 = PCURVE('',#2271,#2276);
#2271 = PLANE('',#2272);
#2272 = AXIS2_PLACEMENT_3D('',#2273,#2274,#2275);
#2273 = CARTESIAN_POINT('',(33.,-7.,0.));
#2274 = DIRECTION('',(1.,0.,0.));
#2275 = DIRECTION('',(0.,0.,1.));
#2276 = DEFINITIONAL_REPRESENTATION('',(#2277),#2281);
#2277 = LINE('',#2278,#2279);
#2278 = CARTESIAN_POINT('',(0.,0.));
#2279 = VECTOR('',#2280,1.);
#2280 = DIRECTION('',(1.,0.));
#2281 = ( GEOMETRIC_REPRESENTATION_CONTEXT(2) 
PARAMETRIC_REPRESENTATION_CONTEXT() REPRESENTATION_CONTEXT('2D SPACE',''
  ) );
#2282 = ORIENTED_EDGE('',*,*,#2283,.F.);
#2283 = EDGE_CURVE('',#22,#2256,#2284,.T.);
#2284 = SURFACE_CURVE('',#2285,(#2289,#2296),.PCURVE_S1.);
#2285 = LINE('',#2286,#2287);
#2286 = CARTESIAN_POINT('',(-33.,-7.,0.));
#2287 = VECTOR('',#2288,1.);
#2288 = DIRECTION('',(1.,0.,0.));
#2289 = PCURVE('',#44,#2290);
#2290 = DEFINITIONAL_REPRESENTATION('',(#2291),#2295);
#2291 = LINE('',#2292,#2293);
#2292 = CARTESIAN_POINT('',(0.,0.));
#2293 = VECTOR('',#2294,1.);
#2294 = DIRECTION('',(0.,1.));
#2295 = ( GEOMETRIC_REPRESENTATION_CONTEXT(2) 
PARAMETRIC_REPRESENTATION_CONTEXT() REPRESENTATION_CONTEXT('2D SPACE',''
  ) );
#2296 = PCURVE('',#72,#2297);
#2297 = DEFINITIONAL_REPRESENTATION('',(#2298),#2302);
#2298 = LINE('',#2299,#2300);
#2299 = CARTESIAN_POINT('',(0.,0.));
#2300 = VECTOR('',#2301,1.);
#2301 = DIRECTION('',(1.,0.));
#2302 = ( GEOMETRIC_REPRESENTATION_CONTEXT(2) 
PARAMETRIC_REPRESENTATION_CONTEXT() REPRESENTATION_CONTEXT('2D SPACE',''
  ) );
#2303 = ORIENTED_EDGE('',*,*,#21,.T.);
#2304 = ORIENTED_EDGE('',*,*,#2305,.T.);
#2305 = EDGE_CURVE('',#24,#2306,#2308,.T.);
#2306 = VERTEX_POINT('',#2307);
#2307 = CARTESIAN_POINT('',(-21.4,-7.,8.));
#2308 = SURFACE_CURVE('',#2309,(#2313,#2320),.PCURVE_S1.);
#2309 = LINE('',#2310,#2311);
#2310 = CARTESIAN_POINT('',(-33.,-7.,8.));
#2311 = VECTOR('',#2312,1.);
#2312 = DIRECTION('',(1.,0.,0.));
#2313 = PCURVE('',#44,#2314);
#2314 = DEFINITIONAL_REPRESENTATION('',(#2315),#2319);
#2315 = LINE('',#2316,#2317);
#2316 = CARTESIAN_POINT('',(8.,0.));
#2317 = VECTOR('',#2318,1.);
#2318 = DIRECTION('',(0.,1.));
#2319 = ( GEOMETRIC_REPRESENTATION_CONTEXT(2) 
PARAMETRIC_REPRESENTATION_CONTEXT() REPRESENTATION_CONTEXT('2D SPACE',''
  ) );
#2320 = PCURVE('',#126,#2321);
#2321 = DEFINITIONAL_REPRESENTATION('',(#2322),#2326);
#2322 = LINE('',#2323,#2324);
#2323 = CARTESIAN_POINT('',(0.,0.));
#2324 = VECTOR('',#2325,1.);
#2325 = DIRECTION('',(1.,0.));
#2326 = ( GEOMETRIC_REPRESENTATION_CONTEXT(2) 
PARAMETRIC_REPRESENTATION_CONTEXT() REPRESENTATION_CONTEXT('2D SPACE',''
  ) );
#2327 = ORIENTED_EDGE('',*,*,#2328,.F.);
#2328 = EDGE_CURVE('',#2329,#2306,#2331,.T.);
#2329 = VERTEX_POINT('',#2330);
#2330 = CARTESIAN_POINT('',(-21.4,-7.,7.));
#2331 = SURFACE_CURVE('',#2332,(#2336,#2343),.PCURVE_S1.);
#2332 = LINE('',#2333,#2334);
#2333 = CARTESIAN_POINT('',(-21.4,-7.,7.));
#2334 = VECTOR('',#2335,1.);
#2335 = DIRECTION('',(0.,0.,1.));
#2336 = PCURVE('',#44,#2337);
#2337 = DEFINITIONAL_REPRESENTATION('',(#2338),#2342);
#2338 = LINE('',#2339,#2340);
#2339 = CARTESIAN_POINT('',(7.,11.6));
#2340 = VECTOR('',#2341,1.);
#2341 = DIRECTION('',(1.,0.));
#2342 = ( GEOMETRIC_REPRESENTATION_CONTEXT(2) 
PARAMETRIC_REPRESENTATION_CONTEXT() REPRESENTATION_CONTEXT('2D SPACE',''
  ) );
#2343 = PCURVE('',#2344,#2349);
#2344 = PLANE('',#2345);
#2345 = AXIS2_PLACEMENT_3D('',#2346,#2347,#2348);
#2346 = CARTESIAN_POINT('',(-21.4,-7.,7.));
#2347 = DIRECTION('',(1.,0.,0.));
#2348 = DIRECTION('',(0.,0.,1.));
#2349 = DEFINITIONAL_REPRESENTATION('',(#2350),#2354);
#2350 = LINE('',#2351,#2352);
#2351 = CARTESIAN_POINT('',(0.,0.));
#2352 = VECTOR('',#2353,1.);
#2353 = DIRECTION('',(1.,0.));
#2354 = ( GEOMETRIC_REPRESENTATION_CONTEXT(2) 
PARAMETRIC_REPRESENTATION_CONTEXT() REPRESENTATION_CONTEXT('2D SPACE',''
  ) );
#2355 = ORIENTED_EDGE('',*,*,#2356,.T.);
#2356 = EDGE_CURVE('',#2329,#2357,#2359,.T.);
#2357 = VERTEX_POINT('',#2358);
#2358 = CARTESIAN_POINT('',(-20.6,-7.,7.));
#2359 = SURFACE_CURVE('',#2360,(#2364,#2371),.PCURVE_S1.);
#2360 = LINE('',#2361,#2362);
#2361 = CARTESIAN_POINT('',(-21.4,-7.,7.));
#2362 = VECTOR('',#2363,1.);
#2363 = DIRECTION('',(1.,0.,0.));
#2364 = PCURVE('',#44,#2365);
#2365 = DEFINITIONAL_REPRESENTATION('',(#2366),#2370);
#2366 = LINE('',#2367,#2368);
#2367 = CARTESIAN_POINT('',(7.,11.6));
#2368 = VECTOR('',#2369,1.);
#2369 = DIRECTION('',(0.,1.));
#2370 = ( GEOMETRIC_REPRESENTATION_CONTEXT(2) 
PARAMETRIC_REPRESENTATION_CONTEXT() REPRESENTATION_CONTEXT('2D SPACE',''
  ) );
#2371 = PCURVE('',#2372,#2377);
#2372 = PLANE('',#2373);
#2373 = AXIS2_PLACEMENT_3D('',#2374,#2375,#2376);
#2374 = CARTESIAN_POINT('',(-21.4,-7.,7.));
#2375 = DIRECTION('',(0.,0.,1.));
#2376 = DIRECTION('',(1.,0.,0.));
#2377 = DEFINITIONAL_REPRESENTATION('',(#2378),#2382);
#2378 = LINE('',#2379,#2380);
#2379 = CARTESIAN_POINT('',(0.,0.));
#2380 = VECTOR('',#2381,1.);
#2381 = DIRECTION('',(1.,0.));
#2382 = ( GEOMETRIC_REPRESENTATION_CONTEXT(2) 
PARAMETRIC_REPRESENTATION_CONTEXT() REPRESENTATION_CONTEXT('2D SPACE',''
  ) );
#2383 = ORIENTED_EDGE('',*,*,#2384,.T.);
#2384 = EDGE_CURVE('',#2357,#2385,#2387,.T.);
#2385 = VERTEX_POINT('',#2386);
#2386 = CARTESIAN_POINT('',(-20.6,-7.,8.));
#2387 = SURFACE_CURVE('',#2388,(#2392,#2399),.PCURVE_S1.);
#2388 = LINE('',#2389,#2390);
#2389 = CARTESIAN_POINT('',(-20.6,-7.,7.));
#2390 = VECTOR('',#2391,1.);
#2391 = DIRECTION('',(0.,0.,1.));
#2392 = PCURVE('',#44,#2393);
#2393 = DEFINITIONAL_REPRESENTATION('',(#2394),#2398);
#2394 = LINE('',#2395,#2396);
#2395 = CARTESIAN_POINT('',(7.,12.4));
#2396 = VECTOR('',#2397,1.);
#2397 = DIRECTION('',(1.,0.));
#2398 = ( GEOMETRIC_REPRESENTATION_CONTEXT(2) 
PARAMETRIC_REPRESENTATION_CONTEXT() REPRESENTATION_CONTEXT('2D SPACE',''
  ) );
#2399 = PCURVE('',#2400,#2405);
#2400 = PLANE('',#2401);
#2401 = AXIS2_PLACEMENT_3D('',#2402,#2403,#2404);
#2402 = CARTESIAN_POINT('',(-20.6,-7.,7.));
#2403 = DIRECTION('',(1.,0.,0.));
#2404 = DIRECTION('',(0.,0.,1.));
#2405 = DEFINITIONAL_REPRESENTATION('',(#2406),#2410);
#2406 = LINE('',#2407,#2408);
#2407 = CARTESIAN_POINT('',(0.,0.));
#2408 = VECTOR('',#2409,1.);
#2409 = DIRECTION('',(1.,0.));
#2410 = ( GEOMETRIC_REPRESENTATION_CONTEXT(2) 
PARAMETRIC_REPRESENTATION_CONTEXT() REPRESENTATION_CONTEXT('2D SPACE',''
  ) );
#2411 = ORIENTED_EDGE('',*,*,#2412,.T.);
#2412 = EDGE_CURVE('',#2385,#2413,#2415,.T.);
#2413 = VERTEX_POINT('',#2414);
#2414 = CARTESIAN_POINT('',(-12.4,-7.,8.));
#2415 = SURFACE_CURVE('',#2416,(#2420,#2427),.PCURVE_S1.);
#2416 = LINE('',#2417,#2418);
#2417 = CARTESIAN_POINT('',(-33.,-7.,8.));
#2418 = VECTOR('',#2419,1.);
#2419 = DIRECTION('',(1.,0.,0.));
#2420 = PCURVE('',#44,#2421);
#2421 = DEFINITIONAL_REPRESENTATION('',(#2422),#2426);
#2422 = LINE('',#2423,#2424);
#2423 = CARTESIAN_POINT('',(8.,0.));
#2424 = VECTOR('',#2425,1.);
#2425 = DIRECTION('',(0.,1.));
#2426 = ( GEOMETRIC_REPRESENTATION_CONTEXT(2) 
PARAMETRIC_REPRESENTATION_CONTEXT() REPRESENTATION_CONTEXT('2D SPACE',''
  ) );
#2427 = PCURVE('',#126,#2428);
#2428 = DEFINITIONAL_REPRESENTATION('',(#2429),#2433);
#2429 = LINE('',#2430,#2431);
#2430 = CARTESIAN_POINT('',(0.,0.));
#2431 = VECTOR('',#2432,1.);
#2432 = DIRECTION('',(1.,0.));
#2433 = ( GEOMETRIC_REPRESENTATION_CONTEXT(2) 
PARAMETRIC_REPRESENTATION_CONTEXT() REPRESENTATION_CONTEXT('2D SPACE',''
  ) );
#2434 = ORIENTED_EDGE('',*,*,#2435,.F.);
#2435 = EDGE_CURVE('',#142,#2413,#2436,.T.);
#2436 = SURFACE_CURVE('',#2437,(#2441,#2448),.PCURVE_S1.);
#2437 = LINE('',#2438,#2439);
#2438 = CARTESIAN_POINT('',(-12.4,-7.,7.));
#2439 = VECTOR('',#2440,1.);
#2440 = DIRECTION('',(0.,0.,1.));
#2441 = PCURVE('',#44,#2442);
#2442 = DEFINITIONAL_REPRESENTATION('',(#2443),#2447);
#2443 = LINE('',#2444,#2445);
#2444 = CARTESIAN_POINT('',(7.,20.6));
#2445 = VECTOR('',#2446,1.);
#2446 = DIRECTION('',(1.,0.));
#2447 = ( GEOMETRIC_REPRESENTATION_CONTEXT(2) 
PARAMETRIC_REPRESENTATION_CONTEXT() REPRESENTATION_CONTEXT('2D SPACE',''
  ) );
#2448 = PCURVE('',#2449,#2454);
#2449 = PLANE('',#2450);
#2450 = AXIS2_PLACEMENT_3D('',#2451,#2452,#2453);
#2451 = CARTESIAN_POINT('',(-12.4,-7.,7.));
#2452 = DIRECTION('',(1.,0.,0.));
#2453 = DIRECTION('',(0.,0.,1.));
#2454 = DEFINITIONAL_REPRESENTATION('',(#2455),#2459);
#2455 = LINE('',#2456,#2457);
#2456 = CARTESIAN_POINT('',(0.,0.));
#2457 = VECTOR('',#2458,1.);
#2458 = DIRECTION('',(1.,0.));
#2459 = ( GEOMETRIC_REPRESENTATION_CONTEXT(2) 
PARAMETRIC_REPRESENTATION_CONTEXT() REPRESENTATION_CONTEXT('2D SPACE',''
  ) );
#2460 = ADVANCED_FACE('',(#2461,#4042,#4073,#4104,#4135,#4166,#4197,
    #4228),#126,.T.);
#2461 = FACE_BOUND('',#2462,.T.);
#2462 = EDGE_LOOP('',(#2463,#2486,#2507,#2508,#2509,#2532,#2560,#2581,
    #2582,#2605,#2633,#2654,#2655,#2678,#2706,#2727,#2728,#2751,#2779,
    #2800,#2801,#2824,#2852,#2873,#2874,#2897,#2925,#2946,#2947,#2970,
    #2998,#3019,#3020,#3043,#3071,#3092,#3093,#3116,#3144,#3165,#3166,
    #3189,#3217,#3238,#3239,#3262,#3290,#3311,#3312,#3335,#3363,#3384,
    #3385,#3408,#3436,#3457,#3458,#3481,#3509,#3530,#3531,#3554,#3582,
    #3603,#3604,#3627,#3655,#3676,#3677,#3700,#3728,#3749,#3750,#3773,
    #3801,#3822,#3823,#3846,#3874,#3895,#3896,#3919,#3947,#3968,#3969,
    #3992,#4020,#4041));
#2463 = ORIENTED_EDGE('',*,*,#2464,.T.);
#2464 = EDGE_CURVE('',#2233,#2465,#2467,.T.);
#2465 = VERTEX_POINT('',#2466);
#2466 = CARTESIAN_POINT('',(33.,7.,8.));
#2467 = SURFACE_CURVE('',#2468,(#2472,#2479),.PCURVE_S1.);
#2468 = LINE('',#2469,#2470);
#2469 = CARTESIAN_POINT('',(33.,-7.,8.));
#2470 = VECTOR('',#2471,1.);
#2471 = DIRECTION('',(0.,1.,0.));
#2472 = PCURVE('',#126,#2473);
#2473 = DEFINITIONAL_REPRESENTATION('',(#2474),#2478);
#2474 = LINE('',#2475,#2476);
#2475 = CARTESIAN_POINT('',(66.,0.));
#2476 = VECTOR('',#2477,1.);
#2477 = DIRECTION('',(0.,1.));
#2478 = ( GEOMETRIC_REPRESENTATION_CONTEXT(2) 
PARAMETRIC_REPRESENTATION_CONTEXT() REPRESENTATION_CONTEXT('2D SPACE',''
  ) );
#2479 = PCURVE('',#2271,#2480);
#2480 = DEFINITIONAL_REPRESENTATION('',(#2481),#2485);
#2481 = LINE('',#2482,#2483);
#2482 = CARTESIAN_POINT('',(8.,0.));
#2483 = VECTOR('',#2484,1.);
#2484 = DIRECTION('',(0.,-1.));
#2485 = ( GEOMETRIC_REPRESENTATION_CONTEXT(2) 
PARAMETRIC_REPRESENTATION_CONTEXT() REPRESENTATION_CONTEXT('2D SPACE',''
  ) );
#2486 = ORIENTED_EDGE('',*,*,#2487,.F.);
#2487 = EDGE_CURVE('',#85,#2465,#2488,.T.);
#2488 = SURFACE_CURVE('',#2489,(#2493,#2500),.PCURVE_S1.);
#2489 = LINE('',#2490,#2491);
#2490 = CARTESIAN_POINT('',(-33.,7.,8.));
#2491 = VECTOR('',#2492,1.);
#2492 = DIRECTION('',(1.,0.,0.));
#2493 = PCURVE('',#126,#2494);
#2494 = DEFINITIONAL_REPRESENTATION('',(#2495),#2499);
#2495 = LINE('',#2496,#2497);
#2496 = CARTESIAN_POINT('',(0.,14.));
#2497 = VECTOR('',#2498,1.);
#2498 = DIRECTION('',(1.,0.));
#2499 = ( GEOMETRIC_REPRESENTATION_CONTEXT(2) 
PARAMETRIC_REPRESENTATION_CONTEXT() REPRESENTATION_CONTEXT('2D SPACE',''
  ) );
#2500 = PCURVE('',#100,#2501);
#2501 = DEFINITIONAL_REPRESENTATION('',(#2502),#2506);
#2502 = LINE('',#2503,#2504);
#2503 = CARTESIAN_POINT('',(8.,0.));
#2504 = VECTOR('',#2505,1.);
#2505 = DIRECTION('',(0.,1.));
#2506 = ( GEOMETRIC_REPRESENTATION_CONTEXT(2) 
PARAMETRIC_REPRESENTATION_CONTEXT() REPRESENTATION_CONTEXT('2D SPACE',''
  ) );
#2507 = ORIENTED_EDGE('',*,*,#112,.F.);
#2508 = ORIENTED_EDGE('',*,*,#2305,.T.);
#2509 = ORIENTED_EDGE('',*,*,#2510,.T.);
#2510 = EDGE_CURVE('',#2306,#2511,#2513,.T.);
#2511 = VERTEX_POINT('',#2512);
#2512 = CARTESIAN_POINT('',(-21.4,-5.,8.));
#2513 = SURFACE_CURVE('',#2514,(#2518,#2525),.PCURVE_S1.);
#2514 = LINE('',#2515,#2516);
#2515 = CARTESIAN_POINT('',(-21.4,-7.,8.));
#2516 = VECTOR('',#2517,1.);
#2517 = DIRECTION('',(0.,1.,0.));
#2518 = PCURVE('',#126,#2519);
#2519 = DEFINITIONAL_REPRESENTATION('',(#2520),#2524);
#2520 = LINE('',#2521,#2522);
#2521 = CARTESIAN_POINT('',(11.6,0.));
#2522 = VECTOR('',#2523,1.);
#2523 = DIRECTION('',(0.,1.));
#2524 = ( GEOMETRIC_REPRESENTATION_CONTEXT(2) 
PARAMETRIC_REPRESENTATION_CONTEXT() REPRESENTATION_CONTEXT('2D SPACE',''
  ) );
#2525 = PCURVE('',#2344,#2526);
#2526 = DEFINITIONAL_REPRESENTATION('',(#2527),#2531);
#2527 = LINE('',#2528,#2529);
#2528 = CARTESIAN_POINT('',(1.,0.));
#2529 = VECTOR('',#2530,1.);
#2530 = DIRECTION('',(0.,-1.));
#2531 = ( GEOMETRIC_REPRESENTATION_CONTEXT(2) 
PARAMETRIC_REPRESENTATION_CONTEXT() REPRESENTATION_CONTEXT('2D SPACE',''
  ) );
#2532 = ORIENTED_EDGE('',*,*,#2533,.F.);
#2533 = EDGE_CURVE('',#2534,#2511,#2536,.T.);
#2534 = VERTEX_POINT('',#2535);
#2535 = CARTESIAN_POINT('',(-20.6,-5.,8.));
#2536 = SURFACE_CURVE('',#2537,(#2541,#2548),.PCURVE_S1.);
#2537 = LINE('',#2538,#2539);
#2538 = CARTESIAN_POINT('',(-27.2,-5.,8.));
#2539 = VECTOR('',#2540,1.);
#2540 = DIRECTION('',(-1.,0.,0.));
#2541 = PCURVE('',#126,#2542);
#2542 = DEFINITIONAL_REPRESENTATION('',(#2543),#2547);
#2543 = LINE('',#2544,#2545);
#2544 = CARTESIAN_POINT('',(5.8,2.));
#2545 = VECTOR('',#2546,1.);
#2546 = DIRECTION('',(-1.,0.));
#2547 = ( GEOMETRIC_REPRESENTATION_CONTEXT(2) 
PARAMETRIC_REPRESENTATION_CONTEXT() REPRESENTATION_CONTEXT('2D SPACE',''
  ) );
#2548 = PCURVE('',#2549,#2554);
#2549 = PLANE('',#2550);
#2550 = AXIS2_PLACEMENT_3D('',#2551,#2552,#2553);
#2551 = CARTESIAN_POINT('',(-21.4,-5.,7.));
#2552 = DIRECTION('',(0.,1.,0.));
#2553 = DIRECTION('',(0.,0.,1.));
#2554 = DEFINITIONAL_REPRESENTATION('',(#2555),#2559);
#2555 = LINE('',#2556,#2557);
#2556 = CARTESIAN_POINT('',(1.,-5.8));
#2557 = VECTOR('',#2558,1.);
#2558 = DIRECTION('',(0.,-1.));
#2559 = ( GEOMETRIC_REPRESENTATION_CONTEXT(2) 
PARAMETRIC_REPRESENTATION_CONTEXT() REPRESENTATION_CONTEXT('2D SPACE',''
  ) );
#2560 = ORIENTED_EDGE('',*,*,#2561,.F.);
#2561 = EDGE_CURVE('',#2385,#2534,#2562,.T.);
#2562 = SURFACE_CURVE('',#2563,(#2567,#2574),.PCURVE_S1.);
#2563 = LINE('',#2564,#2565);
#2564 = CARTESIAN_POINT('',(-20.6,-7.,8.));
#2565 = VECTOR('',#2566,1.);
#2566 = DIRECTION('',(0.,1.,0.));
#2567 = PCURVE('',#126,#2568);
#2568 = DEFINITIONAL_REPRESENTATION('',(#2569),#2573);
#2569 = LINE('',#2570,#2571);
#2570 = CARTESIAN_POINT('',(12.4,0.));
#2571 = VECTOR('',#2572,1.);
#2572 = DIRECTION('',(0.,1.));
#2573 = ( GEOMETRIC_REPRESENTATION_CONTEXT(2) 
PARAMETRIC_REPRESENTATION_CONTEXT() REPRESENTATION_CONTEXT('2D SPACE',''
  ) );
#2574 = PCURVE('',#2400,#2575);
#2575 = DEFINITIONAL_REPRESENTATION('',(#2576),#2580);
#2576 = LINE('',#2577,#2578);
#2577 = CARTESIAN_POINT('',(1.,0.));
#2578 = VECTOR('',#2579,1.);
#2579 = DIRECTION('',(0.,-1.));
#2580 = ( GEOMETRIC_REPRESENTATION_CONTEXT(2) 
PARAMETRIC_REPRESENTATION_CONTEXT() REPRESENTATION_CONTEXT('2D SPACE',''
  ) );
#2581 = ORIENTED_EDGE('',*,*,#2412,.T.);
#2582 = ORIENTED_EDGE('',*,*,#2583,.T.);
#2583 = EDGE_CURVE('',#2413,#2584,#2586,.T.);
#2584 = VERTEX_POINT('',#2585);
#2585 = CARTESIAN_POINT('',(-12.4,-5.,8.));
#2586 = SURFACE_CURVE('',#2587,(#2591,#2598),.PCURVE_S1.);
#2587 = LINE('',#2588,#2589);
#2588 = CARTESIAN_POINT('',(-12.4,-7.,8.));
#2589 = VECTOR('',#2590,1.);
#2590 = DIRECTION('',(0.,1.,0.));
#2591 = PCURVE('',#126,#2592);
#2592 = DEFINITIONAL_REPRESENTATION('',(#2593),#2597);
#2593 = LINE('',#2594,#2595);
#2594 = CARTESIAN_POINT('',(20.6,0.));
#2595 = VECTOR('',#2596,1.);
#2596 = DIRECTION('',(0.,1.));
#2597 = ( GEOMETRIC_REPRESENTATION_CONTEXT(2) 
PARAMETRIC_REPRESENTATION_CONTEXT() REPRESENTATION_CONTEXT('2D SPACE',''
  ) );
#2598 = PCURVE('',#2449,#2599);
#2599 = DEFINITIONAL_REPRESENTATION('',(#2600),#2604);
#2600 = LINE('',#2601,#2602);
#2601 = CARTESIAN_POINT('',(1.,0.));
#2602 = VECTOR('',#2603,1.);
#2603 = DIRECTION('',(0.,-1.));
#2604 = ( GEOMETRIC_REPRESENTATION_CONTEXT(2) 
PARAMETRIC_REPRESENTATION_CONTEXT() REPRESENTATION_CONTEXT('2D SPACE',''
  ) );
#2605 = ORIENTED_EDGE('',*,*,#2606,.F.);
#2606 = EDGE_CURVE('',#2607,#2584,#2609,.T.);
#2607 = VERTEX_POINT('',#2608);
#2608 = CARTESIAN_POINT('',(-11.6,-5.,8.));
#2609 = SURFACE_CURVE('',#2610,(#2614,#2621),.PCURVE_S1.);
#2610 = LINE('',#2611,#2612);
#2611 = CARTESIAN_POINT('',(-22.7,-5.,8.));
#2612 = VECTOR('',#2613,1.);
#2613 = DIRECTION('',(-1.,0.,0.));
#2614 = PCURVE('',#126,#2615);
#2615 = DEFINITIONAL_REPRESENTATION('',(#2616),#2620);
#2616 = LINE('',#2617,#2618);
#2617 = CARTESIAN_POINT('',(10.3,2.));
#2618 = VECTOR('',#2619,1.);
#2619 = DIRECTION('',(-1.,0.));
#2620 = ( GEOMETRIC_REPRESENTATION_CONTEXT(2) 
PARAMETRIC_REPRESENTATION_CONTEXT() REPRESENTATION_CONTEXT('2D SPACE',''
  ) );
#2621 = PCURVE('',#2622,#2627);
#2622 = PLANE('',#2623);
#2623 = AXIS2_PLACEMENT_3D('',#2624,#2625,#2626);
#2624 = CARTESIAN_POINT('',(-12.4,-5.,7.));
#2625 = DIRECTION('',(0.,1.,0.));
#2626 = DIRECTION('',(0.,0.,1.));
#2627 = DEFINITIONAL_REPRESENTATION('',(#2628),#2632);
#2628 = LINE('',#2629,#2630);
#2629 = CARTESIAN_POINT('',(1.,-10.3));
#2630 = VECTOR('',#2631,1.);
#2631 = DIRECTION('',(0.,-1.));
#2632 = ( GEOMETRIC_REPRESENTATION_CONTEXT(2) 
PARAMETRIC_REPRESENTATION_CONTEXT() REPRESENTATION_CONTEXT('2D SPACE',''
  ) );
#2633 = ORIENTED_EDGE('',*,*,#2634,.F.);
#2634 = EDGE_CURVE('',#172,#2607,#2635,.T.);
#2635 = SURFACE_CURVE('',#2636,(#2640,#2647),.PCURVE_S1.);
#2636 = LINE('',#2637,#2638);
#2637 = CARTESIAN_POINT('',(-11.6,-7.,8.));
#2638 = VECTOR('',#2639,1.);
#2639 = DIRECTION('',(0.,1.,0.));
#2640 = PCURVE('',#126,#2641);
#2641 = DEFINITIONAL_REPRESENTATION('',(#2642),#2646);
#2642 = LINE('',#2643,#2644);
#2643 = CARTESIAN_POINT('',(21.4,0.));
#2644 = VECTOR('',#2645,1.);
#2645 = DIRECTION('',(0.,1.));
#2646 = ( GEOMETRIC_REPRESENTATION_CONTEXT(2) 
PARAMETRIC_REPRESENTATION_CONTEXT() REPRESENTATION_CONTEXT('2D SPACE',''
  ) );
#2647 = PCURVE('',#187,#2648);
#2648 = DEFINITIONAL_REPRESENTATION('',(#2649),#2653);
#2649 = LINE('',#2650,#2651);
#2650 = CARTESIAN_POINT('',(1.,0.));
#2651 = VECTOR('',#2652,1.);
#2652 = DIRECTION('',(0.,-1.));
#2653 = ( GEOMETRIC_REPRESENTATION_CONTEXT(2) 
PARAMETRIC_REPRESENTATION_CONTEXT() REPRESENTATION_CONTEXT('2D SPACE',''
  ) );
#2654 = ORIENTED_EDGE('',*,*,#199,.T.);
#2655 = ORIENTED_EDGE('',*,*,#2656,.T.);
#2656 = EDGE_CURVE('',#200,#2657,#2659,.T.);
#2657 = VERTEX_POINT('',#2658);
#2658 = CARTESIAN_POINT('',(-11.,-5.,8.));
#2659 = SURFACE_CURVE('',#2660,(#2664,#2671),.PCURVE_S1.);
#2660 = LINE('',#2661,#2662);
#2661 = CARTESIAN_POINT('',(-11.,-7.,8.));
#2662 = VECTOR('',#2663,1.);
#2663 = DIRECTION('',(0.,1.,0.));
#2664 = PCURVE('',#126,#2665);
#2665 = DEFINITIONAL_REPRESENTATION('',(#2666),#2670);
#2666 = LINE('',#2667,#2668);
#2667 = CARTESIAN_POINT('',(22.,0.));
#2668 = VECTOR('',#2669,1.);
#2669 = DIRECTION('',(0.,1.));
#2670 = ( GEOMETRIC_REPRESENTATION_CONTEXT(2) 
PARAMETRIC_REPRESENTATION_CONTEXT() REPRESENTATION_CONTEXT('2D SPACE',''
  ) );
#2671 = PCURVE('',#238,#2672);
#2672 = DEFINITIONAL_REPRESENTATION('',(#2673),#2677);
#2673 = LINE('',#2674,#2675);
#2674 = CARTESIAN_POINT('',(1.,0.));
#2675 = VECTOR('',#2676,1.);
#2676 = DIRECTION('',(0.,-1.));
#2677 = ( GEOMETRIC_REPRESENTATION_CONTEXT(2) 
PARAMETRIC_REPRESENTATION_CONTEXT() REPRESENTATION_CONTEXT('2D SPACE',''
  ) );
#2678 = ORIENTED_EDGE('',*,*,#2679,.F.);
#2679 = EDGE_CURVE('',#2680,#2657,#2682,.T.);
#2680 = VERTEX_POINT('',#2681);
#2681 = CARTESIAN_POINT('',(-10.2,-5.,8.));
#2682 = SURFACE_CURVE('',#2683,(#2687,#2694),.PCURVE_S1.);
#2683 = LINE('',#2684,#2685);
#2684 = CARTESIAN_POINT('',(-22.,-5.,8.));
#2685 = VECTOR('',#2686,1.);
#2686 = DIRECTION('',(-1.,0.,0.));
#2687 = PCURVE('',#126,#2688);
#2688 = DEFINITIONAL_REPRESENTATION('',(#2689),#2693);
#2689 = LINE('',#2690,#2691);
#2690 = CARTESIAN_POINT('',(11.,2.));
#2691 = VECTOR('',#2692,1.);
#2692 = DIRECTION('',(-1.,0.));
#2693 = ( GEOMETRIC_REPRESENTATION_CONTEXT(2) 
PARAMETRIC_REPRESENTATION_CONTEXT() REPRESENTATION_CONTEXT('2D SPACE',''
  ) );
#2694 = PCURVE('',#2695,#2700);
#2695 = PLANE('',#2696);
#2696 = AXIS2_PLACEMENT_3D('',#2697,#2698,#2699);
#2697 = CARTESIAN_POINT('',(-11.,-5.,7.));
#2698 = DIRECTION('',(0.,1.,0.));
#2699 = DIRECTION('',(0.,0.,1.));
#2700 = DEFINITIONAL_REPRESENTATION('',(#2701),#2705);
#2701 = LINE('',#2702,#2703);
#2702 = CARTESIAN_POINT('',(1.,-11.));
#2703 = VECTOR('',#2704,1.);
#2704 = DIRECTION('',(0.,-1.));
#2705 = ( GEOMETRIC_REPRESENTATION_CONTEXT(2) 
PARAMETRIC_REPRESENTATION_CONTEXT() REPRESENTATION_CONTEXT('2D SPACE',''
  ) );
#2706 = ORIENTED_EDGE('',*,*,#2707,.F.);
#2707 = EDGE_CURVE('',#279,#2680,#2708,.T.);
#2708 = SURFACE_CURVE('',#2709,(#2713,#2720),.PCURVE_S1.);
#2709 = LINE('',#2710,#2711);
#2710 = CARTESIAN_POINT('',(-10.2,-7.,8.));
#2711 = VECTOR('',#2712,1.);
#2712 = DIRECTION('',(0.,1.,0.));
#2713 = PCURVE('',#126,#2714);
#2714 = DEFINITIONAL_REPRESENTATION('',(#2715),#2719);
#2715 = LINE('',#2716,#2717);
#2716 = CARTESIAN_POINT('',(22.8,0.));
#2717 = VECTOR('',#2718,1.);
#2718 = DIRECTION('',(0.,1.));
#2719 = ( GEOMETRIC_REPRESENTATION_CONTEXT(2) 
PARAMETRIC_REPRESENTATION_CONTEXT() REPRESENTATION_CONTEXT('2D SPACE',''
  ) );
#2720 = PCURVE('',#294,#2721);
#2721 = DEFINITIONAL_REPRESENTATION('',(#2722),#2726);
#2722 = LINE('',#2723,#2724);
#2723 = CARTESIAN_POINT('',(1.,0.));
#2724 = VECTOR('',#2725,1.);
#2725 = DIRECTION('',(0.,-1.));
#2726 = ( GEOMETRIC_REPRESENTATION_CONTEXT(2) 
PARAMETRIC_REPRESENTATION_CONTEXT() REPRESENTATION_CONTEXT('2D SPACE',''
  ) );
#2727 = ORIENTED_EDGE('',*,*,#306,.T.);
#2728 = ORIENTED_EDGE('',*,*,#2729,.T.);
#2729 = EDGE_CURVE('',#307,#2730,#2732,.T.);
#2730 = VERTEX_POINT('',#2731);
#2731 = CARTESIAN_POINT('',(-3.4,-5.,8.));
#2732 = SURFACE_CURVE('',#2733,(#2737,#2744),.PCURVE_S1.);
#2733 = LINE('',#2734,#2735);
#2734 = CARTESIAN_POINT('',(-3.4,-7.,8.));
#2735 = VECTOR('',#2736,1.);
#2736 = DIRECTION('',(0.,1.,0.));
#2737 = PCURVE('',#126,#2738);
#2738 = DEFINITIONAL_REPRESENTATION('',(#2739),#2743);
#2739 = LINE('',#2740,#2741);
#2740 = CARTESIAN_POINT('',(29.6,0.));
#2741 = VECTOR('',#2742,1.);
#2742 = DIRECTION('',(0.,1.));
#2743 = ( GEOMETRIC_REPRESENTATION_CONTEXT(2) 
PARAMETRIC_REPRESENTATION_CONTEXT() REPRESENTATION_CONTEXT('2D SPACE',''
  ) );
#2744 = PCURVE('',#345,#2745);
#2745 = DEFINITIONAL_REPRESENTATION('',(#2746),#2750);
#2746 = LINE('',#2747,#2748);
#2747 = CARTESIAN_POINT('',(1.,0.));
#2748 = VECTOR('',#2749,1.);
#2749 = DIRECTION('',(0.,-1.));
#2750 = ( GEOMETRIC_REPRESENTATION_CONTEXT(2) 
PARAMETRIC_REPRESENTATION_CONTEXT() REPRESENTATION_CONTEXT('2D SPACE',''
  ) );
#2751 = ORIENTED_EDGE('',*,*,#2752,.F.);
#2752 = EDGE_CURVE('',#2753,#2730,#2755,.T.);
#2753 = VERTEX_POINT('',#2754);
#2754 = CARTESIAN_POINT('',(-2.6,-5.,8.));
#2755 = SURFACE_CURVE('',#2756,(#2760,#2767),.PCURVE_S1.);
#2756 = LINE('',#2757,#2758);
#2757 = CARTESIAN_POINT('',(-18.2,-5.,8.));
#2758 = VECTOR('',#2759,1.);
#2759 = DIRECTION('',(-1.,0.,0.));
#2760 = PCURVE('',#126,#2761);
#2761 = DEFINITIONAL_REPRESENTATION('',(#2762),#2766);
#2762 = LINE('',#2763,#2764);
#2763 = CARTESIAN_POINT('',(14.8,2.));
#2764 = VECTOR('',#2765,1.);
#2765 = DIRECTION('',(-1.,0.));
#2766 = ( GEOMETRIC_REPRESENTATION_CONTEXT(2) 
PARAMETRIC_REPRESENTATION_CONTEXT() REPRESENTATION_CONTEXT('2D SPACE',''
  ) );
#2767 = PCURVE('',#2768,#2773);
#2768 = PLANE('',#2769);
#2769 = AXIS2_PLACEMENT_3D('',#2770,#2771,#2772);
#2770 = CARTESIAN_POINT('',(-3.4,-5.,7.));
#2771 = DIRECTION('',(0.,1.,0.));
#2772 = DIRECTION('',(0.,0.,1.));
#2773 = DEFINITIONAL_REPRESENTATION('',(#2774),#2778);
#2774 = LINE('',#2775,#2776);
#2775 = CARTESIAN_POINT('',(1.,-14.8));
#2776 = VECTOR('',#2777,1.);
#2777 = DIRECTION('',(0.,-1.));
#2778 = ( GEOMETRIC_REPRESENTATION_CONTEXT(2) 
PARAMETRIC_REPRESENTATION_CONTEXT() REPRESENTATION_CONTEXT('2D SPACE',''
  ) );
#2779 = ORIENTED_EDGE('',*,*,#2780,.F.);
#2780 = EDGE_CURVE('',#386,#2753,#2781,.T.);
#2781 = SURFACE_CURVE('',#2782,(#2786,#2793),.PCURVE_S1.);
#2782 = LINE('',#2783,#2784);
#2783 = CARTESIAN_POINT('',(-2.6,-7.,8.));
#2784 = VECTOR('',#2785,1.);
#2785 = DIRECTION('',(0.,1.,0.));
#2786 = PCURVE('',#126,#2787);
#2787 = DEFINITIONAL_REPRESENTATION('',(#2788),#2792);
#2788 = LINE('',#2789,#2790);
#2789 = CARTESIAN_POINT('',(30.4,0.));
#2790 = VECTOR('',#2791,1.);
#2791 = DIRECTION('',(0.,1.));
#2792 = ( GEOMETRIC_REPRESENTATION_CONTEXT(2) 
PARAMETRIC_REPRESENTATION_CONTEXT() REPRESENTATION_CONTEXT('2D SPACE',''
  ) );
#2793 = PCURVE('',#401,#2794);
#2794 = DEFINITIONAL_REPRESENTATION('',(#2795),#2799);
#2795 = LINE('',#2796,#2797);
#2796 = CARTESIAN_POINT('',(1.,0.));
#2797 = VECTOR('',#2798,1.);
#2798 = DIRECTION('',(0.,-1.));
#2799 = ( GEOMETRIC_REPRESENTATION_CONTEXT(2) 
PARAMETRIC_REPRESENTATION_CONTEXT() REPRESENTATION_CONTEXT('2D SPACE',''
  ) );
#2800 = ORIENTED_EDGE('',*,*,#413,.T.);
#2801 = ORIENTED_EDGE('',*,*,#2802,.T.);
#2802 = EDGE_CURVE('',#414,#2803,#2805,.T.);
#2803 = VERTEX_POINT('',#2804);
#2804 = CARTESIAN_POINT('',(-2.,-5.,8.));
#2805 = SURFACE_CURVE('',#2806,(#2810,#2817),.PCURVE_S1.);
#2806 = LINE('',#2807,#2808);
#2807 = CARTESIAN_POINT('',(-2.,-7.,8.));
#2808 = VECTOR('',#2809,1.);
#2809 = DIRECTION('',(0.,1.,0.));
#2810 = PCURVE('',#126,#2811);
#2811 = DEFINITIONAL_REPRESENTATION('',(#2812),#2816);
#2812 = LINE('',#2813,#2814);
#2813 = CARTESIAN_POINT('',(31.,0.));
#2814 = VECTOR('',#2815,1.);
#2815 = DIRECTION('',(0.,1.));
#2816 = ( GEOMETRIC_REPRESENTATION_CONTEXT(2) 
PARAMETRIC_REPRESENTATION_CONTEXT() REPRESENTATION_CONTEXT('2D SPACE',''
  ) );
#2817 = PCURVE('',#452,#2818);
#2818 = DEFINITIONAL_REPRESENTATION('',(#2819),#2823);
#2819 = LINE('',#2820,#2821);
#2820 = CARTESIAN_POINT('',(1.,0.));
#2821 = VECTOR('',#2822,1.);
#2822 = DIRECTION('',(0.,-1.));
#2823 = ( GEOMETRIC_REPRESENTATION_CONTEXT(2) 
PARAMETRIC_REPRESENTATION_CONTEXT() REPRESENTATION_CONTEXT('2D SPACE',''
  ) );
#2824 = ORIENTED_EDGE('',*,*,#2825,.F.);
#2825 = EDGE_CURVE('',#2826,#2803,#2828,.T.);
#2826 = VERTEX_POINT('',#2827);
#2827 = CARTESIAN_POINT('',(-1.2,-5.,8.));
#2828 = SURFACE_CURVE('',#2829,(#2833,#2840),.PCURVE_S1.);
#2829 = LINE('',#2830,#2831);
#2830 = CARTESIAN_POINT('',(-17.5,-5.,8.));
#2831 = VECTOR('',#2832,1.);
#2832 = DIRECTION('',(-1.,0.,0.));
#2833 = PCURVE('',#126,#2834);
#2834 = DEFINITIONAL_REPRESENTATION('',(#2835),#2839);
#2835 = LINE('',#2836,#2837);
#2836 = CARTESIAN_POINT('',(15.5,2.));
#2837 = VECTOR('',#2838,1.);
#2838 = DIRECTION('',(-1.,0.));
#2839 = ( GEOMETRIC_REPRESENTATION_CONTEXT(2) 
PARAMETRIC_REPRESENTATION_CONTEXT() REPRESENTATION_CONTEXT('2D SPACE',''
  ) );
#2840 = PCURVE('',#2841,#2846);
#2841 = PLANE('',#2842);
#2842 = AXIS2_PLACEMENT_3D('',#2843,#2844,#2845);
#2843 = CARTESIAN_POINT('',(-2.,-5.,7.));
#2844 = DIRECTION('',(0.,1.,0.));
#2845 = DIRECTION('',(0.,0.,1.));
#2846 = DEFINITIONAL_REPRESENTATION('',(#2847),#2851);
#2847 = LINE('',#2848,#2849);
#2848 = CARTESIAN_POINT('',(1.,-15.5));
#2849 = VECTOR('',#2850,1.);
#2850 = DIRECTION('',(0.,-1.));
#2851 = ( GEOMETRIC_REPRESENTATION_CONTEXT(2) 
PARAMETRIC_REPRESENTATION_CONTEXT() REPRESENTATION_CONTEXT('2D SPACE',''
  ) );
#2852 = ORIENTED_EDGE('',*,*,#2853,.F.);
#2853 = EDGE_CURVE('',#493,#2826,#2854,.T.);
#2854 = SURFACE_CURVE('',#2855,(#2859,#2866),.PCURVE_S1.);
#2855 = LINE('',#2856,#2857);
#2856 = CARTESIAN_POINT('',(-1.2,-7.,8.));
#2857 = VECTOR('',#2858,1.);
#2858 = DIRECTION('',(0.,1.,0.));
#2859 = PCURVE('',#126,#2860);
#2860 = DEFINITIONAL_REPRESENTATION('',(#2861),#2865);
#2861 = LINE('',#2862,#2863);
#2862 = CARTESIAN_POINT('',(31.8,0.));
#2863 = VECTOR('',#2864,1.);
#2864 = DIRECTION('',(0.,1.));
#2865 = ( GEOMETRIC_REPRESENTATION_CONTEXT(2) 
PARAMETRIC_REPRESENTATION_CONTEXT() REPRESENTATION_CONTEXT('2D SPACE',''
  ) );
#2866 = PCURVE('',#508,#2867);
#2867 = DEFINITIONAL_REPRESENTATION('',(#2868),#2872);
#2868 = LINE('',#2869,#2870);
#2869 = CARTESIAN_POINT('',(1.,0.));
#2870 = VECTOR('',#2871,1.);
#2871 = DIRECTION('',(0.,-1.));
#2872 = ( GEOMETRIC_REPRESENTATION_CONTEXT(2) 
PARAMETRIC_REPRESENTATION_CONTEXT() REPRESENTATION_CONTEXT('2D SPACE',''
  ) );
#2873 = ORIENTED_EDGE('',*,*,#520,.T.);
#2874 = ORIENTED_EDGE('',*,*,#2875,.T.);
#2875 = EDGE_CURVE('',#521,#2876,#2878,.T.);
#2876 = VERTEX_POINT('',#2877);
#2877 = CARTESIAN_POINT('',(-0.6,-5.,8.));
#2878 = SURFACE_CURVE('',#2879,(#2883,#2890),.PCURVE_S1.);
#2879 = LINE('',#2880,#2881);
#2880 = CARTESIAN_POINT('',(-0.6,-7.,8.));
#2881 = VECTOR('',#2882,1.);
#2882 = DIRECTION('',(0.,1.,0.));
#2883 = PCURVE('',#126,#2884);
#2884 = DEFINITIONAL_REPRESENTATION('',(#2885),#2889);
#2885 = LINE('',#2886,#2887);
#2886 = CARTESIAN_POINT('',(32.4,0.));
#2887 = VECTOR('',#2888,1.);
#2888 = DIRECTION('',(0.,1.));
#2889 = ( GEOMETRIC_REPRESENTATION_CONTEXT(2) 
PARAMETRIC_REPRESENTATION_CONTEXT() REPRESENTATION_CONTEXT('2D SPACE',''
  ) );
#2890 = PCURVE('',#559,#2891);
#2891 = DEFINITIONAL_REPRESENTATION('',(#2892),#2896);
#2892 = LINE('',#2893,#2894);
#2893 = CARTESIAN_POINT('',(1.,0.));
#2894 = VECTOR('',#2895,1.);
#2895 = DIRECTION('',(0.,-1.));
#2896 = ( GEOMETRIC_REPRESENTATION_CONTEXT(2) 
PARAMETRIC_REPRESENTATION_CONTEXT() REPRESENTATION_CONTEXT('2D SPACE',''
  ) );
#2897 = ORIENTED_EDGE('',*,*,#2898,.F.);
#2898 = EDGE_CURVE('',#2899,#2876,#2901,.T.);
#2899 = VERTEX_POINT('',#2900);
#2900 = CARTESIAN_POINT('',(0.2,-5.,8.));
#2901 = SURFACE_CURVE('',#2902,(#2906,#2913),.PCURVE_S1.);
#2902 = LINE('',#2903,#2904);
#2903 = CARTESIAN_POINT('',(-16.8,-5.,8.));
#2904 = VECTOR('',#2905,1.);
#2905 = DIRECTION('',(-1.,0.,0.));
#2906 = PCURVE('',#126,#2907);
#2907 = DEFINITIONAL_REPRESENTATION('',(#2908),#2912);
#2908 = LINE('',#2909,#2910);
#2909 = CARTESIAN_POINT('',(16.2,2.));
#2910 = VECTOR('',#2911,1.);
#2911 = DIRECTION('',(-1.,0.));
#2912 = ( GEOMETRIC_REPRESENTATION_CONTEXT(2) 
PARAMETRIC_REPRESENTATION_CONTEXT() REPRESENTATION_CONTEXT('2D SPACE',''
  ) );
#2913 = PCURVE('',#2914,#2919);
#2914 = PLANE('',#2915);
#2915 = AXIS2_PLACEMENT_3D('',#2916,#2917,#2918);
#2916 = CARTESIAN_POINT('',(-0.6,-5.,7.));
#2917 = DIRECTION('',(0.,1.,0.));
#2918 = DIRECTION('',(0.,0.,1.));
#2919 = DEFINITIONAL_REPRESENTATION('',(#2920),#2924);
#2920 = LINE('',#2921,#2922);
#2921 = CARTESIAN_POINT('',(1.,-16.2));
#2922 = VECTOR('',#2923,1.);
#2923 = DIRECTION('',(0.,-1.));
#2924 = ( GEOMETRIC_REPRESENTATION_CONTEXT(2) 
PARAMETRIC_REPRESENTATION_CONTEXT() REPRESENTATION_CONTEXT('2D SPACE',''
  ) );
#2925 = ORIENTED_EDGE('',*,*,#2926,.F.);
#2926 = EDGE_CURVE('',#600,#2899,#2927,.T.);
#2927 = SURFACE_CURVE('',#2928,(#2932,#2939),.PCURVE_S1.);
#2928 = LINE('',#2929,#2930);
#2929 = CARTESIAN_POINT('',(0.2,-7.,8.));
#2930 = VECTOR('',#2931,1.);
#2931 = DIRECTION('',(0.,1.,0.));
#2932 = PCURVE('',#126,#2933);
#2933 = DEFINITIONAL_REPRESENTATION('',(#2934),#2938);
#2934 = LINE('',#2935,#2936);
#2935 = CARTESIAN_POINT('',(33.2,0.));
#2936 = VECTOR('',#2937,1.);
#2937 = DIRECTION('',(0.,1.));
#2938 = ( GEOMETRIC_REPRESENTATION_CONTEXT(2) 
PARAMETRIC_REPRESENTATION_CONTEXT() REPRESENTATION_CONTEXT('2D SPACE',''
  ) );
#2939 = PCURVE('',#615,#2940);
#2940 = DEFINITIONAL_REPRESENTATION('',(#2941),#2945);
#2941 = LINE('',#2942,#2943);
#2942 = CARTESIAN_POINT('',(1.,0.));
#2943 = VECTOR('',#2944,1.);
#2944 = DIRECTION('',(0.,-1.));
#2945 = ( GEOMETRIC_REPRESENTATION_CONTEXT(2) 
PARAMETRIC_REPRESENTATION_CONTEXT() REPRESENTATION_CONTEXT('2D SPACE',''
  ) );
#2946 = ORIENTED_EDGE('',*,*,#627,.T.);
#2947 = ORIENTED_EDGE('',*,*,#2948,.T.);
#2948 = EDGE_CURVE('',#628,#2949,#2951,.T.);
#2949 = VERTEX_POINT('',#2950);
#2950 = CARTESIAN_POINT('',(5.6,-5.,8.));
#2951 = SURFACE_CURVE('',#2952,(#2956,#2963),.PCURVE_S1.);
#2952 = LINE('',#2953,#2954);
#2953 = CARTESIAN_POINT('',(5.6,-7.,8.));
#2954 = VECTOR('',#2955,1.);
#2955 = DIRECTION('',(0.,1.,0.));
#2956 = PCURVE('',#126,#2957);
#2957 = DEFINITIONAL_REPRESENTATION('',(#2958),#2962);
#2958 = LINE('',#2959,#2960);
#2959 = CARTESIAN_POINT('',(38.6,0.));
#2960 = VECTOR('',#2961,1.);
#2961 = DIRECTION('',(0.,1.));
#2962 = ( GEOMETRIC_REPRESENTATION_CONTEXT(2) 
PARAMETRIC_REPRESENTATION_CONTEXT() REPRESENTATION_CONTEXT('2D SPACE',''
  ) );
#2963 = PCURVE('',#666,#2964);
#2964 = DEFINITIONAL_REPRESENTATION('',(#2965),#2969);
#2965 = LINE('',#2966,#2967);
#2966 = CARTESIAN_POINT('',(1.,0.));
#2967 = VECTOR('',#2968,1.);
#2968 = DIRECTION('',(0.,-1.));
#2969 = ( GEOMETRIC_REPRESENTATION_CONTEXT(2) 
PARAMETRIC_REPRESENTATION_CONTEXT() REPRESENTATION_CONTEXT('2D SPACE',''
  ) );
#2970 = ORIENTED_EDGE('',*,*,#2971,.F.);
#2971 = EDGE_CURVE('',#2972,#2949,#2974,.T.);
#2972 = VERTEX_POINT('',#2973);
#2973 = CARTESIAN_POINT('',(6.4,-5.,8.));
#2974 = SURFACE_CURVE('',#2975,(#2979,#2986),.PCURVE_S1.);
#2975 = LINE('',#2976,#2977);
#2976 = CARTESIAN_POINT('',(-13.7,-5.,8.));
#2977 = VECTOR('',#2978,1.);
#2978 = DIRECTION('',(-1.,0.,0.));
#2979 = PCURVE('',#126,#2980);
#2980 = DEFINITIONAL_REPRESENTATION('',(#2981),#2985);
#2981 = LINE('',#2982,#2983);
#2982 = CARTESIAN_POINT('',(19.3,2.));
#2983 = VECTOR('',#2984,1.);
#2984 = DIRECTION('',(-1.,0.));
#2985 = ( GEOMETRIC_REPRESENTATION_CONTEXT(2) 
PARAMETRIC_REPRESENTATION_CONTEXT() REPRESENTATION_CONTEXT('2D SPACE',''
  ) );
#2986 = PCURVE('',#2987,#2992);
#2987 = PLANE('',#2988);
#2988 = AXIS2_PLACEMENT_3D('',#2989,#2990,#2991);
#2989 = CARTESIAN_POINT('',(5.6,-5.,7.));
#2990 = DIRECTION('',(0.,1.,0.));
#2991 = DIRECTION('',(0.,0.,1.));
#2992 = DEFINITIONAL_REPRESENTATION('',(#2993),#2997);
#2993 = LINE('',#2994,#2995);
#2994 = CARTESIAN_POINT('',(1.,-19.3));
#2995 = VECTOR('',#2996,1.);
#2996 = DIRECTION('',(0.,-1.));
#2997 = ( GEOMETRIC_REPRESENTATION_CONTEXT(2) 
PARAMETRIC_REPRESENTATION_CONTEXT() REPRESENTATION_CONTEXT('2D SPACE',''
  ) );
#2998 = ORIENTED_EDGE('',*,*,#2999,.F.);
#2999 = EDGE_CURVE('',#707,#2972,#3000,.T.);
#3000 = SURFACE_CURVE('',#3001,(#3005,#3012),.PCURVE_S1.);
#3001 = LINE('',#3002,#3003);
#3002 = CARTESIAN_POINT('',(6.4,-7.,8.));
#3003 = VECTOR('',#3004,1.);
#3004 = DIRECTION('',(0.,1.,0.));
#3005 = PCURVE('',#126,#3006);
#3006 = DEFINITIONAL_REPRESENTATION('',(#3007),#3011);
#3007 = LINE('',#3008,#3009);
#3008 = CARTESIAN_POINT('',(39.4,0.));
#3009 = VECTOR('',#3010,1.);
#3010 = DIRECTION('',(0.,1.));
#3011 = ( GEOMETRIC_REPRESENTATION_CONTEXT(2) 
PARAMETRIC_REPRESENTATION_CONTEXT() REPRESENTATION_CONTEXT('2D SPACE',''
  ) );
#3012 = PCURVE('',#722,#3013);
#3013 = DEFINITIONAL_REPRESENTATION('',(#3014),#3018);
#3014 = LINE('',#3015,#3016);
#3015 = CARTESIAN_POINT('',(1.,0.));
#3016 = VECTOR('',#3017,1.);
#3017 = DIRECTION('',(0.,-1.));
#3018 = ( GEOMETRIC_REPRESENTATION_CONTEXT(2) 
PARAMETRIC_REPRESENTATION_CONTEXT() REPRESENTATION_CONTEXT('2D SPACE',''
  ) );
#3019 = ORIENTED_EDGE('',*,*,#734,.T.);
#3020 = ORIENTED_EDGE('',*,*,#3021,.T.);
#3021 = EDGE_CURVE('',#735,#3022,#3024,.T.);
#3022 = VERTEX_POINT('',#3023);
#3023 = CARTESIAN_POINT('',(7.,-5.,8.));
#3024 = SURFACE_CURVE('',#3025,(#3029,#3036),.PCURVE_S1.);
#3025 = LINE('',#3026,#3027);
#3026 = CARTESIAN_POINT('',(7.,-7.,8.));
#3027 = VECTOR('',#3028,1.);
#3028 = DIRECTION('',(0.,1.,0.));
#3029 = PCURVE('',#126,#3030);
#3030 = DEFINITIONAL_REPRESENTATION('',(#3031),#3035);
#3031 = LINE('',#3032,#3033);
#3032 = CARTESIAN_POINT('',(40.,0.));
#3033 = VECTOR('',#3034,1.);
#3034 = DIRECTION('',(0.,1.));
#3035 = ( GEOMETRIC_REPRESENTATION_CONTEXT(2) 
PARAMETRIC_REPRESENTATION_CONTEXT() REPRESENTATION_CONTEXT('2D SPACE',''
  ) );
#3036 = PCURVE('',#773,#3037);
#3037 = DEFINITIONAL_REPRESENTATION('',(#3038),#3042);
#3038 = LINE('',#3039,#3040);
#3039 = CARTESIAN_POINT('',(1.,0.));
#3040 = VECTOR('',#3041,1.);
#3041 = DIRECTION('',(0.,-1.));
#3042 = ( GEOMETRIC_REPRESENTATION_CONTEXT(2) 
PARAMETRIC_REPRESENTATION_CONTEXT() REPRESENTATION_CONTEXT('2D SPACE',''
  ) );
#3043 = ORIENTED_EDGE('',*,*,#3044,.F.);
#3044 = EDGE_CURVE('',#3045,#3022,#3047,.T.);
#3045 = VERTEX_POINT('',#3046);
#3046 = CARTESIAN_POINT('',(7.8,-5.,8.));
#3047 = SURFACE_CURVE('',#3048,(#3052,#3059),.PCURVE_S1.);
#3048 = LINE('',#3049,#3050);
#3049 = CARTESIAN_POINT('',(-13.,-5.,8.));
#3050 = VECTOR('',#3051,1.);
#3051 = DIRECTION('',(-1.,0.,0.));
#3052 = PCURVE('',#126,#3053);
#3053 = DEFINITIONAL_REPRESENTATION('',(#3054),#3058);
#3054 = LINE('',#3055,#3056);
#3055 = CARTESIAN_POINT('',(20.,2.));
#3056 = VECTOR('',#3057,1.);
#3057 = DIRECTION('',(-1.,0.));
#3058 = ( GEOMETRIC_REPRESENTATION_CONTEXT(2) 
PARAMETRIC_REPRESENTATION_CONTEXT() REPRESENTATION_CONTEXT('2D SPACE',''
  ) );
#3059 = PCURVE('',#3060,#3065);
#3060 = PLANE('',#3061);
#3061 = AXIS2_PLACEMENT_3D('',#3062,#3063,#3064);
#3062 = CARTESIAN_POINT('',(7.,-5.,7.));
#3063 = DIRECTION('',(0.,1.,0.));
#3064 = DIRECTION('',(0.,0.,1.));
#3065 = DEFINITIONAL_REPRESENTATION('',(#3066),#3070);
#3066 = LINE('',#3067,#3068);
#3067 = CARTESIAN_POINT('',(1.,-20.));
#3068 = VECTOR('',#3069,1.);
#3069 = DIRECTION('',(0.,-1.));
#3070 = ( GEOMETRIC_REPRESENTATION_CONTEXT(2) 
PARAMETRIC_REPRESENTATION_CONTEXT() REPRESENTATION_CONTEXT('2D SPACE',''
  ) );
#3071 = ORIENTED_EDGE('',*,*,#3072,.F.);
#3072 = EDGE_CURVE('',#814,#3045,#3073,.T.);
#3073 = SURFACE_CURVE('',#3074,(#3078,#3085),.PCURVE_S1.);
#3074 = LINE('',#3075,#3076);
#3075 = CARTESIAN_POINT('',(7.8,-7.,8.));
#3076 = VECTOR('',#3077,1.);
#3077 = DIRECTION('',(0.,1.,0.));
#3078 = PCURVE('',#126,#3079);
#3079 = DEFINITIONAL_REPRESENTATION('',(#3080),#3084);
#3080 = LINE('',#3081,#3082);
#3081 = CARTESIAN_POINT('',(40.8,0.));
#3082 = VECTOR('',#3083,1.);
#3083 = DIRECTION('',(0.,1.));
#3084 = ( GEOMETRIC_REPRESENTATION_CONTEXT(2) 
PARAMETRIC_REPRESENTATION_CONTEXT() REPRESENTATION_CONTEXT('2D SPACE',''
  ) );
#3085 = PCURVE('',#829,#3086);
#3086 = DEFINITIONAL_REPRESENTATION('',(#3087),#3091);
#3087 = LINE('',#3088,#3089);
#3088 = CARTESIAN_POINT('',(1.,0.));
#3089 = VECTOR('',#3090,1.);
#3090 = DIRECTION('',(0.,-1.));
#3091 = ( GEOMETRIC_REPRESENTATION_CONTEXT(2) 
PARAMETRIC_REPRESENTATION_CONTEXT() REPRESENTATION_CONTEXT('2D SPACE',''
  ) );
#3092 = ORIENTED_EDGE('',*,*,#841,.T.);
#3093 = ORIENTED_EDGE('',*,*,#3094,.T.);
#3094 = EDGE_CURVE('',#842,#3095,#3097,.T.);
#3095 = VERTEX_POINT('',#3096);
#3096 = CARTESIAN_POINT('',(8.4,-5.,8.));
#3097 = SURFACE_CURVE('',#3098,(#3102,#3109),.PCURVE_S1.);
#3098 = LINE('',#3099,#3100);
#3099 = CARTESIAN_POINT('',(8.4,-7.,8.));
#3100 = VECTOR('',#3101,1.);
#3101 = DIRECTION('',(0.,1.,0.));
#3102 = PCURVE('',#126,#3103);
#3103 = DEFINITIONAL_REPRESENTATION('',(#3104),#3108);
#3104 = LINE('',#3105,#3106);
#3105 = CARTESIAN_POINT('',(41.4,0.));
#3106 = VECTOR('',#3107,1.);
#3107 = DIRECTION('',(0.,1.));
#3108 = ( GEOMETRIC_REPRESENTATION_CONTEXT(2) 
PARAMETRIC_REPRESENTATION_CONTEXT() REPRESENTATION_CONTEXT('2D SPACE',''
  ) );
#3109 = PCURVE('',#880,#3110);
#3110 = DEFINITIONAL_REPRESENTATION('',(#3111),#3115);
#3111 = LINE('',#3112,#3113);
#3112 = CARTESIAN_POINT('',(1.,0.));
#3113 = VECTOR('',#3114,1.);
#3114 = DIRECTION('',(0.,-1.));
#3115 = ( GEOMETRIC_REPRESENTATION_CONTEXT(2) 
PARAMETRIC_REPRESENTATION_CONTEXT() REPRESENTATION_CONTEXT('2D SPACE',''
  ) );
#3116 = ORIENTED_EDGE('',*,*,#3117,.F.);
#3117 = EDGE_CURVE('',#3118,#3095,#3120,.T.);
#3118 = VERTEX_POINT('',#3119);
#3119 = CARTESIAN_POINT('',(9.2,-5.,8.));
#3120 = SURFACE_CURVE('',#3121,(#3125,#3132),.PCURVE_S1.);
#3121 = LINE('',#3122,#3123);
#3122 = CARTESIAN_POINT('',(-12.3,-5.,8.));
#3123 = VECTOR('',#3124,1.);
#3124 = DIRECTION('',(-1.,0.,0.));
#3125 = PCURVE('',#126,#3126);
#3126 = DEFINITIONAL_REPRESENTATION('',(#3127),#3131);
#3127 = LINE('',#3128,#3129);
#3128 = CARTESIAN_POINT('',(20.7,2.));
#3129 = VECTOR('',#3130,1.);
#3130 = DIRECTION('',(-1.,0.));
#3131 = ( GEOMETRIC_REPRESENTATION_CONTEXT(2) 
PARAMETRIC_REPRESENTATION_CONTEXT() REPRESENTATION_CONTEXT('2D SPACE',''
  ) );
#3132 = PCURVE('',#3133,#3138);
#3133 = PLANE('',#3134);
#3134 = AXIS2_PLACEMENT_3D('',#3135,#3136,#3137);
#3135 = CARTESIAN_POINT('',(8.4,-5.,7.));
#3136 = DIRECTION('',(0.,1.,0.));
#3137 = DIRECTION('',(0.,0.,1.));
#3138 = DEFINITIONAL_REPRESENTATION('',(#3139),#3143);
#3139 = LINE('',#3140,#3141);
#3140 = CARTESIAN_POINT('',(1.,-20.7));
#3141 = VECTOR('',#3142,1.);
#3142 = DIRECTION('',(0.,-1.));
#3143 = ( GEOMETRIC_REPRESENTATION_CONTEXT(2) 
PARAMETRIC_REPRESENTATION_CONTEXT() REPRESENTATION_CONTEXT('2D SPACE',''
  ) );
#3144 = ORIENTED_EDGE('',*,*,#3145,.F.);
#3145 = EDGE_CURVE('',#921,#3118,#3146,.T.);
#3146 = SURFACE_CURVE('',#3147,(#3151,#3158),.PCURVE_S1.);
#3147 = LINE('',#3148,#3149);
#3148 = CARTESIAN_POINT('',(9.2,-7.,8.));
#3149 = VECTOR('',#3150,1.);
#3150 = DIRECTION('',(0.,1.,0.));
#3151 = PCURVE('',#126,#3152);
#3152 = DEFINITIONAL_REPRESENTATION('',(#3153),#3157);
#3153 = LINE('',#3154,#3155);
#3154 = CARTESIAN_POINT('',(42.2,0.));
#3155 = VECTOR('',#3156,1.);
#3156 = DIRECTION('',(0.,1.));
#3157 = ( GEOMETRIC_REPRESENTATION_CONTEXT(2) 
PARAMETRIC_REPRESENTATION_CONTEXT() REPRESENTATION_CONTEXT('2D SPACE',''
  ) );
#3158 = PCURVE('',#936,#3159);
#3159 = DEFINITIONAL_REPRESENTATION('',(#3160),#3164);
#3160 = LINE('',#3161,#3162);
#3161 = CARTESIAN_POINT('',(1.,0.));
#3162 = VECTOR('',#3163,1.);
#3163 = DIRECTION('',(0.,-1.));
#3164 = ( GEOMETRIC_REPRESENTATION_CONTEXT(2) 
PARAMETRIC_REPRESENTATION_CONTEXT() REPRESENTATION_CONTEXT('2D SPACE',''
  ) );
#3165 = ORIENTED_EDGE('',*,*,#948,.T.);
#3166 = ORIENTED_EDGE('',*,*,#3167,.T.);
#3167 = EDGE_CURVE('',#949,#3168,#3170,.T.);
#3168 = VERTEX_POINT('',#3169);
#3169 = CARTESIAN_POINT('',(9.8,-5.,8.));
#3170 = SURFACE_CURVE('',#3171,(#3175,#3182),.PCURVE_S1.);
#3171 = LINE('',#3172,#3173);
#3172 = CARTESIAN_POINT('',(9.8,-7.,8.));
#3173 = VECTOR('',#3174,1.);
#3174 = DIRECTION('',(0.,1.,0.));
#3175 = PCURVE('',#126,#3176);
#3176 = DEFINITIONAL_REPRESENTATION('',(#3177),#3181);
#3177 = LINE('',#3178,#3179);
#3178 = CARTESIAN_POINT('',(42.8,0.));
#3179 = VECTOR('',#3180,1.);
#3180 = DIRECTION('',(0.,1.));
#3181 = ( GEOMETRIC_REPRESENTATION_CONTEXT(2) 
PARAMETRIC_REPRESENTATION_CONTEXT() REPRESENTATION_CONTEXT('2D SPACE',''
  ) );
#3182 = PCURVE('',#987,#3183);
#3183 = DEFINITIONAL_REPRESENTATION('',(#3184),#3188);
#3184 = LINE('',#3185,#3186);
#3185 = CARTESIAN_POINT('',(1.,0.));
#3186 = VECTOR('',#3187,1.);
#3187 = DIRECTION('',(0.,-1.));
#3188 = ( GEOMETRIC_REPRESENTATION_CONTEXT(2) 
PARAMETRIC_REPRESENTATION_CONTEXT() REPRESENTATION_CONTEXT('2D SPACE',''
  ) );
#3189 = ORIENTED_EDGE('',*,*,#3190,.F.);
#3190 = EDGE_CURVE('',#3191,#3168,#3193,.T.);
#3191 = VERTEX_POINT('',#3192);
#3192 = CARTESIAN_POINT('',(10.6,-5.,8.));
#3193 = SURFACE_CURVE('',#3194,(#3198,#3205),.PCURVE_S1.);
#3194 = LINE('',#3195,#3196);
#3195 = CARTESIAN_POINT('',(-11.6,-5.,8.));
#3196 = VECTOR('',#3197,1.);
#3197 = DIRECTION('',(-1.,0.,0.));
#3198 = PCURVE('',#126,#3199);
#3199 = DEFINITIONAL_REPRESENTATION('',(#3200),#3204);
#3200 = LINE('',#3201,#3202);
#3201 = CARTESIAN_POINT('',(21.4,2.));
#3202 = VECTOR('',#3203,1.);
#3203 = DIRECTION('',(-1.,0.));
#3204 = ( GEOMETRIC_REPRESENTATION_CONTEXT(2) 
PARAMETRIC_REPRESENTATION_CONTEXT() REPRESENTATION_CONTEXT('2D SPACE',''
  ) );
#3205 = PCURVE('',#3206,#3211);
#3206 = PLANE('',#3207);
#3207 = AXIS2_PLACEMENT_3D('',#3208,#3209,#3210);
#3208 = CARTESIAN_POINT('',(9.8,-5.,7.));
#3209 = DIRECTION('',(0.,1.,0.));
#3210 = DIRECTION('',(0.,0.,1.));
#3211 = DEFINITIONAL_REPRESENTATION('',(#3212),#3216);
#3212 = LINE('',#3213,#3214);
#3213 = CARTESIAN_POINT('',(1.,-21.4));
#3214 = VECTOR('',#3215,1.);
#3215 = DIRECTION('',(0.,-1.));
#3216 = ( GEOMETRIC_REPRESENTATION_CONTEXT(2) 
PARAMETRIC_REPRESENTATION_CONTEXT() REPRESENTATION_CONTEXT('2D SPACE',''
  ) );
#3217 = ORIENTED_EDGE('',*,*,#3218,.F.);
#3218 = EDGE_CURVE('',#1028,#3191,#3219,.T.);
#3219 = SURFACE_CURVE('',#3220,(#3224,#3231),.PCURVE_S1.);
#3220 = LINE('',#3221,#3222);
#3221 = CARTESIAN_POINT('',(10.6,-7.,8.));
#3222 = VECTOR('',#3223,1.);
#3223 = DIRECTION('',(0.,1.,0.));
#3224 = PCURVE('',#126,#3225);
#3225 = DEFINITIONAL_REPRESENTATION('',(#3226),#3230);
#3226 = LINE('',#3227,#3228);
#3227 = CARTESIAN_POINT('',(43.6,0.));
#3228 = VECTOR('',#3229,1.);
#3229 = DIRECTION('',(0.,1.));
#3230 = ( GEOMETRIC_REPRESENTATION_CONTEXT(2) 
PARAMETRIC_REPRESENTATION_CONTEXT() REPRESENTATION_CONTEXT('2D SPACE',''
  ) );
#3231 = PCURVE('',#1043,#3232);
#3232 = DEFINITIONAL_REPRESENTATION('',(#3233),#3237);
#3233 = LINE('',#3234,#3235);
#3234 = CARTESIAN_POINT('',(1.,0.));
#3235 = VECTOR('',#3236,1.);
#3236 = DIRECTION('',(0.,-1.));
#3237 = ( GEOMETRIC_REPRESENTATION_CONTEXT(2) 
PARAMETRIC_REPRESENTATION_CONTEXT() REPRESENTATION_CONTEXT('2D SPACE',''
  ) );
#3238 = ORIENTED_EDGE('',*,*,#1055,.T.);
#3239 = ORIENTED_EDGE('',*,*,#3240,.T.);
#3240 = EDGE_CURVE('',#1056,#3241,#3243,.T.);
#3241 = VERTEX_POINT('',#3242);
#3242 = CARTESIAN_POINT('',(14.6,-5.,8.));
#3243 = SURFACE_CURVE('',#3244,(#3248,#3255),.PCURVE_S1.);
#3244 = LINE('',#3245,#3246);
#3245 = CARTESIAN_POINT('',(14.6,-7.,8.));
#3246 = VECTOR('',#3247,1.);
#3247 = DIRECTION('',(0.,1.,0.));
#3248 = PCURVE('',#126,#3249);
#3249 = DEFINITIONAL_REPRESENTATION('',(#3250),#3254);
#3250 = LINE('',#3251,#3252);
#3251 = CARTESIAN_POINT('',(47.6,0.));
#3252 = VECTOR('',#3253,1.);
#3253 = DIRECTION('',(0.,1.));
#3254 = ( GEOMETRIC_REPRESENTATION_CONTEXT(2) 
PARAMETRIC_REPRESENTATION_CONTEXT() REPRESENTATION_CONTEXT('2D SPACE',''
  ) );
#3255 = PCURVE('',#1094,#3256);
#3256 = DEFINITIONAL_REPRESENTATION('',(#3257),#3261);
#3257 = LINE('',#3258,#3259);
#3258 = CARTESIAN_POINT('',(1.,0.));
#3259 = VECTOR('',#3260,1.);
#3260 = DIRECTION('',(0.,-1.));
#3261 = ( GEOMETRIC_REPRESENTATION_CONTEXT(2) 
PARAMETRIC_REPRESENTATION_CONTEXT() REPRESENTATION_CONTEXT('2D SPACE',''
  ) );
#3262 = ORIENTED_EDGE('',*,*,#3263,.F.);
#3263 = EDGE_CURVE('',#3264,#3241,#3266,.T.);
#3264 = VERTEX_POINT('',#3265);
#3265 = CARTESIAN_POINT('',(15.4,-5.,8.));
#3266 = SURFACE_CURVE('',#3267,(#3271,#3278),.PCURVE_S1.);
#3267 = LINE('',#3268,#3269);
#3268 = CARTESIAN_POINT('',(-9.2,-5.,8.));
#3269 = VECTOR('',#3270,1.);
#3270 = DIRECTION('',(-1.,0.,0.));
#3271 = PCURVE('',#126,#3272);
#3272 = DEFINITIONAL_REPRESENTATION('',(#3273),#3277);
#3273 = LINE('',#3274,#3275);
#3274 = CARTESIAN_POINT('',(23.8,2.));
#3275 = VECTOR('',#3276,1.);
#3276 = DIRECTION('',(-1.,0.));
#3277 = ( GEOMETRIC_REPRESENTATION_CONTEXT(2) 
PARAMETRIC_REPRESENTATION_CONTEXT() REPRESENTATION_CONTEXT('2D SPACE',''
  ) );
#3278 = PCURVE('',#3279,#3284);
#3279 = PLANE('',#3280);
#3280 = AXIS2_PLACEMENT_3D('',#3281,#3282,#3283);
#3281 = CARTESIAN_POINT('',(14.6,-5.,7.));
#3282 = DIRECTION('',(0.,1.,0.));
#3283 = DIRECTION('',(0.,0.,1.));
#3284 = DEFINITIONAL_REPRESENTATION('',(#3285),#3289);
#3285 = LINE('',#3286,#3287);
#3286 = CARTESIAN_POINT('',(1.,-23.8));
#3287 = VECTOR('',#3288,1.);
#3288 = DIRECTION('',(0.,-1.));
#3289 = ( GEOMETRIC_REPRESENTATION_CONTEXT(2) 
PARAMETRIC_REPRESENTATION_CONTEXT() REPRESENTATION_CONTEXT('2D SPACE',''
  ) );
#3290 = ORIENTED_EDGE('',*,*,#3291,.F.);
#3291 = EDGE_CURVE('',#1135,#3264,#3292,.T.);
#3292 = SURFACE_CURVE('',#3293,(#3297,#3304),.PCURVE_S1.);
#3293 = LINE('',#3294,#3295);
#3294 = CARTESIAN_POINT('',(15.4,-7.,8.));
#3295 = VECTOR('',#3296,1.);
#3296 = DIRECTION('',(0.,1.,0.));
#3297 = PCURVE('',#126,#3298);
#3298 = DEFINITIONAL_REPRESENTATION('',(#3299),#3303);
#3299 = LINE('',#3300,#3301);
#3300 = CARTESIAN_POINT('',(48.4,0.));
#3301 = VECTOR('',#3302,1.);
#3302 = DIRECTION('',(0.,1.));
#3303 = ( GEOMETRIC_REPRESENTATION_CONTEXT(2) 
PARAMETRIC_REPRESENTATION_CONTEXT() REPRESENTATION_CONTEXT('2D SPACE',''
  ) );
#3304 = PCURVE('',#1150,#3305);
#3305 = DEFINITIONAL_REPRESENTATION('',(#3306),#3310);
#3306 = LINE('',#3307,#3308);
#3307 = CARTESIAN_POINT('',(1.,0.));
#3308 = VECTOR('',#3309,1.);
#3309 = DIRECTION('',(0.,-1.));
#3310 = ( GEOMETRIC_REPRESENTATION_CONTEXT(2) 
PARAMETRIC_REPRESENTATION_CONTEXT() REPRESENTATION_CONTEXT('2D SPACE',''
  ) );
#3311 = ORIENTED_EDGE('',*,*,#1162,.T.);
#3312 = ORIENTED_EDGE('',*,*,#3313,.T.);
#3313 = EDGE_CURVE('',#1163,#3314,#3316,.T.);
#3314 = VERTEX_POINT('',#3315);
#3315 = CARTESIAN_POINT('',(16.,-5.,8.));
#3316 = SURFACE_CURVE('',#3317,(#3321,#3328),.PCURVE_S1.);
#3317 = LINE('',#3318,#3319);
#3318 = CARTESIAN_POINT('',(16.,-7.,8.));
#3319 = VECTOR('',#3320,1.);
#3320 = DIRECTION('',(0.,1.,0.));
#3321 = PCURVE('',#126,#3322);
#3322 = DEFINITIONAL_REPRESENTATION('',(#3323),#3327);
#3323 = LINE('',#3324,#3325);
#3324 = CARTESIAN_POINT('',(49.,0.));
#3325 = VECTOR('',#3326,1.);
#3326 = DIRECTION('',(0.,1.));
#3327 = ( GEOMETRIC_REPRESENTATION_CONTEXT(2) 
PARAMETRIC_REPRESENTATION_CONTEXT() REPRESENTATION_CONTEXT('2D SPACE',''
  ) );
#3328 = PCURVE('',#1201,#3329);
#3329 = DEFINITIONAL_REPRESENTATION('',(#3330),#3334);
#3330 = LINE('',#3331,#3332);
#3331 = CARTESIAN_POINT('',(1.,0.));
#3332 = VECTOR('',#3333,1.);
#3333 = DIRECTION('',(0.,-1.));
#3334 = ( GEOMETRIC_REPRESENTATION_CONTEXT(2) 
PARAMETRIC_REPRESENTATION_CONTEXT() REPRESENTATION_CONTEXT('2D SPACE',''
  ) );
#3335 = ORIENTED_EDGE('',*,*,#3336,.F.);
#3336 = EDGE_CURVE('',#3337,#3314,#3339,.T.);
#3337 = VERTEX_POINT('',#3338);
#3338 = CARTESIAN_POINT('',(16.8,-5.,8.));
#3339 = SURFACE_CURVE('',#3340,(#3344,#3351),.PCURVE_S1.);
#3340 = LINE('',#3341,#3342);
#3341 = CARTESIAN_POINT('',(-8.5,-5.,8.));
#3342 = VECTOR('',#3343,1.);
#3343 = DIRECTION('',(-1.,0.,0.));
#3344 = PCURVE('',#126,#3345);
#3345 = DEFINITIONAL_REPRESENTATION('',(#3346),#3350);
#3346 = LINE('',#3347,#3348);
#3347 = CARTESIAN_POINT('',(24.5,2.));
#3348 = VECTOR('',#3349,1.);
#3349 = DIRECTION('',(-1.,0.));
#3350 = ( GEOMETRIC_REPRESENTATION_CONTEXT(2) 
PARAMETRIC_REPRESENTATION_CONTEXT() REPRESENTATION_CONTEXT('2D SPACE',''
  ) );
#3351 = PCURVE('',#3352,#3357);
#3352 = PLANE('',#3353);
#3353 = AXIS2_PLACEMENT_3D('',#3354,#3355,#3356);
#3354 = CARTESIAN_POINT('',(16.,-5.,7.));
#3355 = DIRECTION('',(0.,1.,0.));
#3356 = DIRECTION('',(0.,0.,1.));
#3357 = DEFINITIONAL_REPRESENTATION('',(#3358),#3362);
#3358 = LINE('',#3359,#3360);
#3359 = CARTESIAN_POINT('',(1.,-24.5));
#3360 = VECTOR('',#3361,1.);
#3361 = DIRECTION('',(0.,-1.));
#3362 = ( GEOMETRIC_REPRESENTATION_CONTEXT(2) 
PARAMETRIC_REPRESENTATION_CONTEXT() REPRESENTATION_CONTEXT('2D SPACE',''
  ) );
#3363 = ORIENTED_EDGE('',*,*,#3364,.F.);
#3364 = EDGE_CURVE('',#1242,#3337,#3365,.T.);
#3365 = SURFACE_CURVE('',#3366,(#3370,#3377),.PCURVE_S1.);
#3366 = LINE('',#3367,#3368);
#3367 = CARTESIAN_POINT('',(16.8,-7.,8.));
#3368 = VECTOR('',#3369,1.);
#3369 = DIRECTION('',(0.,1.,0.));
#3370 = PCURVE('',#126,#3371);
#3371 = DEFINITIONAL_REPRESENTATION('',(#3372),#3376);
#3372 = LINE('',#3373,#3374);
#3373 = CARTESIAN_POINT('',(49.8,0.));
#3374 = VECTOR('',#3375,1.);
#3375 = DIRECTION('',(0.,1.));
#3376 = ( GEOMETRIC_REPRESENTATION_CONTEXT(2) 
PARAMETRIC_REPRESENTATION_CONTEXT() REPRESENTATION_CONTEXT('2D SPACE',''
  ) );
#3377 = PCURVE('',#1257,#3378);
#3378 = DEFINITIONAL_REPRESENTATION('',(#3379),#3383);
#3379 = LINE('',#3380,#3381);
#3380 = CARTESIAN_POINT('',(1.,0.));
#3381 = VECTOR('',#3382,1.);
#3382 = DIRECTION('',(0.,-1.));
#3383 = ( GEOMETRIC_REPRESENTATION_CONTEXT(2) 
PARAMETRIC_REPRESENTATION_CONTEXT() REPRESENTATION_CONTEXT('2D SPACE',''
  ) );
#3384 = ORIENTED_EDGE('',*,*,#1269,.T.);
#3385 = ORIENTED_EDGE('',*,*,#3386,.T.);
#3386 = EDGE_CURVE('',#1270,#3387,#3389,.T.);
#3387 = VERTEX_POINT('',#3388);
#3388 = CARTESIAN_POINT('',(17.4,-5.,8.));
#3389 = SURFACE_CURVE('',#3390,(#3394,#3401),.PCURVE_S1.);
#3390 = LINE('',#3391,#3392);
#3391 = CARTESIAN_POINT('',(17.4,-7.,8.));
#3392 = VECTOR('',#3393,1.);
#3393 = DIRECTION('',(0.,1.,0.));
#3394 = PCURVE('',#126,#3395);
#3395 = DEFINITIONAL_REPRESENTATION('',(#3396),#3400);
#3396 = LINE('',#3397,#3398);
#3397 = CARTESIAN_POINT('',(50.4,0.));
#3398 = VECTOR('',#3399,1.);
#3399 = DIRECTION('',(0.,1.));
#3400 = ( GEOMETRIC_REPRESENTATION_CONTEXT(2) 
PARAMETRIC_REPRESENTATION_CONTEXT() REPRESENTATION_CONTEXT('2D SPACE',''
  ) );
#3401 = PCURVE('',#1308,#3402);
#3402 = DEFINITIONAL_REPRESENTATION('',(#3403),#3407);
#3403 = LINE('',#3404,#3405);
#3404 = CARTESIAN_POINT('',(1.,0.));
#3405 = VECTOR('',#3406,1.);
#3406 = DIRECTION('',(0.,-1.));
#3407 = ( GEOMETRIC_REPRESENTATION_CONTEXT(2) 
PARAMETRIC_REPRESENTATION_CONTEXT() REPRESENTATION_CONTEXT('2D SPACE',''
  ) );
#3408 = ORIENTED_EDGE('',*,*,#3409,.F.);
#3409 = EDGE_CURVE('',#3410,#3387,#3412,.T.);
#3410 = VERTEX_POINT('',#3411);
#3411 = CARTESIAN_POINT('',(18.2,-5.,8.));
#3412 = SURFACE_CURVE('',#3413,(#3417,#3424),.PCURVE_S1.);
#3413 = LINE('',#3414,#3415);
#3414 = CARTESIAN_POINT('',(-7.8,-5.,8.));
#3415 = VECTOR('',#3416,1.);
#3416 = DIRECTION('',(-1.,0.,0.));
#3417 = PCURVE('',#126,#3418);
#3418 = DEFINITIONAL_REPRESENTATION('',(#3419),#3423);
#3419 = LINE('',#3420,#3421);
#3420 = CARTESIAN_POINT('',(25.2,2.));
#3421 = VECTOR('',#3422,1.);
#3422 = DIRECTION('',(-1.,0.));
#3423 = ( GEOMETRIC_REPRESENTATION_CONTEXT(2) 
PARAMETRIC_REPRESENTATION_CONTEXT() REPRESENTATION_CONTEXT('2D SPACE',''
  ) );
#3424 = PCURVE('',#3425,#3430);
#3425 = PLANE('',#3426);
#3426 = AXIS2_PLACEMENT_3D('',#3427,#3428,#3429);
#3427 = CARTESIAN_POINT('',(17.4,-5.,7.));
#3428 = DIRECTION('',(0.,1.,0.));
#3429 = DIRECTION('',(0.,0.,1.));
#3430 = DEFINITIONAL_REPRESENTATION('',(#3431),#3435);
#3431 = LINE('',#3432,#3433);
#3432 = CARTESIAN_POINT('',(1.,-25.2));
#3433 = VECTOR('',#3434,1.);
#3434 = DIRECTION('',(0.,-1.));
#3435 = ( GEOMETRIC_REPRESENTATION_CONTEXT(2) 
PARAMETRIC_REPRESENTATION_CONTEXT() REPRESENTATION_CONTEXT('2D SPACE',''
  ) );
#3436 = ORIENTED_EDGE('',*,*,#3437,.F.);
#3437 = EDGE_CURVE('',#1349,#3410,#3438,.T.);
#3438 = SURFACE_CURVE('',#3439,(#3443,#3450),.PCURVE_S1.);
#3439 = LINE('',#3440,#3441);
#3440 = CARTESIAN_POINT('',(18.2,-7.,8.));
#3441 = VECTOR('',#3442,1.);
#3442 = DIRECTION('',(0.,1.,0.));
#3443 = PCURVE('',#126,#3444);
#3444 = DEFINITIONAL_REPRESENTATION('',(#3445),#3449);
#3445 = LINE('',#3446,#3447);
#3446 = CARTESIAN_POINT('',(51.2,0.));
#3447 = VECTOR('',#3448,1.);
#3448 = DIRECTION('',(0.,1.));
#3449 = ( GEOMETRIC_REPRESENTATION_CONTEXT(2) 
PARAMETRIC_REPRESENTATION_CONTEXT() REPRESENTATION_CONTEXT('2D SPACE',''
  ) );
#3450 = PCURVE('',#1364,#3451);
#3451 = DEFINITIONAL_REPRESENTATION('',(#3452),#3456);
#3452 = LINE('',#3453,#3454);
#3453 = CARTESIAN_POINT('',(1.,0.));
#3454 = VECTOR('',#3455,1.);
#3455 = DIRECTION('',(0.,-1.));
#3456 = ( GEOMETRIC_REPRESENTATION_CONTEXT(2) 
PARAMETRIC_REPRESENTATION_CONTEXT() REPRESENTATION_CONTEXT('2D SPACE',''
  ) );
#3457 = ORIENTED_EDGE('',*,*,#1376,.T.);
#3458 = ORIENTED_EDGE('',*,*,#3459,.T.);
#3459 = EDGE_CURVE('',#1377,#3460,#3462,.T.);
#3460 = VERTEX_POINT('',#3461);
#3461 = CARTESIAN_POINT('',(18.8,-5.,8.));
#3462 = SURFACE_CURVE('',#3463,(#3467,#3474),.PCURVE_S1.);
#3463 = LINE('',#3464,#3465);
#3464 = CARTESIAN_POINT('',(18.8,-7.,8.));
#3465 = VECTOR('',#3466,1.);
#3466 = DIRECTION('',(0.,1.,0.));
#3467 = PCURVE('',#126,#3468);
#3468 = DEFINITIONAL_REPRESENTATION('',(#3469),#3473);
#3469 = LINE('',#3470,#3471);
#3470 = CARTESIAN_POINT('',(51.8,0.));
#3471 = VECTOR('',#3472,1.);
#3472 = DIRECTION('',(0.,1.));
#3473 = ( GEOMETRIC_REPRESENTATION_CONTEXT(2) 
PARAMETRIC_REPRESENTATION_CONTEXT() REPRESENTATION_CONTEXT('2D SPACE',''
  ) );
#3474 = PCURVE('',#1415,#3475);
#3475 = DEFINITIONAL_REPRESENTATION('',(#3476),#3480);
#3476 = LINE('',#3477,#3478);
#3477 = CARTESIAN_POINT('',(1.,0.));
#3478 = VECTOR('',#3479,1.);
#3479 = DIRECTION('',(0.,-1.));
#3480 = ( GEOMETRIC_REPRESENTATION_CONTEXT(2) 
PARAMETRIC_REPRESENTATION_CONTEXT() REPRESENTATION_CONTEXT('2D SPACE',''
  ) );
#3481 = ORIENTED_EDGE('',*,*,#3482,.F.);
#3482 = EDGE_CURVE('',#3483,#3460,#3485,.T.);
#3483 = VERTEX_POINT('',#3484);
#3484 = CARTESIAN_POINT('',(19.6,-5.,8.));
#3485 = SURFACE_CURVE('',#3486,(#3490,#3497),.PCURVE_S1.);
#3486 = LINE('',#3487,#3488);
#3487 = CARTESIAN_POINT('',(-7.1,-5.,8.));
#3488 = VECTOR('',#3489,1.);
#3489 = DIRECTION('',(-1.,0.,0.));
#3490 = PCURVE('',#126,#3491);
#3491 = DEFINITIONAL_REPRESENTATION('',(#3492),#3496);
#3492 = LINE('',#3493,#3494);
#3493 = CARTESIAN_POINT('',(25.9,2.));
#3494 = VECTOR('',#3495,1.);
#3495 = DIRECTION('',(-1.,0.));
#3496 = ( GEOMETRIC_REPRESENTATION_CONTEXT(2) 
PARAMETRIC_REPRESENTATION_CONTEXT() REPRESENTATION_CONTEXT('2D SPACE',''
  ) );
#3497 = PCURVE('',#3498,#3503);
#3498 = PLANE('',#3499);
#3499 = AXIS2_PLACEMENT_3D('',#3500,#3501,#3502);
#3500 = CARTESIAN_POINT('',(18.8,-5.,7.));
#3501 = DIRECTION('',(0.,1.,0.));
#3502 = DIRECTION('',(0.,0.,1.));
#3503 = DEFINITIONAL_REPRESENTATION('',(#3504),#3508);
#3504 = LINE('',#3505,#3506);
#3505 = CARTESIAN_POINT('',(1.,-25.9));
#3506 = VECTOR('',#3507,1.);
#3507 = DIRECTION('',(0.,-1.));
#3508 = ( GEOMETRIC_REPRESENTATION_CONTEXT(2) 
PARAMETRIC_REPRESENTATION_CONTEXT() REPRESENTATION_CONTEXT('2D SPACE',''
  ) );
#3509 = ORIENTED_EDGE('',*,*,#3510,.F.);
#3510 = EDGE_CURVE('',#1456,#3483,#3511,.T.);
#3511 = SURFACE_CURVE('',#3512,(#3516,#3523),.PCURVE_S1.);
#3512 = LINE('',#3513,#3514);
#3513 = CARTESIAN_POINT('',(19.6,-7.,8.));
#3514 = VECTOR('',#3515,1.);
#3515 = DIRECTION('',(0.,1.,0.));
#3516 = PCURVE('',#126,#3517);
#3517 = DEFINITIONAL_REPRESENTATION('',(#3518),#3522);
#3518 = LINE('',#3519,#3520);
#3519 = CARTESIAN_POINT('',(52.6,0.));
#3520 = VECTOR('',#3521,1.);
#3521 = DIRECTION('',(0.,1.));
#3522 = ( GEOMETRIC_REPRESENTATION_CONTEXT(2) 
PARAMETRIC_REPRESENTATION_CONTEXT() REPRESENTATION_CONTEXT('2D SPACE',''
  ) );
#3523 = PCURVE('',#1471,#3524);
#3524 = DEFINITIONAL_REPRESENTATION('',(#3525),#3529);
#3525 = LINE('',#3526,#3527);
#3526 = CARTESIAN_POINT('',(1.,0.));
#3527 = VECTOR('',#3528,1.);
#3528 = DIRECTION('',(0.,-1.));
#3529 = ( GEOMETRIC_REPRESENTATION_CONTEXT(2) 
PARAMETRIC_REPRESENTATION_CONTEXT() REPRESENTATION_CONTEXT('2D SPACE',''
  ) );
#3530 = ORIENTED_EDGE('',*,*,#1483,.T.);
#3531 = ORIENTED_EDGE('',*,*,#3532,.T.);
#3532 = EDGE_CURVE('',#1484,#3533,#3535,.T.);
#3533 = VERTEX_POINT('',#3534);
#3534 = CARTESIAN_POINT('',(20.2,-5.,8.));
#3535 = SURFACE_CURVE('',#3536,(#3540,#3547),.PCURVE_S1.);
#3536 = LINE('',#3537,#3538);
#3537 = CARTESIAN_POINT('',(20.2,-7.,8.));
#3538 = VECTOR('',#3539,1.);
#3539 = DIRECTION('',(0.,1.,0.));
#3540 = PCURVE('',#126,#3541);
#3541 = DEFINITIONAL_REPRESENTATION('',(#3542),#3546);
#3542 = LINE('',#3543,#3544);
#3543 = CARTESIAN_POINT('',(53.2,0.));
#3544 = VECTOR('',#3545,1.);
#3545 = DIRECTION('',(0.,1.));
#3546 = ( GEOMETRIC_REPRESENTATION_CONTEXT(2) 
PARAMETRIC_REPRESENTATION_CONTEXT() REPRESENTATION_CONTEXT('2D SPACE',''
  ) );
#3547 = PCURVE('',#1522,#3548);
#3548 = DEFINITIONAL_REPRESENTATION('',(#3549),#3553);
#3549 = LINE('',#3550,#3551);
#3550 = CARTESIAN_POINT('',(1.,0.));
#3551 = VECTOR('',#3552,1.);
#3552 = DIRECTION('',(0.,-1.));
#3553 = ( GEOMETRIC_REPRESENTATION_CONTEXT(2) 
PARAMETRIC_REPRESENTATION_CONTEXT() REPRESENTATION_CONTEXT('2D SPACE',''
  ) );
#3554 = ORIENTED_EDGE('',*,*,#3555,.F.);
#3555 = EDGE_CURVE('',#3556,#3533,#3558,.T.);
#3556 = VERTEX_POINT('',#3557);
#3557 = CARTESIAN_POINT('',(21.,-5.,8.));
#3558 = SURFACE_CURVE('',#3559,(#3563,#3570),.PCURVE_S1.);
#3559 = LINE('',#3560,#3561);
#3560 = CARTESIAN_POINT('',(-6.4,-5.,8.));
#3561 = VECTOR('',#3562,1.);
#3562 = DIRECTION('',(-1.,0.,0.));
#3563 = PCURVE('',#126,#3564);
#3564 = DEFINITIONAL_REPRESENTATION('',(#3565),#3569);
#3565 = LINE('',#3566,#3567);
#3566 = CARTESIAN_POINT('',(26.6,2.));
#3567 = VECTOR('',#3568,1.);
#3568 = DIRECTION('',(-1.,0.));
#3569 = ( GEOMETRIC_REPRESENTATION_CONTEXT(2) 
PARAMETRIC_REPRESENTATION_CONTEXT() REPRESENTATION_CONTEXT('2D SPACE',''
  ) );
#3570 = PCURVE('',#3571,#3576);
#3571 = PLANE('',#3572);
#3572 = AXIS2_PLACEMENT_3D('',#3573,#3574,#3575);
#3573 = CARTESIAN_POINT('',(20.2,-5.,7.));
#3574 = DIRECTION('',(0.,1.,0.));
#3575 = DIRECTION('',(0.,0.,1.));
#3576 = DEFINITIONAL_REPRESENTATION('',(#3577),#3581);
#3577 = LINE('',#3578,#3579);
#3578 = CARTESIAN_POINT('',(1.,-26.6));
#3579 = VECTOR('',#3580,1.);
#3580 = DIRECTION('',(0.,-1.));
#3581 = ( GEOMETRIC_REPRESENTATION_CONTEXT(2) 
PARAMETRIC_REPRESENTATION_CONTEXT() REPRESENTATION_CONTEXT('2D SPACE',''
  ) );
#3582 = ORIENTED_EDGE('',*,*,#3583,.F.);
#3583 = EDGE_CURVE('',#1563,#3556,#3584,.T.);
#3584 = SURFACE_CURVE('',#3585,(#3589,#3596),.PCURVE_S1.);
#3585 = LINE('',#3586,#3587);
#3586 = CARTESIAN_POINT('',(21.,-7.,8.));
#3587 = VECTOR('',#3588,1.);
#3588 = DIRECTION('',(0.,1.,0.));
#3589 = PCURVE('',#126,#3590);
#3590 = DEFINITIONAL_REPRESENTATION('',(#3591),#3595);
#3591 = LINE('',#3592,#3593);
#3592 = CARTESIAN_POINT('',(54.,0.));
#3593 = VECTOR('',#3594,1.);
#3594 = DIRECTION('',(0.,1.));
#3595 = ( GEOMETRIC_REPRESENTATION_CONTEXT(2) 
PARAMETRIC_REPRESENTATION_CONTEXT() REPRESENTATION_CONTEXT('2D SPACE',''
  ) );
#3596 = PCURVE('',#1578,#3597);
#3597 = DEFINITIONAL_REPRESENTATION('',(#3598),#3602);
#3598 = LINE('',#3599,#3600);
#3599 = CARTESIAN_POINT('',(1.,0.));
#3600 = VECTOR('',#3601,1.);
#3601 = DIRECTION('',(0.,-1.));
#3602 = ( GEOMETRIC_REPRESENTATION_CONTEXT(2) 
PARAMETRIC_REPRESENTATION_CONTEXT() REPRESENTATION_CONTEXT('2D SPACE',''
  ) );
#3603 = ORIENTED_EDGE('',*,*,#1590,.T.);
#3604 = ORIENTED_EDGE('',*,*,#3605,.T.);
#3605 = EDGE_CURVE('',#1591,#3606,#3608,.T.);
#3606 = VERTEX_POINT('',#3607);
#3607 = CARTESIAN_POINT('',(23.6,-5.,8.));
#3608 = SURFACE_CURVE('',#3609,(#3613,#3620),.PCURVE_S1.);
#3609 = LINE('',#3610,#3611);
#3610 = CARTESIAN_POINT('',(23.6,-7.,8.));
#3611 = VECTOR('',#3612,1.);
#3612 = DIRECTION('',(0.,1.,0.));
#3613 = PCURVE('',#126,#3614);
#3614 = DEFINITIONAL_REPRESENTATION('',(#3615),#3619);
#3615 = LINE('',#3616,#3617);
#3616 = CARTESIAN_POINT('',(56.6,0.));
#3617 = VECTOR('',#3618,1.);
#3618 = DIRECTION('',(0.,1.));
#3619 = ( GEOMETRIC_REPRESENTATION_CONTEXT(2) 
PARAMETRIC_REPRESENTATION_CONTEXT() REPRESENTATION_CONTEXT('2D SPACE',''
  ) );
#3620 = PCURVE('',#1629,#3621);
#3621 = DEFINITIONAL_REPRESENTATION('',(#3622),#3626);
#3622 = LINE('',#3623,#3624);
#3623 = CARTESIAN_POINT('',(1.,0.));
#3624 = VECTOR('',#3625,1.);
#3625 = DIRECTION('',(0.,-1.));
#3626 = ( GEOMETRIC_REPRESENTATION_CONTEXT(2) 
PARAMETRIC_REPRESENTATION_CONTEXT() REPRESENTATION_CONTEXT('2D SPACE',''
  ) );
#3627 = ORIENTED_EDGE('',*,*,#3628,.F.);
#3628 = EDGE_CURVE('',#3629,#3606,#3631,.T.);
#3629 = VERTEX_POINT('',#3630);
#3630 = CARTESIAN_POINT('',(24.4,-5.,8.));
#3631 = SURFACE_CURVE('',#3632,(#3636,#3643),.PCURVE_S1.);
#3632 = LINE('',#3633,#3634);
#3633 = CARTESIAN_POINT('',(-4.7,-5.,8.));
#3634 = VECTOR('',#3635,1.);
#3635 = DIRECTION('',(-1.,0.,0.));
#3636 = PCURVE('',#126,#3637);
#3637 = DEFINITIONAL_REPRESENTATION('',(#3638),#3642);
#3638 = LINE('',#3639,#3640);
#3639 = CARTESIAN_POINT('',(28.3,2.));
#3640 = VECTOR('',#3641,1.);
#3641 = DIRECTION('',(-1.,0.));
#3642 = ( GEOMETRIC_REPRESENTATION_CONTEXT(2) 
PARAMETRIC_REPRESENTATION_CONTEXT() REPRESENTATION_CONTEXT('2D SPACE',''
  ) );
#3643 = PCURVE('',#3644,#3649);
#3644 = PLANE('',#3645);
#3645 = AXIS2_PLACEMENT_3D('',#3646,#3647,#3648);
#3646 = CARTESIAN_POINT('',(23.6,-5.,7.));
#3647 = DIRECTION('',(0.,1.,0.));
#3648 = DIRECTION('',(0.,0.,1.));
#3649 = DEFINITIONAL_REPRESENTATION('',(#3650),#3654);
#3650 = LINE('',#3651,#3652);
#3651 = CARTESIAN_POINT('',(1.,-28.3));
#3652 = VECTOR('',#3653,1.);
#3653 = DIRECTION('',(0.,-1.));
#3654 = ( GEOMETRIC_REPRESENTATION_CONTEXT(2) 
PARAMETRIC_REPRESENTATION_CONTEXT() REPRESENTATION_CONTEXT('2D SPACE',''
  ) );
#3655 = ORIENTED_EDGE('',*,*,#3656,.F.);
#3656 = EDGE_CURVE('',#1670,#3629,#3657,.T.);
#3657 = SURFACE_CURVE('',#3658,(#3662,#3669),.PCURVE_S1.);
#3658 = LINE('',#3659,#3660);
#3659 = CARTESIAN_POINT('',(24.4,-7.,8.));
#3660 = VECTOR('',#3661,1.);
#3661 = DIRECTION('',(0.,1.,0.));
#3662 = PCURVE('',#126,#3663);
#3663 = DEFINITIONAL_REPRESENTATION('',(#3664),#3668);
#3664 = LINE('',#3665,#3666);
#3665 = CARTESIAN_POINT('',(57.4,0.));
#3666 = VECTOR('',#3667,1.);
#3667 = DIRECTION('',(0.,1.));
#3668 = ( GEOMETRIC_REPRESENTATION_CONTEXT(2) 
PARAMETRIC_REPRESENTATION_CONTEXT() REPRESENTATION_CONTEXT('2D SPACE',''
  ) );
#3669 = PCURVE('',#1685,#3670);
#3670 = DEFINITIONAL_REPRESENTATION('',(#3671),#3675);
#3671 = LINE('',#3672,#3673);
#3672 = CARTESIAN_POINT('',(1.,0.));
#3673 = VECTOR('',#3674,1.);
#3674 = DIRECTION('',(0.,-1.));
#3675 = ( GEOMETRIC_REPRESENTATION_CONTEXT(2) 
PARAMETRIC_REPRESENTATION_CONTEXT() REPRESENTATION_CONTEXT('2D SPACE',''
  ) );
#3676 = ORIENTED_EDGE('',*,*,#1697,.T.);
#3677 = ORIENTED_EDGE('',*,*,#3678,.T.);
#3678 = EDGE_CURVE('',#1698,#3679,#3681,.T.);
#3679 = VERTEX_POINT('',#3680);
#3680 = CARTESIAN_POINT('',(25.,-5.,8.));
#3681 = SURFACE_CURVE('',#3682,(#3686,#3693),.PCURVE_S1.);
#3682 = LINE('',#3683,#3684);
#3683 = CARTESIAN_POINT('',(25.,-7.,8.));
#3684 = VECTOR('',#3685,1.);
#3685 = DIRECTION('',(0.,1.,0.));
#3686 = PCURVE('',#126,#3687);
#3687 = DEFINITIONAL_REPRESENTATION('',(#3688),#3692);
#3688 = LINE('',#3689,#3690);
#3689 = CARTESIAN_POINT('',(58.,0.));
#3690 = VECTOR('',#3691,1.);
#3691 = DIRECTION('',(0.,1.));
#3692 = ( GEOMETRIC_REPRESENTATION_CONTEXT(2) 
PARAMETRIC_REPRESENTATION_CONTEXT() REPRESENTATION_CONTEXT('2D SPACE',''
  ) );
#3693 = PCURVE('',#1736,#3694);
#3694 = DEFINITIONAL_REPRESENTATION('',(#3695),#3699);
#3695 = LINE('',#3696,#3697);
#3696 = CARTESIAN_POINT('',(1.,0.));
#3697 = VECTOR('',#3698,1.);
#3698 = DIRECTION('',(0.,-1.));
#3699 = ( GEOMETRIC_REPRESENTATION_CONTEXT(2) 
PARAMETRIC_REPRESENTATION_CONTEXT() REPRESENTATION_CONTEXT('2D SPACE',''
  ) );
#3700 = ORIENTED_EDGE('',*,*,#3701,.F.);
#3701 = EDGE_CURVE('',#3702,#3679,#3704,.T.);
#3702 = VERTEX_POINT('',#3703);
#3703 = CARTESIAN_POINT('',(25.8,-5.,8.));
#3704 = SURFACE_CURVE('',#3705,(#3709,#3716),.PCURVE_S1.);
#3705 = LINE('',#3706,#3707);
#3706 = CARTESIAN_POINT('',(-4.,-5.,8.));
#3707 = VECTOR('',#3708,1.);
#3708 = DIRECTION('',(-1.,0.,0.));
#3709 = PCURVE('',#126,#3710);
#3710 = DEFINITIONAL_REPRESENTATION('',(#3711),#3715);
#3711 = LINE('',#3712,#3713);
#3712 = CARTESIAN_POINT('',(29.,2.));
#3713 = VECTOR('',#3714,1.);
#3714 = DIRECTION('',(-1.,0.));
#3715 = ( GEOMETRIC_REPRESENTATION_CONTEXT(2) 
PARAMETRIC_REPRESENTATION_CONTEXT() REPRESENTATION_CONTEXT('2D SPACE',''
  ) );
#3716 = PCURVE('',#3717,#3722);
#3717 = PLANE('',#3718);
#3718 = AXIS2_PLACEMENT_3D('',#3719,#3720,#3721);
#3719 = CARTESIAN_POINT('',(25.,-5.,7.));
#3720 = DIRECTION('',(0.,1.,0.));
#3721 = DIRECTION('',(0.,0.,1.));
#3722 = DEFINITIONAL_REPRESENTATION('',(#3723),#3727);
#3723 = LINE('',#3724,#3725);
#3724 = CARTESIAN_POINT('',(1.,-29.));
#3725 = VECTOR('',#3726,1.);
#3726 = DIRECTION('',(0.,-1.));
#3727 = ( GEOMETRIC_REPRESENTATION_CONTEXT(2) 
PARAMETRIC_REPRESENTATION_CONTEXT() REPRESENTATION_CONTEXT('2D SPACE',''
  ) );
#3728 = ORIENTED_EDGE('',*,*,#3729,.F.);
#3729 = EDGE_CURVE('',#1777,#3702,#3730,.T.);
#3730 = SURFACE_CURVE('',#3731,(#3735,#3742),.PCURVE_S1.);
#3731 = LINE('',#3732,#3733);
#3732 = CARTESIAN_POINT('',(25.8,-7.,8.));
#3733 = VECTOR('',#3734,1.);
#3734 = DIRECTION('',(0.,1.,0.));
#3735 = PCURVE('',#126,#3736);
#3736 = DEFINITIONAL_REPRESENTATION('',(#3737),#3741);
#3737 = LINE('',#3738,#3739);
#3738 = CARTESIAN_POINT('',(58.8,0.));
#3739 = VECTOR('',#3740,1.);
#3740 = DIRECTION('',(0.,1.));
#3741 = ( GEOMETRIC_REPRESENTATION_CONTEXT(2) 
PARAMETRIC_REPRESENTATION_CONTEXT() REPRESENTATION_CONTEXT('2D SPACE',''
  ) );
#3742 = PCURVE('',#1792,#3743);
#3743 = DEFINITIONAL_REPRESENTATION('',(#3744),#3748);
#3744 = LINE('',#3745,#3746);
#3745 = CARTESIAN_POINT('',(1.,0.));
#3746 = VECTOR('',#3747,1.);
#3747 = DIRECTION('',(0.,-1.));
#3748 = ( GEOMETRIC_REPRESENTATION_CONTEXT(2) 
PARAMETRIC_REPRESENTATION_CONTEXT() REPRESENTATION_CONTEXT('2D SPACE',''
  ) );
#3749 = ORIENTED_EDGE('',*,*,#1804,.T.);
#3750 = ORIENTED_EDGE('',*,*,#3751,.T.);
#3751 = EDGE_CURVE('',#1805,#3752,#3754,.T.);
#3752 = VERTEX_POINT('',#3753);
#3753 = CARTESIAN_POINT('',(26.4,-5.,8.));
#3754 = SURFACE_CURVE('',#3755,(#3759,#3766),.PCURVE_S1.);
#3755 = LINE('',#3756,#3757);
#3756 = CARTESIAN_POINT('',(26.4,-7.,8.));
#3757 = VECTOR('',#3758,1.);
#3758 = DIRECTION('',(0.,1.,0.));
#3759 = PCURVE('',#126,#3760);
#3760 = DEFINITIONAL_REPRESENTATION('',(#3761),#3765);
#3761 = LINE('',#3762,#3763);
#3762 = CARTESIAN_POINT('',(59.4,0.));
#3763 = VECTOR('',#3764,1.);
#3764 = DIRECTION('',(0.,1.));
#3765 = ( GEOMETRIC_REPRESENTATION_CONTEXT(2) 
PARAMETRIC_REPRESENTATION_CONTEXT() REPRESENTATION_CONTEXT('2D SPACE',''
  ) );
#3766 = PCURVE('',#1843,#3767);
#3767 = DEFINITIONAL_REPRESENTATION('',(#3768),#3772);
#3768 = LINE('',#3769,#3770);
#3769 = CARTESIAN_POINT('',(1.,0.));
#3770 = VECTOR('',#3771,1.);
#3771 = DIRECTION('',(0.,-1.));
#3772 = ( GEOMETRIC_REPRESENTATION_CONTEXT(2) 
PARAMETRIC_REPRESENTATION_CONTEXT() REPRESENTATION_CONTEXT('2D SPACE',''
  ) );
#3773 = ORIENTED_EDGE('',*,*,#3774,.F.);
#3774 = EDGE_CURVE('',#3775,#3752,#3777,.T.);
#3775 = VERTEX_POINT('',#3776);
#3776 = CARTESIAN_POINT('',(27.2,-5.,8.));
#3777 = SURFACE_CURVE('',#3778,(#3782,#3789),.PCURVE_S1.);
#3778 = LINE('',#3779,#3780);
#3779 = CARTESIAN_POINT('',(-3.3,-5.,8.));
#3780 = VECTOR('',#3781,1.);
#3781 = DIRECTION('',(-1.,0.,0.));
#3782 = PCURVE('',#126,#3783);
#3783 = DEFINITIONAL_REPRESENTATION('',(#3784),#3788);
#3784 = LINE('',#3785,#3786);
#3785 = CARTESIAN_POINT('',(29.7,2.));
#3786 = VECTOR('',#3787,1.);
#3787 = DIRECTION('',(-1.,0.));
#3788 = ( GEOMETRIC_REPRESENTATION_CONTEXT(2) 
PARAMETRIC_REPRESENTATION_CONTEXT() REPRESENTATION_CONTEXT('2D SPACE',''
  ) );
#3789 = PCURVE('',#3790,#3795);
#3790 = PLANE('',#3791);
#3791 = AXIS2_PLACEMENT_3D('',#3792,#3793,#3794);
#3792 = CARTESIAN_POINT('',(26.4,-5.,7.));
#3793 = DIRECTION('',(0.,1.,0.));
#3794 = DIRECTION('',(0.,0.,1.));
#3795 = DEFINITIONAL_REPRESENTATION('',(#3796),#3800);
#3796 = LINE('',#3797,#3798);
#3797 = CARTESIAN_POINT('',(1.,-29.7));
#3798 = VECTOR('',#3799,1.);
#3799 = DIRECTION('',(0.,-1.));
#3800 = ( GEOMETRIC_REPRESENTATION_CONTEXT(2) 
PARAMETRIC_REPRESENTATION_CONTEXT() REPRESENTATION_CONTEXT('2D SPACE',''
  ) );
#3801 = ORIENTED_EDGE('',*,*,#3802,.F.);
#3802 = EDGE_CURVE('',#1884,#3775,#3803,.T.);
#3803 = SURFACE_CURVE('',#3804,(#3808,#3815),.PCURVE_S1.);
#3804 = LINE('',#3805,#3806);
#3805 = CARTESIAN_POINT('',(27.2,-7.,8.));
#3806 = VECTOR('',#3807,1.);
#3807 = DIRECTION('',(0.,1.,0.));
#3808 = PCURVE('',#126,#3809);
#3809 = DEFINITIONAL_REPRESENTATION('',(#3810),#3814);
#3810 = LINE('',#3811,#3812);
#3811 = CARTESIAN_POINT('',(60.2,0.));
#3812 = VECTOR('',#3813,1.);
#3813 = DIRECTION('',(0.,1.));
#3814 = ( GEOMETRIC_REPRESENTATION_CONTEXT(2) 
PARAMETRIC_REPRESENTATION_CONTEXT() REPRESENTATION_CONTEXT('2D SPACE',''
  ) );
#3815 = PCURVE('',#1899,#3816);
#3816 = DEFINITIONAL_REPRESENTATION('',(#3817),#3821);
#3817 = LINE('',#3818,#3819);
#3818 = CARTESIAN_POINT('',(1.,0.));
#3819 = VECTOR('',#3820,1.);
#3820 = DIRECTION('',(0.,-1.));
#3821 = ( GEOMETRIC_REPRESENTATION_CONTEXT(2) 
PARAMETRIC_REPRESENTATION_CONTEXT() REPRESENTATION_CONTEXT('2D SPACE',''
  ) );
#3822 = ORIENTED_EDGE('',*,*,#1911,.T.);
#3823 = ORIENTED_EDGE('',*,*,#3824,.T.);
#3824 = EDGE_CURVE('',#1912,#3825,#3827,.T.);
#3825 = VERTEX_POINT('',#3826);
#3826 = CARTESIAN_POINT('',(27.8,-5.,8.));
#3827 = SURFACE_CURVE('',#3828,(#3832,#3839),.PCURVE_S1.);
#3828 = LINE('',#3829,#3830);
#3829 = CARTESIAN_POINT('',(27.8,-7.,8.));
#3830 = VECTOR('',#3831,1.);
#3831 = DIRECTION('',(0.,1.,0.));
#3832 = PCURVE('',#126,#3833);
#3833 = DEFINITIONAL_REPRESENTATION('',(#3834),#3838);
#3834 = LINE('',#3835,#3836);
#3835 = CARTESIAN_POINT('',(60.8,0.));
#3836 = VECTOR('',#3837,1.);
#3837 = DIRECTION('',(0.,1.));
#3838 = ( GEOMETRIC_REPRESENTATION_CONTEXT(2) 
PARAMETRIC_REPRESENTATION_CONTEXT() REPRESENTATION_CONTEXT('2D SPACE',''
  ) );
#3839 = PCURVE('',#1950,#3840);
#3840 = DEFINITIONAL_REPRESENTATION('',(#3841),#3845);
#3841 = LINE('',#3842,#3843);
#3842 = CARTESIAN_POINT('',(1.,0.));
#3843 = VECTOR('',#3844,1.);
#3844 = DIRECTION('',(0.,-1.));
#3845 = ( GEOMETRIC_REPRESENTATION_CONTEXT(2) 
PARAMETRIC_REPRESENTATION_CONTEXT() REPRESENTATION_CONTEXT('2D SPACE',''
  ) );
#3846 = ORIENTED_EDGE('',*,*,#3847,.F.);
#3847 = EDGE_CURVE('',#3848,#3825,#3850,.T.);
#3848 = VERTEX_POINT('',#3849);
#3849 = CARTESIAN_POINT('',(28.6,-5.,8.));
#3850 = SURFACE_CURVE('',#3851,(#3855,#3862),.PCURVE_S1.);
#3851 = LINE('',#3852,#3853);
#3852 = CARTESIAN_POINT('',(-2.6,-5.,8.));
#3853 = VECTOR('',#3854,1.);
#3854 = DIRECTION('',(-1.,0.,0.));
#3855 = PCURVE('',#126,#3856);
#3856 = DEFINITIONAL_REPRESENTATION('',(#3857),#3861);
#3857 = LINE('',#3858,#3859);
#3858 = CARTESIAN_POINT('',(30.4,2.));
#3859 = VECTOR('',#3860,1.);
#3860 = DIRECTION('',(-1.,0.));
#3861 = ( GEOMETRIC_REPRESENTATION_CONTEXT(2) 
PARAMETRIC_REPRESENTATION_CONTEXT() REPRESENTATION_CONTEXT('2D SPACE',''
  ) );
#3862 = PCURVE('',#3863,#3868);
#3863 = PLANE('',#3864);
#3864 = AXIS2_PLACEMENT_3D('',#3865,#3866,#3867);
#3865 = CARTESIAN_POINT('',(27.8,-5.,7.));
#3866 = DIRECTION('',(0.,1.,0.));
#3867 = DIRECTION('',(0.,0.,1.));
#3868 = DEFINITIONAL_REPRESENTATION('',(#3869),#3873);
#3869 = LINE('',#3870,#3871);
#3870 = CARTESIAN_POINT('',(1.,-30.4));
#3871 = VECTOR('',#3872,1.);
#3872 = DIRECTION('',(0.,-1.));
#3873 = ( GEOMETRIC_REPRESENTATION_CONTEXT(2) 
PARAMETRIC_REPRESENTATION_CONTEXT() REPRESENTATION_CONTEXT('2D SPACE',''
  ) );
#3874 = ORIENTED_EDGE('',*,*,#3875,.F.);
#3875 = EDGE_CURVE('',#1991,#3848,#3876,.T.);
#3876 = SURFACE_CURVE('',#3877,(#3881,#3888),.PCURVE_S1.);
#3877 = LINE('',#3878,#3879);
#3878 = CARTESIAN_POINT('',(28.6,-7.,8.));
#3879 = VECTOR('',#3880,1.);
#3880 = DIRECTION('',(0.,1.,0.));
#3881 = PCURVE('',#126,#3882);
#3882 = DEFINITIONAL_REPRESENTATION('',(#3883),#3887);
#3883 = LINE('',#3884,#3885);
#3884 = CARTESIAN_POINT('',(61.6,0.));
#3885 = VECTOR('',#3886,1.);
#3886 = DIRECTION('',(0.,1.));
#3887 = ( GEOMETRIC_REPRESENTATION_CONTEXT(2) 
PARAMETRIC_REPRESENTATION_CONTEXT() REPRESENTATION_CONTEXT('2D SPACE',''
  ) );
#3888 = PCURVE('',#2006,#3889);
#3889 = DEFINITIONAL_REPRESENTATION('',(#3890),#3894);
#3890 = LINE('',#3891,#3892);
#3891 = CARTESIAN_POINT('',(1.,0.));
#3892 = VECTOR('',#3893,1.);
#3893 = DIRECTION('',(0.,-1.));
#3894 = ( GEOMETRIC_REPRESENTATION_CONTEXT(2) 
PARAMETRIC_REPRESENTATION_CONTEXT() REPRESENTATION_CONTEXT('2D SPACE',''
  ) );
#3895 = ORIENTED_EDGE('',*,*,#2018,.T.);
#3896 = ORIENTED_EDGE('',*,*,#3897,.T.);
#3897 = EDGE_CURVE('',#2019,#3898,#3900,.T.);
#3898 = VERTEX_POINT('',#3899);
#3899 = CARTESIAN_POINT('',(29.2,-5.,8.));
#3900 = SURFACE_CURVE('',#3901,(#3905,#3912),.PCURVE_S1.);
#3901 = LINE('',#3902,#3903);
#3902 = CARTESIAN_POINT('',(29.2,-7.,8.));
#3903 = VECTOR('',#3904,1.);
#3904 = DIRECTION('',(0.,1.,0.));
#3905 = PCURVE('',#126,#3906);
#3906 = DEFINITIONAL_REPRESENTATION('',(#3907),#3911);
#3907 = LINE('',#3908,#3909);
#3908 = CARTESIAN_POINT('',(62.2,0.));
#3909 = VECTOR('',#3910,1.);
#3910 = DIRECTION('',(0.,1.));
#3911 = ( GEOMETRIC_REPRESENTATION_CONTEXT(2) 
PARAMETRIC_REPRESENTATION_CONTEXT() REPRESENTATION_CONTEXT('2D SPACE',''
  ) );
#3912 = PCURVE('',#2057,#3913);
#3913 = DEFINITIONAL_REPRESENTATION('',(#3914),#3918);
#3914 = LINE('',#3915,#3916);
#3915 = CARTESIAN_POINT('',(1.,0.));
#3916 = VECTOR('',#3917,1.);
#3917 = DIRECTION('',(0.,-1.));
#3918 = ( GEOMETRIC_REPRESENTATION_CONTEXT(2) 
PARAMETRIC_REPRESENTATION_CONTEXT() REPRESENTATION_CONTEXT('2D SPACE',''
  ) );
#3919 = ORIENTED_EDGE('',*,*,#3920,.F.);
#3920 = EDGE_CURVE('',#3921,#3898,#3923,.T.);
#3921 = VERTEX_POINT('',#3922);
#3922 = CARTESIAN_POINT('',(30.,-5.,8.));
#3923 = SURFACE_CURVE('',#3924,(#3928,#3935),.PCURVE_S1.);
#3924 = LINE('',#3925,#3926);
#3925 = CARTESIAN_POINT('',(-1.9,-5.,8.));
#3926 = VECTOR('',#3927,1.);
#3927 = DIRECTION('',(-1.,0.,0.));
#3928 = PCURVE('',#126,#3929);
#3929 = DEFINITIONAL_REPRESENTATION('',(#3930),#3934);
#3930 = LINE('',#3931,#3932);
#3931 = CARTESIAN_POINT('',(31.1,2.));
#3932 = VECTOR('',#3933,1.);
#3933 = DIRECTION('',(-1.,0.));
#3934 = ( GEOMETRIC_REPRESENTATION_CONTEXT(2) 
PARAMETRIC_REPRESENTATION_CONTEXT() REPRESENTATION_CONTEXT('2D SPACE',''
  ) );
#3935 = PCURVE('',#3936,#3941);
#3936 = PLANE('',#3937);
#3937 = AXIS2_PLACEMENT_3D('',#3938,#3939,#3940);
#3938 = CARTESIAN_POINT('',(29.2,-5.,7.));
#3939 = DIRECTION('',(0.,1.,0.));
#3940 = DIRECTION('',(0.,0.,1.));
#3941 = DEFINITIONAL_REPRESENTATION('',(#3942),#3946);
#3942 = LINE('',#3943,#3944);
#3943 = CARTESIAN_POINT('',(1.,-31.1));
#3944 = VECTOR('',#3945,1.);
#3945 = DIRECTION('',(0.,-1.));
#3946 = ( GEOMETRIC_REPRESENTATION_CONTEXT(2) 
PARAMETRIC_REPRESENTATION_CONTEXT() REPRESENTATION_CONTEXT('2D SPACE',''
  ) );
#3947 = ORIENTED_EDGE('',*,*,#3948,.F.);
#3948 = EDGE_CURVE('',#2098,#3921,#3949,.T.);
#3949 = SURFACE_CURVE('',#3950,(#3954,#3961),.PCURVE_S1.);
#3950 = LINE('',#3951,#3952);
#3951 = CARTESIAN_POINT('',(30.,-7.,8.));
#3952 = VECTOR('',#3953,1.);
#3953 = DIRECTION('',(0.,1.,0.));
#3954 = PCURVE('',#126,#3955);
#3955 = DEFINITIONAL_REPRESENTATION('',(#3956),#3960);
#3956 = LINE('',#3957,#3958);
#3957 = CARTESIAN_POINT('',(63.,0.));
#3958 = VECTOR('',#3959,1.);
#3959 = DIRECTION('',(0.,1.));
#3960 = ( GEOMETRIC_REPRESENTATION_CONTEXT(2) 
PARAMETRIC_REPRESENTATION_CONTEXT() REPRESENTATION_CONTEXT('2D SPACE',''
  ) );
#3961 = PCURVE('',#2113,#3962);
#3962 = DEFINITIONAL_REPRESENTATION('',(#3963),#3967);
#3963 = LINE('',#3964,#3965);
#3964 = CARTESIAN_POINT('',(1.,0.));
#3965 = VECTOR('',#3966,1.);
#3966 = DIRECTION('',(0.,-1.));
#3967 = ( GEOMETRIC_REPRESENTATION_CONTEXT(2) 
PARAMETRIC_REPRESENTATION_CONTEXT() REPRESENTATION_CONTEXT('2D SPACE',''
  ) );
#3968 = ORIENTED_EDGE('',*,*,#2125,.T.);
#3969 = ORIENTED_EDGE('',*,*,#3970,.T.);
#3970 = EDGE_CURVE('',#2126,#3971,#3973,.T.);
#3971 = VERTEX_POINT('',#3972);
#3972 = CARTESIAN_POINT('',(30.6,-5.,8.));
#3973 = SURFACE_CURVE('',#3974,(#3978,#3985),.PCURVE_S1.);
#3974 = LINE('',#3975,#3976);
#3975 = CARTESIAN_POINT('',(30.6,-7.,8.));
#3976 = VECTOR('',#3977,1.);
#3977 = DIRECTION('',(0.,1.,0.));
#3978 = PCURVE('',#126,#3979);
#3979 = DEFINITIONAL_REPRESENTATION('',(#3980),#3984);
#3980 = LINE('',#3981,#3982);
#3981 = CARTESIAN_POINT('',(63.6,0.));
#3982 = VECTOR('',#3983,1.);
#3983 = DIRECTION('',(0.,1.));
#3984 = ( GEOMETRIC_REPRESENTATION_CONTEXT(2) 
PARAMETRIC_REPRESENTATION_CONTEXT() REPRESENTATION_CONTEXT('2D SPACE',''
  ) );
#3985 = PCURVE('',#2164,#3986);
#3986 = DEFINITIONAL_REPRESENTATION('',(#3987),#3991);
#3987 = LINE('',#3988,#3989);
#3988 = CARTESIAN_POINT('',(1.,0.));
#3989 = VECTOR('',#3990,1.);
#3990 = DIRECTION('',(0.,-1.));
#3991 = ( GEOMETRIC_REPRESENTATION_CONTEXT(2) 
PARAMETRIC_REPRESENTATION_CONTEXT() REPRESENTATION_CONTEXT('2D SPACE',''
  ) );
#3992 = ORIENTED_EDGE('',*,*,#3993,.F.);
#3993 = EDGE_CURVE('',#3994,#3971,#3996,.T.);
#3994 = VERTEX_POINT('',#3995);
#3995 = CARTESIAN_POINT('',(31.4,-5.,8.));
#3996 = SURFACE_CURVE('',#3997,(#4001,#4008),.PCURVE_S1.);
#3997 = LINE('',#3998,#3999);
#3998 = CARTESIAN_POINT('',(-1.2,-5.,8.));
#3999 = VECTOR('',#4000,1.);
#4000 = DIRECTION('',(-1.,0.,0.));
#4001 = PCURVE('',#126,#4002);
#4002 = DEFINITIONAL_REPRESENTATION('',(#4003),#4007);
#4003 = LINE('',#4004,#4005);
#4004 = CARTESIAN_POINT('',(31.8,2.));
#4005 = VECTOR('',#4006,1.);
#4006 = DIRECTION('',(-1.,0.));
#4007 = ( GEOMETRIC_REPRESENTATION_CONTEXT(2) 
PARAMETRIC_REPRESENTATION_CONTEXT() REPRESENTATION_CONTEXT('2D SPACE',''
  ) );
#4008 = PCURVE('',#4009,#4014);
#4009 = PLANE('',#4010);
#4010 = AXIS2_PLACEMENT_3D('',#4011,#4012,#4013);
#4011 = CARTESIAN_POINT('',(30.6,-5.,7.));
#4012 = DIRECTION('',(0.,1.,0.));
#4013 = DIRECTION('',(0.,0.,1.));
#4014 = DEFINITIONAL_REPRESENTATION('',(#4015),#4019);
#4015 = LINE('',#4016,#4017);
#4016 = CARTESIAN_POINT('',(1.,-31.8));
#4017 = VECTOR('',#4018,1.);
#4018 = DIRECTION('',(0.,-1.));
#4019 = ( GEOMETRIC_REPRESENTATION_CONTEXT(2) 
PARAMETRIC_REPRESENTATION_CONTEXT() REPRESENTATION_CONTEXT('2D SPACE',''
  ) );
#4020 = ORIENTED_EDGE('',*,*,#4021,.F.);
#4021 = EDGE_CURVE('',#2205,#3994,#4022,.T.);
#4022 = SURFACE_CURVE('',#4023,(#4027,#4034),.PCURVE_S1.);
#4023 = LINE('',#4024,#4025);
#4024 = CARTESIAN_POINT('',(31.4,-7.,8.));
#4025 = VECTOR('',#4026,1.);
#4026 = DIRECTION('',(0.,1.,0.));
#4027 = PCURVE('',#126,#4028);
#4028 = DEFINITIONAL_REPRESENTATION('',(#4029),#4033);
#4029 = LINE('',#4030,#4031);
#4030 = CARTESIAN_POINT('',(64.4,0.));
#4031 = VECTOR('',#4032,1.);
#4032 = DIRECTION('',(0.,1.));
#4033 = ( GEOMETRIC_REPRESENTATION_CONTEXT(2) 
PARAMETRIC_REPRESENTATION_CONTEXT() REPRESENTATION_CONTEXT('2D SPACE',''
  ) );
#4034 = PCURVE('',#2220,#4035);
#4035 = DEFINITIONAL_REPRESENTATION('',(#4036),#4040);
#4036 = LINE('',#4037,#4038);
#4037 = CARTESIAN_POINT('',(1.,0.));
#4038 = VECTOR('',#4039,1.);
#4039 = DIRECTION('',(0.,-1.));
#4040 = ( GEOMETRIC_REPRESENTATION_CONTEXT(2) 
PARAMETRIC_REPRESENTATION_CONTEXT() REPRESENTATION_CONTEXT('2D SPACE',''
  ) );
#4041 = ORIENTED_EDGE('',*,*,#2232,.T.);
#4042 = FACE_BOUND('',#4043,.T.);
#4043 = EDGE_LOOP('',(#4044));
#4044 = ORIENTED_EDGE('',*,*,#4045,.F.);
#4045 = EDGE_CURVE('',#4046,#4046,#4048,.T.);
#4046 = VERTEX_POINT('',#4047);
#4047 = CARTESIAN_POINT('',(-25.8,1.5,8.));
#4048 = SURFACE_CURVE('',#4049,(#4054,#4061),.PCURVE_S1.);
#4049 = CIRCLE('',#4050,1.2);
#4050 = AXIS2_PLACEMENT_3D('',#4051,#4052,#4053);
#4051 = CARTESIAN_POINT('',(-27.,1.5,8.));
#4052 = DIRECTION('',(0.,0.,1.));
#4053 = DIRECTION('',(1.,0.,0.));
#4054 = PCURVE('',#126,#4055);
#4055 = DEFINITIONAL_REPRESENTATION('',(#4056),#4060);
#4056 = CIRCLE('',#4057,1.2);
#4057 = AXIS2_PLACEMENT_2D('',#4058,#4059);
#4058 = CARTESIAN_POINT('',(6.,8.5));
#4059 = DIRECTION('',(1.,0.));
#4060 = ( GEOMETRIC_REPRESENTATION_CONTEXT(2) 
PARAMETRIC_REPRESENTATION_CONTEXT() REPRESENTATION_CONTEXT('2D SPACE',''
  ) );
#4061 = PCURVE('',#4062,#4067);
#4062 = CYLINDRICAL_SURFACE('',#4063,1.2);
#4063 = AXIS2_PLACEMENT_3D('',#4064,#4065,#4066);
#4064 = CARTESIAN_POINT('',(-27.,1.5,0.));
#4065 = DIRECTION('',(-0.,-0.,-1.));
#4066 = DIRECTION('',(1.,0.,0.));
#4067 = DEFINITIONAL_REPRESENTATION('',(#4068),#4072);
#4068 = LINE('',#4069,#4070);
#4069 = CARTESIAN_POINT('',(-0.,-8.));
#4070 = VECTOR('',#4071,1.);
#4071 = DIRECTION('',(-1.,0.));
#4072 = ( GEOMETRIC_REPRESENTATION_CONTEXT(2) 
PARAMETRIC_REPRESENTATION_CONTEXT() REPRESENTATION_CONTEXT('2D SPACE',''
  ) );
#4073 = FACE_BOUND('',#4074,.T.);
#4074 = EDGE_LOOP('',(#4075));
#4075 = ORIENTED_EDGE('',*,*,#4076,.F.);
#4076 = EDGE_CURVE('',#4077,#4077,#4079,.T.);
#4077 = VERTEX_POINT('',#4078);
#4078 = CARTESIAN_POINT('',(-16.75,1.5,8.));
#4079 = SURFACE_CURVE('',#4080,(#4085,#4092),.PCURVE_S1.);
#4080 = CIRCLE('',#4081,1.25);
#4081 = AXIS2_PLACEMENT_3D('',#4082,#4083,#4084);
#4082 = CARTESIAN_POINT('',(-18.,1.5,8.));
#4083 = DIRECTION('',(0.,0.,1.));
#4084 = DIRECTION('',(1.,0.,0.));
#4085 = PCURVE('',#126,#4086);
#4086 = DEFINITIONAL_REPRESENTATION('',(#4087),#4091);
#4087 = CIRCLE('',#4088,1.25);
#4088 = AXIS2_PLACEMENT_2D('',#4089,#4090);
#4089 = CARTESIAN_POINT('',(15.,8.5));
#4090 = DIRECTION('',(1.,0.));
#4091 = ( GEOMETRIC_REPRESENTATION_CONTEXT(2) 
PARAMETRIC_REPRESENTATION_CONTEXT() REPRESENTATION_CONTEXT('2D SPACE',''
  ) );
#4092 = PCURVE('',#4093,#4098);
#4093 = CYLINDRICAL_SURFACE('',#4094,1.25);
#4094 = AXIS2_PLACEMENT_3D('',#4095,#4096,#4097);
#4095 = CARTESIAN_POINT('',(-18.,1.5,0.));
#4096 = DIRECTION('',(-0.,-0.,-1.));
#4097 = DIRECTION('',(1.,0.,0.));
#4098 = DEFINITIONAL_REPRESENTATION('',(#4099),#4103);
#4099 = LINE('',#4100,#4101);
#4100 = CARTESIAN_POINT('',(-0.,-8.));
#4101 = VECTOR('',#4102,1.);
#4102 = DIRECTION('',(-1.,0.));
#4103 = ( GEOMETRIC_REPRESENTATION_CONTEXT(2) 
PARAMETRIC_REPRESENTATION_CONTEXT() REPRESENTATION_CONTEXT('2D SPACE',''
  ) );
#4104 = FACE_BOUND('',#4105,.T.);
#4105 = EDGE_LOOP('',(#4106));
#4106 = ORIENTED_EDGE('',*,*,#4107,.F.);
#4107 = EDGE_CURVE('',#4108,#4108,#4110,.T.);
#4108 = VERTEX_POINT('',#4109);
#4109 = CARTESIAN_POINT('',(-7.7,1.5,8.));
#4110 = SURFACE_CURVE('',#4111,(#4116,#4123),.PCURVE_S1.);
#4111 = CIRCLE('',#4112,1.3);
#4112 = AXIS2_PLACEMENT_3D('',#4113,#4114,#4115);
#4113 = CARTESIAN_POINT('',(-9.,1.5,8.));
#4114 = DIRECTION('',(0.,0.,1.));
#4115 = DIRECTION('',(1.,0.,0.));
#4116 = PCURVE('',#126,#4117);
#4117 = DEFINITIONAL_REPRESENTATION('',(#4118),#4122);
#4118 = CIRCLE('',#4119,1.3);
#4119 = AXIS2_PLACEMENT_2D('',#4120,#4121);
#4120 = CARTESIAN_POINT('',(24.,8.5));
#4121 = DIRECTION('',(1.,0.));
#4122 = ( GEOMETRIC_REPRESENTATION_CONTEXT(2) 
PARAMETRIC_REPRESENTATION_CONTEXT() REPRESENTATION_CONTEXT('2D SPACE',''
  ) );
#4123 = PCURVE('',#4124,#4129);
#4124 = CYLINDRICAL_SURFACE('',#4125,1.3);
#4125 = AXIS2_PLACEMENT_3D('',#4126,#4127,#4128);
#4126 = CARTESIAN_POINT('',(-9.,1.5,0.));
#4127 = DIRECTION('',(-0.,-0.,-1.));
#4128 = DIRECTION('',(1.,0.,0.));
#4129 = DEFINITIONAL_REPRESENTATION('',(#4130),#4134);
#4130 = LINE('',#4131,#4132);
#4131 = CARTESIAN_POINT('',(-0.,-8.));
#4132 = VECTOR('',#4133,1.);
#4133 = DIRECTION('',(-1.,0.));
#4134 = ( GEOMETRIC_REPRESENTATION_CONTEXT(2) 
PARAMETRIC_REPRESENTATION_CONTEXT() REPRESENTATION_CONTEXT('2D SPACE',''
  ) );
#4135 = FACE_BOUND('',#4136,.T.);
#4136 = EDGE_LOOP('',(#4137));
#4137 = ORIENTED_EDGE('',*,*,#4138,.F.);
#4138 = EDGE_CURVE('',#4139,#4139,#4141,.T.);
#4139 = VERTEX_POINT('',#4140);
#4140 = CARTESIAN_POINT('',(1.35,1.5,8.));
#4141 = SURFACE_CURVE('',#4142,(#4147,#4154),.PCURVE_S1.);
#4142 = CIRCLE('',#4143,1.35);
#4143 = AXIS2_PLACEMENT_3D('',#4144,#4145,#4146);
#4144 = CARTESIAN_POINT('',(0.,1.5,8.));
#4145 = DIRECTION('',(0.,0.,1.));
#4146 = DIRECTION('',(1.,0.,0.));
#4147 = PCURVE('',#126,#4148);
#4148 = DEFINITIONAL_REPRESENTATION('',(#4149),#4153);
#4149 = CIRCLE('',#4150,1.35);
#4150 = AXIS2_PLACEMENT_2D('',#4151,#4152);
#4151 = CARTESIAN_POINT('',(33.,8.5));
#4152 = DIRECTION('',(1.,0.));
#4153 = ( GEOMETRIC_REPRESENTATION_CONTEXT(2) 
PARAMETRIC_REPRESENTATION_CONTEXT() REPRESENTATION_CONTEXT('2D SPACE',''
  ) );
#4154 = PCURVE('',#4155,#4160);
#4155 = CYLINDRICAL_SURFACE('',#4156,1.35);
#4156 = AXIS2_PLACEMENT_3D('',#4157,#4158,#4159);
#4157 = CARTESIAN_POINT('',(0.,1.5,0.));
#4158 = DIRECTION('',(-0.,-0.,-1.));
#4159 = DIRECTION('',(1.,0.,0.));
#4160 = DEFINITIONAL_REPRESENTATION('',(#4161),#4165);
#4161 = LINE('',#4162,#4163);
#4162 = CARTESIAN_POINT('',(-0.,-8.));
#4163 = VECTOR('',#4164,1.);
#4164 = DIRECTION('',(-1.,0.));
#4165 = ( GEOMETRIC_REPRESENTATION_CONTEXT(2) 
PARAMETRIC_REPRESENTATION_CONTEXT() REPRESENTATION_CONTEXT('2D SPACE',''
  ) );
#4166 = FACE_BOUND('',#4167,.T.);
#4167 = EDGE_LOOP('',(#4168));
#4168 = ORIENTED_EDGE('',*,*,#4169,.F.);
#4169 = EDGE_CURVE('',#4170,#4170,#4172,.T.);
#4170 = VERTEX_POINT('',#4171);
#4171 = CARTESIAN_POINT('',(10.4,1.5,8.));
#4172 = SURFACE_CURVE('',#4173,(#4178,#4185),.PCURVE_S1.);
#4173 = CIRCLE('',#4174,1.4);
#4174 = AXIS2_PLACEMENT_3D('',#4175,#4176,#4177);
#4175 = CARTESIAN_POINT('',(9.,1.5,8.));
#4176 = DIRECTION('',(0.,0.,1.));
#4177 = DIRECTION('',(1.,0.,0.));
#4178 = PCURVE('',#126,#4179);
#4179 = DEFINITIONAL_REPRESENTATION('',(#4180),#4184);
#4180 = CIRCLE('',#4181,1.4);
#4181 = AXIS2_PLACEMENT_2D('',#4182,#4183);
#4182 = CARTESIAN_POINT('',(42.,8.5));
#4183 = DIRECTION('',(1.,0.));
#4184 = ( GEOMETRIC_REPRESENTATION_CONTEXT(2) 
PARAMETRIC_REPRESENTATION_CONTEXT() REPRESENTATION_CONTEXT('2D SPACE',''
  ) );
#4185 = PCURVE('',#4186,#4191);
#4186 = CYLINDRICAL_SURFACE('',#4187,1.4);
#4187 = AXIS2_PLACEMENT_3D('',#4188,#4189,#4190);
#4188 = CARTESIAN_POINT('',(9.,1.5,0.));
#4189 = DIRECTION('',(-0.,-0.,-1.));
#4190 = DIRECTION('',(1.,0.,0.));
#4191 = DEFINITIONAL_REPRESENTATION('',(#4192),#4196);
#4192 = LINE('',#4193,#4194);
#4193 = CARTESIAN_POINT('',(-0.,-8.));
#4194 = VECTOR('',#4195,1.);
#4195 = DIRECTION('',(-1.,0.));
#4196 = ( GEOMETRIC_REPRESENTATION_CONTEXT(2) 
PARAMETRIC_REPRESENTATION_CONTEXT() REPRESENTATION_CONTEXT('2D SPACE',''
  ) );
#4197 = FACE_BOUND('',#4198,.T.);
#4198 = EDGE_LOOP('',(#4199));
#4199 = ORIENTED_EDGE('',*,*,#4200,.F.);
#4200 = EDGE_CURVE('',#4201,#4201,#4203,.T.);
#4201 = VERTEX_POINT('',#4202);
#4202 = CARTESIAN_POINT('',(19.45,1.5,8.));
#4203 = SURFACE_CURVE('',#4204,(#4209,#4216),.PCURVE_S1.);
#4204 = CIRCLE('',#4205,1.45);
#4205 = AXIS2_PLACEMENT_3D('',#4206,#4207,#4208);
#4206 = CARTESIAN_POINT('',(18.,1.5,8.));
#4207 = DIRECTION('',(0.,0.,1.));
#4208 = DIRECTION('',(1.,0.,0.));
#4209 = PCURVE('',#126,#4210);
#4210 = DEFINITIONAL_REPRESENTATION('',(#4211),#4215);
#4211 = CIRCLE('',#4212,1.45);
#4212 = AXIS2_PLACEMENT_2D('',#4213,#4214);
#4213 = CARTESIAN_POINT('',(51.,8.5));
#4214 = DIRECTION('',(1.,0.));
#4215 = ( GEOMETRIC_REPRESENTATION_CONTEXT(2) 
PARAMETRIC_REPRESENTATION_CONTEXT() REPRESENTATION_CONTEXT('2D SPACE',''
  ) );
#4216 = PCURVE('',#4217,#4222);
#4217 = CYLINDRICAL_SURFACE('',#4218,1.45);
#4218 = AXIS2_PLACEMENT_3D('',#4219,#4220,#4221);
#4219 = CARTESIAN_POINT('',(18.,1.5,0.));
#4220 = DIRECTION('',(-0.,-0.,-1.));
#4221 = DIRECTION('',(1.,0.,0.));
#4222 = DEFINITIONAL_REPRESENTATION('',(#4223),#4227);
#4223 = LINE('',#4224,#4225);
#4224 = CARTESIAN_POINT('',(-0.,-8.));
#4225 = VECTOR('',#4226,1.);
#4226 = DIRECTION('',(-1.,0.));
#4227 = ( GEOMETRIC_REPRESENTATION_CONTEXT(2) 
PARAMETRIC_REPRESENTATION_CONTEXT() REPRESENTATION_CONTEXT('2D SPACE',''
  ) );
#4228 = FACE_BOUND('',#4229,.T.);
#4229 = EDGE_LOOP('',(#4230));
#4230 = ORIENTED_EDGE('',*,*,#4231,.F.);
#4231 = EDGE_CURVE('',#4232,#4232,#4234,.T.);
#4232 = VERTEX_POINT('',#4233);
#4233 = CARTESIAN_POINT('',(28.5,1.5,8.));
#4234 = SURFACE_CURVE('',#4235,(#4240,#4247),.PCURVE_S1.);
#4235 = CIRCLE('',#4236,1.5);
#4236 = AXIS2_PLACEMENT_3D('',#4237,#4238,#4239);
#4237 = CARTESIAN_POINT('',(27.,1.5,8.));
#4238 = DIRECTION('',(0.,0.,1.));
#4239 = DIRECTION('',(1.,0.,0.));
#4240 = PCURVE('',#126,#4241);
#4241 = DEFINITIONAL_REPRESENTATION('',(#4242),#4246);
#4242 = CIRCLE('',#4243,1.5);
#4243 = AXIS2_PLACEMENT_2D('',#4244,#4245);
#4244 = CARTESIAN_POINT('',(60.,8.5));
#4245 = DIRECTION('',(1.,0.));
#4246 = ( GEOMETRIC_REPRESENTATION_CONTEXT(2) 
PARAMETRIC_REPRESENTATION_CONTEXT() REPRESENTATION_CONTEXT('2D SPACE',''
  ) );
#4247 = PCURVE('',#4248,#4253);
#4248 = CYLINDRICAL_SURFACE('',#4249,1.5);
#4249 = AXIS2_PLACEMENT_3D('',#4250,#4251,#4252);
#4250 = CARTESIAN_POINT('',(27.,1.5,0.));
#4251 = DIRECTION('',(-0.,-0.,-1.));
#4252 = DIRECTION('',(1.,0.,0.));
#4253 = DEFINITIONAL_REPRESENTATION('',(#4254),#4258);
#4254 = LINE('',#4255,#4256);
#4255 = CARTESIAN_POINT('',(-0.,-8.));
#4256 = VECTOR('',#4257,1.);
#4257 = DIRECTION('',(-1.,0.));
#4258 = ( GEOMETRIC_REPRESENTATION_CONTEXT(2) 
PARAMETRIC_REPRESENTATION_CONTEXT() REPRESENTATION_CONTEXT('2D SPACE',''
  ) );
#4259 = ADVANCED_FACE('',(#4260),#100,.T.);
#4260 = FACE_BOUND('',#4261,.T.);
#4261 = EDGE_LOOP('',(#4262,#4285,#4286,#4287));
#4262 = ORIENTED_EDGE('',*,*,#4263,.F.);
#4263 = EDGE_CURVE('',#57,#4264,#4266,.T.);
#4264 = VERTEX_POINT('',#4265);
#4265 = CARTESIAN_POINT('',(33.,7.,0.));
#4266 = SURFACE_CURVE('',#4267,(#4271,#4278),.PCURVE_S1.);
#4267 = LINE('',#4268,#4269);
#4268 = CARTESIAN_POINT('',(-33.,7.,0.));
#4269 = VECTOR('',#4270,1.);
#4270 = DIRECTION('',(1.,0.,0.));
#4271 = PCURVE('',#100,#4272);
#4272 = DEFINITIONAL_REPRESENTATION('',(#4273),#4277);
#4273 = LINE('',#4274,#4275);
#4274 = CARTESIAN_POINT('',(0.,0.));
#4275 = VECTOR('',#4276,1.);
#4276 = DIRECTION('',(0.,1.));
#4277 = ( GEOMETRIC_REPRESENTATION_CONTEXT(2) 
PARAMETRIC_REPRESENTATION_CONTEXT() REPRESENTATION_CONTEXT('2D SPACE',''
  ) );
#4278 = PCURVE('',#72,#4279);
#4279 = DEFINITIONAL_REPRESENTATION('',(#4280),#4284);
#4280 = LINE('',#4281,#4282);
#4281 = CARTESIAN_POINT('',(0.,14.));
#4282 = VECTOR('',#4283,1.);
#4283 = DIRECTION('',(1.,0.));
#4284 = ( GEOMETRIC_REPRESENTATION_CONTEXT(2) 
PARAMETRIC_REPRESENTATION_CONTEXT() REPRESENTATION_CONTEXT('2D SPACE',''
  ) );
#4285 = ORIENTED_EDGE('',*,*,#84,.T.);
#4286 = ORIENTED_EDGE('',*,*,#2487,.T.);
#4287 = ORIENTED_EDGE('',*,*,#4288,.F.);
#4288 = EDGE_CURVE('',#4264,#2465,#4289,.T.);
#4289 = SURFACE_CURVE('',#4290,(#4294,#4301),.PCURVE_S1.);
#4290 = LINE('',#4291,#4292);
#4291 = CARTESIAN_POINT('',(33.,7.,0.));
#4292 = VECTOR('',#4293,1.);
#4293 = DIRECTION('',(0.,0.,1.));
#4294 = PCURVE('',#100,#4295);
#4295 = DEFINITIONAL_REPRESENTATION('',(#4296),#4300);
#4296 = LINE('',#4297,#4298);
#4297 = CARTESIAN_POINT('',(0.,66.));
#4298 = VECTOR('',#4299,1.);
#4299 = DIRECTION('',(1.,0.));
#4300 = ( GEOMETRIC_REPRESENTATION_CONTEXT(2) 
PARAMETRIC_REPRESENTATION_CONTEXT() REPRESENTATION_CONTEXT('2D SPACE',''
  ) );
#4301 = PCURVE('',#2271,#4302);
#4302 = DEFINITIONAL_REPRESENTATION('',(#4303),#4307);
#4303 = LINE('',#4304,#4305);
#4304 = CARTESIAN_POINT('',(0.,-14.));
#4305 = VECTOR('',#4306,1.);
#4306 = DIRECTION('',(1.,0.));
#4307 = ( GEOMETRIC_REPRESENTATION_CONTEXT(2) 
PARAMETRIC_REPRESENTATION_CONTEXT() REPRESENTATION_CONTEXT('2D SPACE',''
  ) );
#4308 = ADVANCED_FACE('',(#4309,#4335,#4361,#4387,#4413,#4439,#4465,
    #4491),#72,.F.);
#4309 = FACE_BOUND('',#4310,.F.);
#4310 = EDGE_LOOP('',(#4311,#4312,#4313,#4334));
#4311 = ORIENTED_EDGE('',*,*,#56,.F.);
#4312 = ORIENTED_EDGE('',*,*,#2283,.T.);
#4313 = ORIENTED_EDGE('',*,*,#4314,.T.);
#4314 = EDGE_CURVE('',#2256,#4264,#4315,.T.);
#4315 = SURFACE_CURVE('',#4316,(#4320,#4327),.PCURVE_S1.);
#4316 = LINE('',#4317,#4318);
#4317 = CARTESIAN_POINT('',(33.,-7.,0.));
#4318 = VECTOR('',#4319,1.);
#4319 = DIRECTION('',(0.,1.,0.));
#4320 = PCURVE('',#72,#4321);
#4321 = DEFINITIONAL_REPRESENTATION('',(#4322),#4326);
#4322 = LINE('',#4323,#4324);
#4323 = CARTESIAN_POINT('',(66.,0.));
#4324 = VECTOR('',#4325,1.);
#4325 = DIRECTION('',(0.,1.));
#4326 = ( GEOMETRIC_REPRESENTATION_CONTEXT(2) 
PARAMETRIC_REPRESENTATION_CONTEXT() REPRESENTATION_CONTEXT('2D SPACE',''
  ) );
#4327 = PCURVE('',#2271,#4328);
#4328 = DEFINITIONAL_REPRESENTATION('',(#4329),#4333);
#4329 = LINE('',#4330,#4331);
#4330 = CARTESIAN_POINT('',(0.,0.));
#4331 = VECTOR('',#4332,1.);
#4332 = DIRECTION('',(0.,-1.));
#4333 = ( GEOMETRIC_REPRESENTATION_CONTEXT(2) 
PARAMETRIC_REPRESENTATION_CONTEXT() REPRESENTATION_CONTEXT('2D SPACE',''
  ) );
#4334 = ORIENTED_EDGE('',*,*,#4263,.F.);
#4335 = FACE_BOUND('',#4336,.F.);
#4336 = EDGE_LOOP('',(#4337));
#4337 = ORIENTED_EDGE('',*,*,#4338,.F.);
#4338 = EDGE_CURVE('',#4339,#4339,#4341,.T.);
#4339 = VERTEX_POINT('',#4340);
#4340 = CARTESIAN_POINT('',(-25.8,1.5,0.));
#4341 = SURFACE_CURVE('',#4342,(#4347,#4354),.PCURVE_S1.);
#4342 = CIRCLE('',#4343,1.2);
#4343 = AXIS2_PLACEMENT_3D('',#4344,#4345,#4346);
#4344 = CARTESIAN_POINT('',(-27.,1.5,0.));
#4345 = DIRECTION('',(0.,0.,1.));
#4346 = DIRECTION('',(1.,0.,0.));
#4347 = PCURVE('',#72,#4348);
#4348 = DEFINITIONAL_REPRESENTATION('',(#4349),#4353);
#4349 = CIRCLE('',#4350,1.2);
#4350 = AXIS2_PLACEMENT_2D('',#4351,#4352);
#4351 = CARTESIAN_POINT('',(6.,8.5));
#4352 = DIRECTION('',(1.,0.));
#4353 = ( GEOMETRIC_REPRESENTATION_CONTEXT(2) 
PARAMETRIC_REPRESENTATION_CONTEXT() REPRESENTATION_CONTEXT('2D SPACE',''
  ) );
#4354 = PCURVE('',#4062,#4355);
#4355 = DEFINITIONAL_REPRESENTATION('',(#4356),#4360);
#4356 = LINE('',#4357,#4358);
#4357 = CARTESIAN_POINT('',(-0.,0.));
#4358 = VECTOR('',#4359,1.);
#4359 = DIRECTION('',(-1.,0.));
#4360 = ( GEOMETRIC_REPRESENTATION_CONTEXT(2) 
PARAMETRIC_REPRESENTATION_CONTEXT() REPRESENTATION_CONTEXT('2D SPACE',''
  ) );
#4361 = FACE_BOUND('',#4362,.F.);
#4362 = EDGE_LOOP('',(#4363));
#4363 = ORIENTED_EDGE('',*,*,#4364,.F.);
#4364 = EDGE_CURVE('',#4365,#4365,#4367,.T.);
#4365 = VERTEX_POINT('',#4366);
#4366 = CARTESIAN_POINT('',(-16.75,1.5,0.));
#4367 = SURFACE_CURVE('',#4368,(#4373,#4380),.PCURVE_S1.);
#4368 = CIRCLE('',#4369,1.25);
#4369 = AXIS2_PLACEMENT_3D('',#4370,#4371,#4372);
#4370 = CARTESIAN_POINT('',(-18.,1.5,0.));
#4371 = DIRECTION('',(0.,0.,1.));
#4372 = DIRECTION('',(1.,0.,0.));
#4373 = PCURVE('',#72,#4374);
#4374 = DEFINITIONAL_REPRESENTATION('',(#4375),#4379);
#4375 = CIRCLE('',#4376,1.25);
#4376 = AXIS2_PLACEMENT_2D('',#4377,#4378);
#4377 = CARTESIAN_POINT('',(15.,8.5));
#4378 = DIRECTION('',(1.,0.));
#4379 = ( GEOMETRIC_REPRESENTATION_CONTEXT(2) 
PARAMETRIC_REPRESENTATION_CONTEXT() REPRESENTATION_CONTEXT('2D SPACE',''
  ) );
#4380 = PCURVE('',#4093,#4381);
#4381 = DEFINITIONAL_REPRESENTATION('',(#4382),#4386);
#4382 = LINE('',#4383,#4384);
#4383 = CARTESIAN_POINT('',(-0.,0.));
#4384 = VECTOR('',#4385,1.);
#4385 = DIRECTION('',(-1.,0.));
#4386 = ( GEOMETRIC_REPRESENTATION_CONTEXT(2) 
PARAMETRIC_REPRESENTATION_CONTEXT() REPRESENTATION_CONTEXT('2D SPACE',''
  ) );
#4387 = FACE_BOUND('',#4388,.F.);
#4388 = EDGE_LOOP('',(#4389));
#4389 = ORIENTED_EDGE('',*,*,#4390,.F.);
#4390 = EDGE_CURVE('',#4391,#4391,#4393,.T.);
#4391 = VERTEX_POINT('',#4392);
#4392 = CARTESIAN_POINT('',(-7.7,1.5,0.));
#4393 = SURFACE_CURVE('',#4394,(#4399,#4406),.PCURVE_S1.);
#4394 = CIRCLE('',#4395,1.3);
#4395 = AXIS2_PLACEMENT_3D('',#4396,#4397,#4398);
#4396 = CARTESIAN_POINT('',(-9.,1.5,0.));
#4397 = DIRECTION('',(0.,0.,1.));
#4398 = DIRECTION('',(1.,0.,0.));
#4399 = PCURVE('',#72,#4400);
#4400 = DEFINITIONAL_REPRESENTATION('',(#4401),#4405);
#4401 = CIRCLE('',#4402,1.3);
#4402 = AXIS2_PLACEMENT_2D('',#4403,#4404);
#4403 = CARTESIAN_POINT('',(24.,8.5));
#4404 = DIRECTION('',(1.,0.));
#4405 = ( GEOMETRIC_REPRESENTATION_CONTEXT(2) 
PARAMETRIC_REPRESENTATION_CONTEXT() REPRESENTATION_CONTEXT('2D SPACE',''
  ) );
#4406 = PCURVE('',#4124,#4407);
#4407 = DEFINITIONAL_REPRESENTATION('',(#4408),#4412);
#4408 = LINE('',#4409,#4410);
#4409 = CARTESIAN_POINT('',(-0.,0.));
#4410 = VECTOR('',#4411,1.);
#4411 = DIRECTION('',(-1.,0.));
#4412 = ( GEOMETRIC_REPRESENTATION_CONTEXT(2) 
PARAMETRIC_REPRESENTATION_CONTEXT() REPRESENTATION_CONTEXT('2D SPACE',''
  ) );
#4413 = FACE_BOUND('',#4414,.F.);
#4414 = EDGE_LOOP('',(#4415));
#4415 = ORIENTED_EDGE('',*,*,#4416,.F.);
#4416 = EDGE_CURVE('',#4417,#4417,#4419,.T.);
#4417 = VERTEX_POINT('',#4418);
#4418 = CARTESIAN_POINT('',(1.35,1.5,0.));
#4419 = SURFACE_CURVE('',#4420,(#4425,#4432),.PCURVE_S1.);
#4420 = CIRCLE('',#4421,1.35);
#4421 = AXIS2_PLACEMENT_3D('',#4422,#4423,#4424);
#4422 = CARTESIAN_POINT('',(0.,1.5,0.));
#4423 = DIRECTION('',(0.,0.,1.));
#4424 = DIRECTION('',(1.,0.,0.));
#4425 = PCURVE('',#72,#4426);
#4426 = DEFINITIONAL_REPRESENTATION('',(#4427),#4431);
#4427 = CIRCLE('',#4428,1.35);
#4428 = AXIS2_PLACEMENT_2D('',#4429,#4430);
#4429 = CARTESIAN_POINT('',(33.,8.5));
#4430 = DIRECTION('',(1.,0.));
#4431 = ( GEOMETRIC_REPRESENTATION_CONTEXT(2) 
PARAMETRIC_REPRESENTATION_CONTEXT() REPRESENTATION_CONTEXT('2D SPACE',''
  ) );
#4432 = PCURVE('',#4155,#4433);
#4433 = DEFINITIONAL_REPRESENTATION('',(#4434),#4438);
#4434 = LINE('',#4435,#4436);
#4435 = CARTESIAN_POINT('',(-0.,0.));
#4436 = VECTOR('',#4437,1.);
#4437 = DIRECTION('',(-1.,0.));
#4438 = ( GEOMETRIC_REPRESENTATION_CONTEXT(2) 
PARAMETRIC_REPRESENTATION_CONTEXT() REPRESENTATION_CONTEXT('2D SPACE',''
  ) );
#4439 = FACE_BOUND('',#4440,.F.);
#4440 = EDGE_LOOP('',(#4441));
#4441 = ORIENTED_EDGE('',*,*,#4442,.F.);
#4442 = EDGE_CURVE('',#4443,#4443,#4445,.T.);
#4443 = VERTEX_POINT('',#4444);
#4444 = CARTESIAN_POINT('',(10.4,1.5,0.));
#4445 = SURFACE_CURVE('',#4446,(#4451,#4458),.PCURVE_S1.);
#4446 = CIRCLE('',#4447,1.4);
#4447 = AXIS2_PLACEMENT_3D('',#4448,#4449,#4450);
#4448 = CARTESIAN_POINT('',(9.,1.5,0.));
#4449 = DIRECTION('',(0.,0.,1.));
#4450 = DIRECTION('',(1.,0.,0.));
#4451 = PCURVE('',#72,#4452);
#4452 = DEFINITIONAL_REPRESENTATION('',(#4453),#4457);
#4453 = CIRCLE('',#4454,1.4);
#4454 = AXIS2_PLACEMENT_2D('',#4455,#4456);
#4455 = CARTESIAN_POINT('',(42.,8.5));
#4456 = DIRECTION('',(1.,0.));
#4457 = ( GEOMETRIC_REPRESENTATION_CONTEXT(2) 
PARAMETRIC_REPRESENTATION_CONTEXT() REPRESENTATION_CONTEXT('2D SPACE',''
  ) );
#4458 = PCURVE('',#4186,#4459);
#4459 = DEFINITIONAL_REPRESENTATION('',(#4460),#4464);
#4460 = LINE('',#4461,#4462);
#4461 = CARTESIAN_POINT('',(-0.,0.));
#4462 = VECTOR('',#4463,1.);
#4463 = DIRECTION('',(-1.,0.));
#4464 = ( GEOMETRIC_REPRESENTATION_CONTEXT(2) 
PARAMETRIC_REPRESENTATION_CONTEXT() REPRESENTATION_CONTEXT('2D SPACE',''
  ) );
#4465 = FACE_BOUND('',#4466,.F.);
#4466 = EDGE_LOOP('',(#4467));
#4467 = ORIENTED_EDGE('',*,*,#4468,.F.);
#4468 = EDGE_CURVE('',#4469,#4469,#4471,.T.);
#4469 = VERTEX_POINT('',#4470);
#4470 = CARTESIAN_POINT('',(19.45,1.5,0.));
#4471 = SURFACE_CURVE('',#4472,(#4477,#4484),.PCURVE_S1.);
#4472 = CIRCLE('',#4473,1.45);
#4473 = AXIS2_PLACEMENT_3D('',#4474,#4475,#4476);
#4474 = CARTESIAN_POINT('',(18.,1.5,0.));
#4475 = DIRECTION('',(0.,0.,1.));
#4476 = DIRECTION('',(1.,0.,0.));
#4477 = PCURVE('',#72,#4478);
#4478 = DEFINITIONAL_REPRESENTATION('',(#4479),#4483);
#4479 = CIRCLE('',#4480,1.45);
#4480 = AXIS2_PLACEMENT_2D('',#4481,#4482);
#4481 = CARTESIAN_POINT('',(51.,8.5));
#4482 = DIRECTION('',(1.,0.));
#4483 = ( GEOMETRIC_REPRESENTATION_CONTEXT(2) 
PARAMETRIC_REPRESENTATION_CONTEXT() REPRESENTATION_CONTEXT('2D SPACE',''
  ) );
#4484 = PCURVE('',#4217,#4485);
#4485 = DEFINITIONAL_REPRESENTATION('',(#4486),#4490);
#4486 = LINE('',#4487,#4488);
#4487 = CARTESIAN_POINT('',(-0.,0.));
#4488 = VECTOR('',#4489,1.);
#4489 = DIRECTION('',(-1.,0.));
#4490 = ( GEOMETRIC_REPRESENTATION_CONTEXT(2) 
PARAMETRIC_REPRESENTATION_CONTEXT() REPRESENTATION_CONTEXT('2D SPACE',''
  ) );
#4491 = FACE_BOUND('',#4492,.F.);
#4492 = EDGE_LOOP('',(#4493));
#4493 = ORIENTED_EDGE('',*,*,#4494,.F.);
#4494 = EDGE_CURVE('',#4495,#4495,#4497,.T.);
#4495 = VERTEX_POINT('',#4496);
#4496 = CARTESIAN_POINT('',(28.5,1.5,0.));
#4497 = SURFACE_CURVE('',#4498,(#4503,#4510),.PCURVE_S1.);
#4498 = CIRCLE('',#4499,1.5);
#4499 = AXIS2_PLACEMENT_3D('',#4500,#4501,#4502);
#4500 = CARTESIAN_POINT('',(27.,1.5,0.));
#4501 = DIRECTION('',(0.,0.,1.));
#4502 = DIRECTION('',(1.,0.,0.));
#4503 = PCURVE('',#72,#4504);
#4504 = DEFINITIONAL_REPRESENTATION('',(#4505),#4509);
#4505 = CIRCLE('',#4506,1.5);
#4506 = AXIS2_PLACEMENT_2D('',#4507,#4508);
#4507 = CARTESIAN_POINT('',(60.,8.5));
#4508 = DIRECTION('',(1.,0.));
#4509 = ( GEOMETRIC_REPRESENTATION_CONTEXT(2) 
PARAMETRIC_REPRESENTATION_CONTEXT() REPRESENTATION_CONTEXT('2D SPACE',''
  ) );
#4510 = PCURVE('',#4248,#4511);
#4511 = DEFINITIONAL_REPRESENTATION('',(#4512),#4516);
#4512 = LINE('',#4513,#4514);
#4513 = CARTESIAN_POINT('',(-0.,0.));
#4514 = VECTOR('',#4515,1.);
#4515 = DIRECTION('',(-1.,0.));
#4516 = ( GEOMETRIC_REPRESENTATION_CONTEXT(2) 
PARAMETRIC_REPRESENTATION_CONTEXT() REPRESENTATION_CONTEXT('2D SPACE',''
  ) );
#4517 = ADVANCED_FACE('',(#4518),#159,.T.);
#4518 = FACE_BOUND('',#4519,.T.);
#4519 = EDGE_LOOP('',(#4520,#4543,#4544,#4567));
#4520 = ORIENTED_EDGE('',*,*,#4521,.F.);
#4521 = EDGE_CURVE('',#142,#4522,#4524,.T.);
#4522 = VERTEX_POINT('',#4523);
#4523 = CARTESIAN_POINT('',(-12.4,-5.,7.));
#4524 = SURFACE_CURVE('',#4525,(#4529,#4536),.PCURVE_S1.);
#4525 = LINE('',#4526,#4527);
#4526 = CARTESIAN_POINT('',(-12.4,-7.,7.));
#4527 = VECTOR('',#4528,1.);
#4528 = DIRECTION('',(0.,1.,0.));
#4529 = PCURVE('',#159,#4530);
#4530 = DEFINITIONAL_REPRESENTATION('',(#4531),#4535);
#4531 = LINE('',#4532,#4533);
#4532 = CARTESIAN_POINT('',(0.,0.));
#4533 = VECTOR('',#4534,1.);
#4534 = DIRECTION('',(0.,1.));
#4535 = ( GEOMETRIC_REPRESENTATION_CONTEXT(2) 
PARAMETRIC_REPRESENTATION_CONTEXT() REPRESENTATION_CONTEXT('2D SPACE',''
  ) );
#4536 = PCURVE('',#2449,#4537);
#4537 = DEFINITIONAL_REPRESENTATION('',(#4538),#4542);
#4538 = LINE('',#4539,#4540);
#4539 = CARTESIAN_POINT('',(0.,0.));
#4540 = VECTOR('',#4541,1.);
#4541 = DIRECTION('',(0.,-1.));
#4542 = ( GEOMETRIC_REPRESENTATION_CONTEXT(2) 
PARAMETRIC_REPRESENTATION_CONTEXT() REPRESENTATION_CONTEXT('2D SPACE',''
  ) );
#4543 = ORIENTED_EDGE('',*,*,#141,.T.);
#4544 = ORIENTED_EDGE('',*,*,#4545,.T.);
#4545 = EDGE_CURVE('',#144,#4546,#4548,.T.);
#4546 = VERTEX_POINT('',#4547);
#4547 = CARTESIAN_POINT('',(-11.6,-5.,7.));
#4548 = SURFACE_CURVE('',#4549,(#4553,#4560),.PCURVE_S1.);
#4549 = LINE('',#4550,#4551);
#4550 = CARTESIAN_POINT('',(-11.6,-7.,7.));
#4551 = VECTOR('',#4552,1.);
#4552 = DIRECTION('',(0.,1.,0.));
#4553 = PCURVE('',#159,#4554);
#4554 = DEFINITIONAL_REPRESENTATION('',(#4555),#4559);
#4555 = LINE('',#4556,#4557);
#4556 = CARTESIAN_POINT('',(0.8,0.));
#4557 = VECTOR('',#4558,1.);
#4558 = DIRECTION('',(0.,1.));
#4559 = ( GEOMETRIC_REPRESENTATION_CONTEXT(2) 
PARAMETRIC_REPRESENTATION_CONTEXT() REPRESENTATION_CONTEXT('2D SPACE',''
  ) );
#4560 = PCURVE('',#187,#4561);
#4561 = DEFINITIONAL_REPRESENTATION('',(#4562),#4566);
#4562 = LINE('',#4563,#4564);
#4563 = CARTESIAN_POINT('',(0.,0.));
#4564 = VECTOR('',#4565,1.);
#4565 = DIRECTION('',(0.,-1.));
#4566 = ( GEOMETRIC_REPRESENTATION_CONTEXT(2) 
PARAMETRIC_REPRESENTATION_CONTEXT() REPRESENTATION_CONTEXT('2D SPACE',''
  ) );
#4567 = ORIENTED_EDGE('',*,*,#4568,.F.);
#4568 = EDGE_CURVE('',#4522,#4546,#4569,.T.);
#4569 = SURFACE_CURVE('',#4570,(#4574,#4581),.PCURVE_S1.);
#4570 = LINE('',#4571,#4572);
#4571 = CARTESIAN_POINT('',(-12.4,-5.,7.));
#4572 = VECTOR('',#4573,1.);
#4573 = DIRECTION('',(1.,0.,0.));
#4574 = PCURVE('',#159,#4575);
#4575 = DEFINITIONAL_REPRESENTATION('',(#4576),#4580);
#4576 = LINE('',#4577,#4578);
#4577 = CARTESIAN_POINT('',(0.,2.));
#4578 = VECTOR('',#4579,1.);
#4579 = DIRECTION('',(1.,0.));
#4580 = ( GEOMETRIC_REPRESENTATION_CONTEXT(2) 
PARAMETRIC_REPRESENTATION_CONTEXT() REPRESENTATION_CONTEXT('2D SPACE',''
  ) );
#4581 = PCURVE('',#2622,#4582);
#4582 = DEFINITIONAL_REPRESENTATION('',(#4583),#4587);
#4583 = LINE('',#4584,#4585);
#4584 = CARTESIAN_POINT('',(0.,0.));
#4585 = VECTOR('',#4586,1.);
#4586 = DIRECTION('',(0.,1.));
#4587 = ( GEOMETRIC_REPRESENTATION_CONTEXT(2) 
PARAMETRIC_REPRESENTATION_CONTEXT() REPRESENTATION_CONTEXT('2D SPACE',''
  ) );
#4588 = ADVANCED_FACE('',(#4589),#2449,.T.);
#4589 = FACE_BOUND('',#4590,.T.);
#4590 = EDGE_LOOP('',(#4591,#4592,#4593,#4614));
#4591 = ORIENTED_EDGE('',*,*,#2435,.F.);
#4592 = ORIENTED_EDGE('',*,*,#4521,.T.);
#4593 = ORIENTED_EDGE('',*,*,#4594,.T.);
#4594 = EDGE_CURVE('',#4522,#2584,#4595,.T.);
#4595 = SURFACE_CURVE('',#4596,(#4600,#4607),.PCURVE_S1.);
#4596 = LINE('',#4597,#4598);
#4597 = CARTESIAN_POINT('',(-12.4,-5.,7.));
#4598 = VECTOR('',#4599,1.);
#4599 = DIRECTION('',(0.,0.,1.));
#4600 = PCURVE('',#2449,#4601);
#4601 = DEFINITIONAL_REPRESENTATION('',(#4602),#4606);
#4602 = LINE('',#4603,#4604);
#4603 = CARTESIAN_POINT('',(0.,-2.));
#4604 = VECTOR('',#4605,1.);
#4605 = DIRECTION('',(1.,0.));
#4606 = ( GEOMETRIC_REPRESENTATION_CONTEXT(2) 
PARAMETRIC_REPRESENTATION_CONTEXT() REPRESENTATION_CONTEXT('2D SPACE',''
  ) );
#4607 = PCURVE('',#2622,#4608);
#4608 = DEFINITIONAL_REPRESENTATION('',(#4609),#4613);
#4609 = LINE('',#4610,#4611);
#4610 = CARTESIAN_POINT('',(0.,0.));
#4611 = VECTOR('',#4612,1.);
#4612 = DIRECTION('',(1.,0.));
#4613 = ( GEOMETRIC_REPRESENTATION_CONTEXT(2) 
PARAMETRIC_REPRESENTATION_CONTEXT() REPRESENTATION_CONTEXT('2D SPACE',''
  ) );
#4614 = ORIENTED_EDGE('',*,*,#2583,.F.);
#4615 = ADVANCED_FACE('',(#4616),#2400,.F.);
#4616 = FACE_BOUND('',#4617,.F.);
#4617 = EDGE_LOOP('',(#4618,#4619,#4642,#4663));
#4618 = ORIENTED_EDGE('',*,*,#2384,.F.);
#4619 = ORIENTED_EDGE('',*,*,#4620,.T.);
#4620 = EDGE_CURVE('',#2357,#4621,#4623,.T.);
#4621 = VERTEX_POINT('',#4622);
#4622 = CARTESIAN_POINT('',(-20.6,-5.,7.));
#4623 = SURFACE_CURVE('',#4624,(#4628,#4635),.PCURVE_S1.);
#4624 = LINE('',#4625,#4626);
#4625 = CARTESIAN_POINT('',(-20.6,-7.,7.));
#4626 = VECTOR('',#4627,1.);
#4627 = DIRECTION('',(0.,1.,0.));
#4628 = PCURVE('',#2400,#4629);
#4629 = DEFINITIONAL_REPRESENTATION('',(#4630),#4634);
#4630 = LINE('',#4631,#4632);
#4631 = CARTESIAN_POINT('',(0.,0.));
#4632 = VECTOR('',#4633,1.);
#4633 = DIRECTION('',(0.,-1.));
#4634 = ( GEOMETRIC_REPRESENTATION_CONTEXT(2) 
PARAMETRIC_REPRESENTATION_CONTEXT() REPRESENTATION_CONTEXT('2D SPACE',''
  ) );
#4635 = PCURVE('',#2372,#4636);
#4636 = DEFINITIONAL_REPRESENTATION('',(#4637),#4641);
#4637 = LINE('',#4638,#4639);
#4638 = CARTESIAN_POINT('',(0.8,0.));
#4639 = VECTOR('',#4640,1.);
#4640 = DIRECTION('',(0.,1.));
#4641 = ( GEOMETRIC_REPRESENTATION_CONTEXT(2) 
PARAMETRIC_REPRESENTATION_CONTEXT() REPRESENTATION_CONTEXT('2D SPACE',''
  ) );
#4642 = ORIENTED_EDGE('',*,*,#4643,.T.);
#4643 = EDGE_CURVE('',#4621,#2534,#4644,.T.);
#4644 = SURFACE_CURVE('',#4645,(#4649,#4656),.PCURVE_S1.);
#4645 = LINE('',#4646,#4647);
#4646 = CARTESIAN_POINT('',(-20.6,-5.,7.));
#4647 = VECTOR('',#4648,1.);
#4648 = DIRECTION('',(0.,0.,1.));
#4649 = PCURVE('',#2400,#4650);
#4650 = DEFINITIONAL_REPRESENTATION('',(#4651),#4655);
#4651 = LINE('',#4652,#4653);
#4652 = CARTESIAN_POINT('',(0.,-2.));
#4653 = VECTOR('',#4654,1.);
#4654 = DIRECTION('',(1.,0.));
#4655 = ( GEOMETRIC_REPRESENTATION_CONTEXT(2) 
PARAMETRIC_REPRESENTATION_CONTEXT() REPRESENTATION_CONTEXT('2D SPACE',''
  ) );
#4656 = PCURVE('',#2549,#4657);
#4657 = DEFINITIONAL_REPRESENTATION('',(#4658),#4662);
#4658 = LINE('',#4659,#4660);
#4659 = CARTESIAN_POINT('',(0.,0.8));
#4660 = VECTOR('',#4661,1.);
#4661 = DIRECTION('',(1.,0.));
#4662 = ( GEOMETRIC_REPRESENTATION_CONTEXT(2) 
PARAMETRIC_REPRESENTATION_CONTEXT() REPRESENTATION_CONTEXT('2D SPACE',''
  ) );
#4663 = ORIENTED_EDGE('',*,*,#2561,.F.);
#4664 = ADVANCED_FACE('',(#4665),#2372,.T.);
#4665 = FACE_BOUND('',#4666,.T.);
#4666 = EDGE_LOOP('',(#4667,#4690,#4691,#4692));
#4667 = ORIENTED_EDGE('',*,*,#4668,.F.);
#4668 = EDGE_CURVE('',#2329,#4669,#4671,.T.);
#4669 = VERTEX_POINT('',#4670);
#4670 = CARTESIAN_POINT('',(-21.4,-5.,7.));
#4671 = SURFACE_CURVE('',#4672,(#4676,#4683),.PCURVE_S1.);
#4672 = LINE('',#4673,#4674);
#4673 = CARTESIAN_POINT('',(-21.4,-7.,7.));
#4674 = VECTOR('',#4675,1.);
#4675 = DIRECTION('',(0.,1.,0.));
#4676 = PCURVE('',#2372,#4677);
#4677 = DEFINITIONAL_REPRESENTATION('',(#4678),#4682);
#4678 = LINE('',#4679,#4680);
#4679 = CARTESIAN_POINT('',(0.,0.));
#4680 = VECTOR('',#4681,1.);
#4681 = DIRECTION('',(0.,1.));
#4682 = ( GEOMETRIC_REPRESENTATION_CONTEXT(2) 
PARAMETRIC_REPRESENTATION_CONTEXT() REPRESENTATION_CONTEXT('2D SPACE',''
  ) );
#4683 = PCURVE('',#2344,#4684);
#4684 = DEFINITIONAL_REPRESENTATION('',(#4685),#4689);
#4685 = LINE('',#4686,#4687);
#4686 = CARTESIAN_POINT('',(0.,0.));
#4687 = VECTOR('',#4688,1.);
#4688 = DIRECTION('',(0.,-1.));
#4689 = ( GEOMETRIC_REPRESENTATION_CONTEXT(2) 
PARAMETRIC_REPRESENTATION_CONTEXT() REPRESENTATION_CONTEXT('2D SPACE',''
  ) );
#4690 = ORIENTED_EDGE('',*,*,#2356,.T.);
#4691 = ORIENTED_EDGE('',*,*,#4620,.T.);
#4692 = ORIENTED_EDGE('',*,*,#4693,.F.);
#4693 = EDGE_CURVE('',#4669,#4621,#4694,.T.);
#4694 = SURFACE_CURVE('',#4695,(#4699,#4706),.PCURVE_S1.);
#4695 = LINE('',#4696,#4697);
#4696 = CARTESIAN_POINT('',(-21.4,-5.,7.));
#4697 = VECTOR('',#4698,1.);
#4698 = DIRECTION('',(1.,0.,0.));
#4699 = PCURVE('',#2372,#4700);
#4700 = DEFINITIONAL_REPRESENTATION('',(#4701),#4705);
#4701 = LINE('',#4702,#4703);
#4702 = CARTESIAN_POINT('',(0.,2.));
#4703 = VECTOR('',#4704,1.);
#4704 = DIRECTION('',(1.,0.));
#4705 = ( GEOMETRIC_REPRESENTATION_CONTEXT(2) 
PARAMETRIC_REPRESENTATION_CONTEXT() REPRESENTATION_CONTEXT('2D SPACE',''
  ) );
#4706 = PCURVE('',#2549,#4707);
#4707 = DEFINITIONAL_REPRESENTATION('',(#4708),#4712);
#4708 = LINE('',#4709,#4710);
#4709 = CARTESIAN_POINT('',(0.,0.));
#4710 = VECTOR('',#4711,1.);
#4711 = DIRECTION('',(0.,1.));
#4712 = ( GEOMETRIC_REPRESENTATION_CONTEXT(2) 
PARAMETRIC_REPRESENTATION_CONTEXT() REPRESENTATION_CONTEXT('2D SPACE',''
  ) );
#4713 = ADVANCED_FACE('',(#4714),#2344,.T.);
#4714 = FACE_BOUND('',#4715,.T.);
#4715 = EDGE_LOOP('',(#4716,#4717,#4718,#4739));
#4716 = ORIENTED_EDGE('',*,*,#2328,.F.);
#4717 = ORIENTED_EDGE('',*,*,#4668,.T.);
#4718 = ORIENTED_EDGE('',*,*,#4719,.T.);
#4719 = EDGE_CURVE('',#4669,#2511,#4720,.T.);
#4720 = SURFACE_CURVE('',#4721,(#4725,#4732),.PCURVE_S1.);
#4721 = LINE('',#4722,#4723);
#4722 = CARTESIAN_POINT('',(-21.4,-5.,7.));
#4723 = VECTOR('',#4724,1.);
#4724 = DIRECTION('',(0.,0.,1.));
#4725 = PCURVE('',#2344,#4726);
#4726 = DEFINITIONAL_REPRESENTATION('',(#4727),#4731);
#4727 = LINE('',#4728,#4729);
#4728 = CARTESIAN_POINT('',(0.,-2.));
#4729 = VECTOR('',#4730,1.);
#4730 = DIRECTION('',(1.,0.));
#4731 = ( GEOMETRIC_REPRESENTATION_CONTEXT(2) 
PARAMETRIC_REPRESENTATION_CONTEXT() REPRESENTATION_CONTEXT('2D SPACE',''
  ) );
#4732 = PCURVE('',#2549,#4733);
#4733 = DEFINITIONAL_REPRESENTATION('',(#4734),#4738);
#4734 = LINE('',#4735,#4736);
#4735 = CARTESIAN_POINT('',(0.,0.));
#4736 = VECTOR('',#4737,1.);
#4737 = DIRECTION('',(1.,0.));
#4738 = ( GEOMETRIC_REPRESENTATION_CONTEXT(2) 
PARAMETRIC_REPRESENTATION_CONTEXT() REPRESENTATION_CONTEXT('2D SPACE',''
  ) );
#4739 = ORIENTED_EDGE('',*,*,#2510,.F.);
#4740 = ADVANCED_FACE('',(#4741),#2271,.T.);
#4741 = FACE_BOUND('',#4742,.T.);
#4742 = EDGE_LOOP('',(#4743,#4744,#4745,#4746));
#4743 = ORIENTED_EDGE('',*,*,#2255,.F.);
#4744 = ORIENTED_EDGE('',*,*,#4314,.T.);
#4745 = ORIENTED_EDGE('',*,*,#4288,.T.);
#4746 = ORIENTED_EDGE('',*,*,#2464,.F.);
#4747 = ADVANCED_FACE('',(#4748),#2220,.F.);
#4748 = FACE_BOUND('',#4749,.F.);
#4749 = EDGE_LOOP('',(#4750,#4751,#4774,#4795));
#4750 = ORIENTED_EDGE('',*,*,#2204,.F.);
#4751 = ORIENTED_EDGE('',*,*,#4752,.T.);
#4752 = EDGE_CURVE('',#2177,#4753,#4755,.T.);
#4753 = VERTEX_POINT('',#4754);
#4754 = CARTESIAN_POINT('',(31.4,-5.,7.));
#4755 = SURFACE_CURVE('',#4756,(#4760,#4767),.PCURVE_S1.);
#4756 = LINE('',#4757,#4758);
#4757 = CARTESIAN_POINT('',(31.4,-7.,7.));
#4758 = VECTOR('',#4759,1.);
#4759 = DIRECTION('',(0.,1.,0.));
#4760 = PCURVE('',#2220,#4761);
#4761 = DEFINITIONAL_REPRESENTATION('',(#4762),#4766);
#4762 = LINE('',#4763,#4764);
#4763 = CARTESIAN_POINT('',(0.,0.));
#4764 = VECTOR('',#4765,1.);
#4765 = DIRECTION('',(0.,-1.));
#4766 = ( GEOMETRIC_REPRESENTATION_CONTEXT(2) 
PARAMETRIC_REPRESENTATION_CONTEXT() REPRESENTATION_CONTEXT('2D SPACE',''
  ) );
#4767 = PCURVE('',#2192,#4768);
#4768 = DEFINITIONAL_REPRESENTATION('',(#4769),#4773);
#4769 = LINE('',#4770,#4771);
#4770 = CARTESIAN_POINT('',(0.8,0.));
#4771 = VECTOR('',#4772,1.);
#4772 = DIRECTION('',(0.,1.));
#4773 = ( GEOMETRIC_REPRESENTATION_CONTEXT(2) 
PARAMETRIC_REPRESENTATION_CONTEXT() REPRESENTATION_CONTEXT('2D SPACE',''
  ) );
#4774 = ORIENTED_EDGE('',*,*,#4775,.T.);
#4775 = EDGE_CURVE('',#4753,#3994,#4776,.T.);
#4776 = SURFACE_CURVE('',#4777,(#4781,#4788),.PCURVE_S1.);
#4777 = LINE('',#4778,#4779);
#4778 = CARTESIAN_POINT('',(31.4,-5.,7.));
#4779 = VECTOR('',#4780,1.);
#4780 = DIRECTION('',(0.,0.,1.));
#4781 = PCURVE('',#2220,#4782);
#4782 = DEFINITIONAL_REPRESENTATION('',(#4783),#4787);
#4783 = LINE('',#4784,#4785);
#4784 = CARTESIAN_POINT('',(0.,-2.));
#4785 = VECTOR('',#4786,1.);
#4786 = DIRECTION('',(1.,0.));
#4787 = ( GEOMETRIC_REPRESENTATION_CONTEXT(2) 
PARAMETRIC_REPRESENTATION_CONTEXT() REPRESENTATION_CONTEXT('2D SPACE',''
  ) );
#4788 = PCURVE('',#4009,#4789);
#4789 = DEFINITIONAL_REPRESENTATION('',(#4790),#4794);
#4790 = LINE('',#4791,#4792);
#4791 = CARTESIAN_POINT('',(0.,0.8));
#4792 = VECTOR('',#4793,1.);
#4793 = DIRECTION('',(1.,0.));
#4794 = ( GEOMETRIC_REPRESENTATION_CONTEXT(2) 
PARAMETRIC_REPRESENTATION_CONTEXT() REPRESENTATION_CONTEXT('2D SPACE',''
  ) );
#4795 = ORIENTED_EDGE('',*,*,#4021,.F.);
#4796 = ADVANCED_FACE('',(#4797),#2192,.T.);
#4797 = FACE_BOUND('',#4798,.T.);
#4798 = EDGE_LOOP('',(#4799,#4822,#4823,#4824));
#4799 = ORIENTED_EDGE('',*,*,#4800,.F.);
#4800 = EDGE_CURVE('',#2149,#4801,#4803,.T.);
#4801 = VERTEX_POINT('',#4802);
#4802 = CARTESIAN_POINT('',(30.6,-5.,7.));
#4803 = SURFACE_CURVE('',#4804,(#4808,#4815),.PCURVE_S1.);
#4804 = LINE('',#4805,#4806);
#4805 = CARTESIAN_POINT('',(30.6,-7.,7.));
#4806 = VECTOR('',#4807,1.);
#4807 = DIRECTION('',(0.,1.,0.));
#4808 = PCURVE('',#2192,#4809);
#4809 = DEFINITIONAL_REPRESENTATION('',(#4810),#4814);
#4810 = LINE('',#4811,#4812);
#4811 = CARTESIAN_POINT('',(0.,0.));
#4812 = VECTOR('',#4813,1.);
#4813 = DIRECTION('',(0.,1.));
#4814 = ( GEOMETRIC_REPRESENTATION_CONTEXT(2) 
PARAMETRIC_REPRESENTATION_CONTEXT() REPRESENTATION_CONTEXT('2D SPACE',''
  ) );
#4815 = PCURVE('',#2164,#4816);
#4816 = DEFINITIONAL_REPRESENTATION('',(#4817),#4821);
#4817 = LINE('',#4818,#4819);
#4818 = CARTESIAN_POINT('',(0.,0.));
#4819 = VECTOR('',#4820,1.);
#4820 = DIRECTION('',(0.,-1.));
#4821 = ( GEOMETRIC_REPRESENTATION_CONTEXT(2) 
PARAMETRIC_REPRESENTATION_CONTEXT() REPRESENTATION_CONTEXT('2D SPACE',''
  ) );
#4822 = ORIENTED_EDGE('',*,*,#2176,.T.);
#4823 = ORIENTED_EDGE('',*,*,#4752,.T.);
#4824 = ORIENTED_EDGE('',*,*,#4825,.F.);
#4825 = EDGE_CURVE('',#4801,#4753,#4826,.T.);
#4826 = SURFACE_CURVE('',#4827,(#4831,#4838),.PCURVE_S1.);
#4827 = LINE('',#4828,#4829);
#4828 = CARTESIAN_POINT('',(30.6,-5.,7.));
#4829 = VECTOR('',#4830,1.);
#4830 = DIRECTION('',(1.,0.,0.));
#4831 = PCURVE('',#2192,#4832);
#4832 = DEFINITIONAL_REPRESENTATION('',(#4833),#4837);
#4833 = LINE('',#4834,#4835);
#4834 = CARTESIAN_POINT('',(0.,2.));
#4835 = VECTOR('',#4836,1.);
#4836 = DIRECTION('',(1.,0.));
#4837 = ( GEOMETRIC_REPRESENTATION_CONTEXT(2) 
PARAMETRIC_REPRESENTATION_CONTEXT() REPRESENTATION_CONTEXT('2D SPACE',''
  ) );
#4838 = PCURVE('',#4009,#4839);
#4839 = DEFINITIONAL_REPRESENTATION('',(#4840),#4844);
#4840 = LINE('',#4841,#4842);
#4841 = CARTESIAN_POINT('',(0.,0.));
#4842 = VECTOR('',#4843,1.);
#4843 = DIRECTION('',(0.,1.));
#4844 = ( GEOMETRIC_REPRESENTATION_CONTEXT(2) 
PARAMETRIC_REPRESENTATION_CONTEXT() REPRESENTATION_CONTEXT('2D SPACE',''
  ) );
#4845 = ADVANCED_FACE('',(#4846),#2164,.T.);
#4846 = FACE_BOUND('',#4847,.T.);
#4847 = EDGE_LOOP('',(#4848,#4849,#4850,#4871));
#4848 = ORIENTED_EDGE('',*,*,#2148,.F.);
#4849 = ORIENTED_EDGE('',*,*,#4800,.T.);
#4850 = ORIENTED_EDGE('',*,*,#4851,.T.);
#4851 = EDGE_CURVE('',#4801,#3971,#4852,.T.);
#4852 = SURFACE_CURVE('',#4853,(#4857,#4864),.PCURVE_S1.);
#4853 = LINE('',#4854,#4855);
#4854 = CARTESIAN_POINT('',(30.6,-5.,7.));
#4855 = VECTOR('',#4856,1.);
#4856 = DIRECTION('',(0.,0.,1.));
#4857 = PCURVE('',#2164,#4858);
#4858 = DEFINITIONAL_REPRESENTATION('',(#4859),#4863);
#4859 = LINE('',#4860,#4861);
#4860 = CARTESIAN_POINT('',(0.,-2.));
#4861 = VECTOR('',#4862,1.);
#4862 = DIRECTION('',(1.,0.));
#4863 = ( GEOMETRIC_REPRESENTATION_CONTEXT(2) 
PARAMETRIC_REPRESENTATION_CONTEXT() REPRESENTATION_CONTEXT('2D SPACE',''
  ) );
#4864 = PCURVE('',#4009,#4865);
#4865 = DEFINITIONAL_REPRESENTATION('',(#4866),#4870);
#4866 = LINE('',#4867,#4868);
#4867 = CARTESIAN_POINT('',(0.,0.));
#4868 = VECTOR('',#4869,1.);
#4869 = DIRECTION('',(1.,0.));
#4870 = ( GEOMETRIC_REPRESENTATION_CONTEXT(2) 
PARAMETRIC_REPRESENTATION_CONTEXT() REPRESENTATION_CONTEXT('2D SPACE',''
  ) );
#4871 = ORIENTED_EDGE('',*,*,#3970,.F.);
#4872 = ADVANCED_FACE('',(#4873),#2113,.F.);
#4873 = FACE_BOUND('',#4874,.F.);
#4874 = EDGE_LOOP('',(#4875,#4876,#4899,#4920));
#4875 = ORIENTED_EDGE('',*,*,#2097,.F.);
#4876 = ORIENTED_EDGE('',*,*,#4877,.T.);
#4877 = EDGE_CURVE('',#2070,#4878,#4880,.T.);
#4878 = VERTEX_POINT('',#4879);
#4879 = CARTESIAN_POINT('',(30.,-5.,7.));
#4880 = SURFACE_CURVE('',#4881,(#4885,#4892),.PCURVE_S1.);
#4881 = LINE('',#4882,#4883);
#4882 = CARTESIAN_POINT('',(30.,-7.,7.));
#4883 = VECTOR('',#4884,1.);
#4884 = DIRECTION('',(0.,1.,0.));
#4885 = PCURVE('',#2113,#4886);
#4886 = DEFINITIONAL_REPRESENTATION('',(#4887),#4891);
#4887 = LINE('',#4888,#4889);
#4888 = CARTESIAN_POINT('',(0.,0.));
#4889 = VECTOR('',#4890,1.);
#4890 = DIRECTION('',(0.,-1.));
#4891 = ( GEOMETRIC_REPRESENTATION_CONTEXT(2) 
PARAMETRIC_REPRESENTATION_CONTEXT() REPRESENTATION_CONTEXT('2D SPACE',''
  ) );
#4892 = PCURVE('',#2085,#4893);
#4893 = DEFINITIONAL_REPRESENTATION('',(#4894),#4898);
#4894 = LINE('',#4895,#4896);
#4895 = CARTESIAN_POINT('',(0.8,0.));
#4896 = VECTOR('',#4897,1.);
#4897 = DIRECTION('',(0.,1.));
#4898 = ( GEOMETRIC_REPRESENTATION_CONTEXT(2) 
PARAMETRIC_REPRESENTATION_CONTEXT() REPRESENTATION_CONTEXT('2D SPACE',''
  ) );
#4899 = ORIENTED_EDGE('',*,*,#4900,.T.);
#4900 = EDGE_CURVE('',#4878,#3921,#4901,.T.);
#4901 = SURFACE_CURVE('',#4902,(#4906,#4913),.PCURVE_S1.);
#4902 = LINE('',#4903,#4904);
#4903 = CARTESIAN_POINT('',(30.,-5.,7.));
#4904 = VECTOR('',#4905,1.);
#4905 = DIRECTION('',(0.,0.,1.));
#4906 = PCURVE('',#2113,#4907);
#4907 = DEFINITIONAL_REPRESENTATION('',(#4908),#4912);
#4908 = LINE('',#4909,#4910);
#4909 = CARTESIAN_POINT('',(0.,-2.));
#4910 = VECTOR('',#4911,1.);
#4911 = DIRECTION('',(1.,0.));
#4912 = ( GEOMETRIC_REPRESENTATION_CONTEXT(2) 
PARAMETRIC_REPRESENTATION_CONTEXT() REPRESENTATION_CONTEXT('2D SPACE',''
  ) );
#4913 = PCURVE('',#3936,#4914);
#4914 = DEFINITIONAL_REPRESENTATION('',(#4915),#4919);
#4915 = LINE('',#4916,#4917);
#4916 = CARTESIAN_POINT('',(0.,0.8));
#4917 = VECTOR('',#4918,1.);
#4918 = DIRECTION('',(1.,0.));
#4919 = ( GEOMETRIC_REPRESENTATION_CONTEXT(2) 
PARAMETRIC_REPRESENTATION_CONTEXT() REPRESENTATION_CONTEXT('2D SPACE',''
  ) );
#4920 = ORIENTED_EDGE('',*,*,#3948,.F.);
#4921 = ADVANCED_FACE('',(#4922),#2085,.T.);
#4922 = FACE_BOUND('',#4923,.T.);
#4923 = EDGE_LOOP('',(#4924,#4947,#4948,#4949));
#4924 = ORIENTED_EDGE('',*,*,#4925,.F.);
#4925 = EDGE_CURVE('',#2042,#4926,#4928,.T.);
#4926 = VERTEX_POINT('',#4927);
#4927 = CARTESIAN_POINT('',(29.2,-5.,7.));
#4928 = SURFACE_CURVE('',#4929,(#4933,#4940),.PCURVE_S1.);
#4929 = LINE('',#4930,#4931);
#4930 = CARTESIAN_POINT('',(29.2,-7.,7.));
#4931 = VECTOR('',#4932,1.);
#4932 = DIRECTION('',(0.,1.,0.));
#4933 = PCURVE('',#2085,#4934);
#4934 = DEFINITIONAL_REPRESENTATION('',(#4935),#4939);
#4935 = LINE('',#4936,#4937);
#4936 = CARTESIAN_POINT('',(0.,0.));
#4937 = VECTOR('',#4938,1.);
#4938 = DIRECTION('',(0.,1.));
#4939 = ( GEOMETRIC_REPRESENTATION_CONTEXT(2) 
PARAMETRIC_REPRESENTATION_CONTEXT() REPRESENTATION_CONTEXT('2D SPACE',''
  ) );
#4940 = PCURVE('',#2057,#4941);
#4941 = DEFINITIONAL_REPRESENTATION('',(#4942),#4946);
#4942 = LINE('',#4943,#4944);
#4943 = CARTESIAN_POINT('',(0.,0.));
#4944 = VECTOR('',#4945,1.);
#4945 = DIRECTION('',(0.,-1.));
#4946 = ( GEOMETRIC_REPRESENTATION_CONTEXT(2) 
PARAMETRIC_REPRESENTATION_CONTEXT() REPRESENTATION_CONTEXT('2D SPACE',''
  ) );
#4947 = ORIENTED_EDGE('',*,*,#2069,.T.);
#4948 = ORIENTED_EDGE('',*,*,#4877,.T.);
#4949 = ORIENTED_EDGE('',*,*,#4950,.F.);
#4950 = EDGE_CURVE('',#4926,#4878,#4951,.T.);
#4951 = SURFACE_CURVE('',#4952,(#4956,#4963),.PCURVE_S1.);
#4952 = LINE('',#4953,#4954);
#4953 = CARTESIAN_POINT('',(29.2,-5.,7.));
#4954 = VECTOR('',#4955,1.);
#4955 = DIRECTION('',(1.,0.,0.));
#4956 = PCURVE('',#2085,#4957);
#4957 = DEFINITIONAL_REPRESENTATION('',(#4958),#4962);
#4958 = LINE('',#4959,#4960);
#4959 = CARTESIAN_POINT('',(0.,2.));
#4960 = VECTOR('',#4961,1.);
#4961 = DIRECTION('',(1.,0.));
#4962 = ( GEOMETRIC_REPRESENTATION_CONTEXT(2) 
PARAMETRIC_REPRESENTATION_CONTEXT() REPRESENTATION_CONTEXT('2D SPACE',''
  ) );
#4963 = PCURVE('',#3936,#4964);
#4964 = DEFINITIONAL_REPRESENTATION('',(#4965),#4969);
#4965 = LINE('',#4966,#4967);
#4966 = CARTESIAN_POINT('',(0.,0.));
#4967 = VECTOR('',#4968,1.);
#4968 = DIRECTION('',(0.,1.));
#4969 = ( GEOMETRIC_REPRESENTATION_CONTEXT(2) 
PARAMETRIC_REPRESENTATION_CONTEXT() REPRESENTATION_CONTEXT('2D SPACE',''
  ) );
#4970 = ADVANCED_FACE('',(#4971),#2057,.T.);
#4971 = FACE_BOUND('',#4972,.T.);
#4972 = EDGE_LOOP('',(#4973,#4974,#4975,#4996));
#4973 = ORIENTED_EDGE('',*,*,#2041,.F.);
#4974 = ORIENTED_EDGE('',*,*,#4925,.T.);
#4975 = ORIENTED_EDGE('',*,*,#4976,.T.);
#4976 = EDGE_CURVE('',#4926,#3898,#4977,.T.);
#4977 = SURFACE_CURVE('',#4978,(#4982,#4989),.PCURVE_S1.);
#4978 = LINE('',#4979,#4980);
#4979 = CARTESIAN_POINT('',(29.2,-5.,7.));
#4980 = VECTOR('',#4981,1.);
#4981 = DIRECTION('',(0.,0.,1.));
#4982 = PCURVE('',#2057,#4983);
#4983 = DEFINITIONAL_REPRESENTATION('',(#4984),#4988);
#4984 = LINE('',#4985,#4986);
#4985 = CARTESIAN_POINT('',(0.,-2.));
#4986 = VECTOR('',#4987,1.);
#4987 = DIRECTION('',(1.,0.));
#4988 = ( GEOMETRIC_REPRESENTATION_CONTEXT(2) 
PARAMETRIC_REPRESENTATION_CONTEXT() REPRESENTATION_CONTEXT('2D SPACE',''
  ) );
#4989 = PCURVE('',#3936,#4990);
#4990 = DEFINITIONAL_REPRESENTATION('',(#4991),#4995);
#4991 = LINE('',#4992,#4993);
#4992 = CARTESIAN_POINT('',(0.,0.));
#4993 = VECTOR('',#4994,1.);
#4994 = DIRECTION('',(1.,0.));
#4995 = ( GEOMETRIC_REPRESENTATION_CONTEXT(2) 
PARAMETRIC_REPRESENTATION_CONTEXT() REPRESENTATION_CONTEXT('2D SPACE',''
  ) );
#4996 = ORIENTED_EDGE('',*,*,#3897,.F.);
#4997 = ADVANCED_FACE('',(#4998),#2006,.F.);
#4998 = FACE_BOUND('',#4999,.F.);
#4999 = EDGE_LOOP('',(#5000,#5001,#5024,#5045));
#5000 = ORIENTED_EDGE('',*,*,#1990,.F.);
#5001 = ORIENTED_EDGE('',*,*,#5002,.T.);
#5002 = EDGE_CURVE('',#1963,#5003,#5005,.T.);
#5003 = VERTEX_POINT('',#5004);
#5004 = CARTESIAN_POINT('',(28.6,-5.,7.));
#5005 = SURFACE_CURVE('',#5006,(#5010,#5017),.PCURVE_S1.);
#5006 = LINE('',#5007,#5008);
#5007 = CARTESIAN_POINT('',(28.6,-7.,7.));
#5008 = VECTOR('',#5009,1.);
#5009 = DIRECTION('',(0.,1.,0.));
#5010 = PCURVE('',#2006,#5011);
#5011 = DEFINITIONAL_REPRESENTATION('',(#5012),#5016);
#5012 = LINE('',#5013,#5014);
#5013 = CARTESIAN_POINT('',(0.,0.));
#5014 = VECTOR('',#5015,1.);
#5015 = DIRECTION('',(0.,-1.));
#5016 = ( GEOMETRIC_REPRESENTATION_CONTEXT(2) 
PARAMETRIC_REPRESENTATION_CONTEXT() REPRESENTATION_CONTEXT('2D SPACE',''
  ) );
#5017 = PCURVE('',#1978,#5018);
#5018 = DEFINITIONAL_REPRESENTATION('',(#5019),#5023);
#5019 = LINE('',#5020,#5021);
#5020 = CARTESIAN_POINT('',(0.8,0.));
#5021 = VECTOR('',#5022,1.);
#5022 = DIRECTION('',(0.,1.));
#5023 = ( GEOMETRIC_REPRESENTATION_CONTEXT(2) 
PARAMETRIC_REPRESENTATION_CONTEXT() REPRESENTATION_CONTEXT('2D SPACE',''
  ) );
#5024 = ORIENTED_EDGE('',*,*,#5025,.T.);
#5025 = EDGE_CURVE('',#5003,#3848,#5026,.T.);
#5026 = SURFACE_CURVE('',#5027,(#5031,#5038),.PCURVE_S1.);
#5027 = LINE('',#5028,#5029);
#5028 = CARTESIAN_POINT('',(28.6,-5.,7.));
#5029 = VECTOR('',#5030,1.);
#5030 = DIRECTION('',(0.,0.,1.));
#5031 = PCURVE('',#2006,#5032);
#5032 = DEFINITIONAL_REPRESENTATION('',(#5033),#5037);
#5033 = LINE('',#5034,#5035);
#5034 = CARTESIAN_POINT('',(0.,-2.));
#5035 = VECTOR('',#5036,1.);
#5036 = DIRECTION('',(1.,0.));
#5037 = ( GEOMETRIC_REPRESENTATION_CONTEXT(2) 
PARAMETRIC_REPRESENTATION_CONTEXT() REPRESENTATION_CONTEXT('2D SPACE',''
  ) );
#5038 = PCURVE('',#3863,#5039);
#5039 = DEFINITIONAL_REPRESENTATION('',(#5040),#5044);
#5040 = LINE('',#5041,#5042);
#5041 = CARTESIAN_POINT('',(0.,0.8));
#5042 = VECTOR('',#5043,1.);
#5043 = DIRECTION('',(1.,0.));
#5044 = ( GEOMETRIC_REPRESENTATION_CONTEXT(2) 
PARAMETRIC_REPRESENTATION_CONTEXT() REPRESENTATION_CONTEXT('2D SPACE',''
  ) );
#5045 = ORIENTED_EDGE('',*,*,#3875,.F.);
#5046 = ADVANCED_FACE('',(#5047),#1978,.T.);
#5047 = FACE_BOUND('',#5048,.T.);
#5048 = EDGE_LOOP('',(#5049,#5072,#5073,#5074));
#5049 = ORIENTED_EDGE('',*,*,#5050,.F.);
#5050 = EDGE_CURVE('',#1935,#5051,#5053,.T.);
#5051 = VERTEX_POINT('',#5052);
#5052 = CARTESIAN_POINT('',(27.8,-5.,7.));
#5053 = SURFACE_CURVE('',#5054,(#5058,#5065),.PCURVE_S1.);
#5054 = LINE('',#5055,#5056);
#5055 = CARTESIAN_POINT('',(27.8,-7.,7.));
#5056 = VECTOR('',#5057,1.);
#5057 = DIRECTION('',(0.,1.,0.));
#5058 = PCURVE('',#1978,#5059);
#5059 = DEFINITIONAL_REPRESENTATION('',(#5060),#5064);
#5060 = LINE('',#5061,#5062);
#5061 = CARTESIAN_POINT('',(0.,0.));
#5062 = VECTOR('',#5063,1.);
#5063 = DIRECTION('',(0.,1.));
#5064 = ( GEOMETRIC_REPRESENTATION_CONTEXT(2) 
PARAMETRIC_REPRESENTATION_CONTEXT() REPRESENTATION_CONTEXT('2D SPACE',''
  ) );
#5065 = PCURVE('',#1950,#5066);
#5066 = DEFINITIONAL_REPRESENTATION('',(#5067),#5071);
#5067 = LINE('',#5068,#5069);
#5068 = CARTESIAN_POINT('',(0.,0.));
#5069 = VECTOR('',#5070,1.);
#5070 = DIRECTION('',(0.,-1.));
#5071 = ( GEOMETRIC_REPRESENTATION_CONTEXT(2) 
PARAMETRIC_REPRESENTATION_CONTEXT() REPRESENTATION_CONTEXT('2D SPACE',''
  ) );
#5072 = ORIENTED_EDGE('',*,*,#1962,.T.);
#5073 = ORIENTED_EDGE('',*,*,#5002,.T.);
#5074 = ORIENTED_EDGE('',*,*,#5075,.F.);
#5075 = EDGE_CURVE('',#5051,#5003,#5076,.T.);
#5076 = SURFACE_CURVE('',#5077,(#5081,#5088),.PCURVE_S1.);
#5077 = LINE('',#5078,#5079);
#5078 = CARTESIAN_POINT('',(27.8,-5.,7.));
#5079 = VECTOR('',#5080,1.);
#5080 = DIRECTION('',(1.,0.,0.));
#5081 = PCURVE('',#1978,#5082);
#5082 = DEFINITIONAL_REPRESENTATION('',(#5083),#5087);
#5083 = LINE('',#5084,#5085);
#5084 = CARTESIAN_POINT('',(0.,2.));
#5085 = VECTOR('',#5086,1.);
#5086 = DIRECTION('',(1.,0.));
#5087 = ( GEOMETRIC_REPRESENTATION_CONTEXT(2) 
PARAMETRIC_REPRESENTATION_CONTEXT() REPRESENTATION_CONTEXT('2D SPACE',''
  ) );
#5088 = PCURVE('',#3863,#5089);
#5089 = DEFINITIONAL_REPRESENTATION('',(#5090),#5094);
#5090 = LINE('',#5091,#5092);
#5091 = CARTESIAN_POINT('',(0.,0.));
#5092 = VECTOR('',#5093,1.);
#5093 = DIRECTION('',(0.,1.));
#5094 = ( GEOMETRIC_REPRESENTATION_CONTEXT(2) 
PARAMETRIC_REPRESENTATION_CONTEXT() REPRESENTATION_CONTEXT('2D SPACE',''
  ) );
#5095 = ADVANCED_FACE('',(#5096),#1950,.T.);
#5096 = FACE_BOUND('',#5097,.T.);
#5097 = EDGE_LOOP('',(#5098,#5099,#5100,#5121));
#5098 = ORIENTED_EDGE('',*,*,#1934,.F.);
#5099 = ORIENTED_EDGE('',*,*,#5050,.T.);
#5100 = ORIENTED_EDGE('',*,*,#5101,.T.);
#5101 = EDGE_CURVE('',#5051,#3825,#5102,.T.);
#5102 = SURFACE_CURVE('',#5103,(#5107,#5114),.PCURVE_S1.);
#5103 = LINE('',#5104,#5105);
#5104 = CARTESIAN_POINT('',(27.8,-5.,7.));
#5105 = VECTOR('',#5106,1.);
#5106 = DIRECTION('',(0.,0.,1.));
#5107 = PCURVE('',#1950,#5108);
#5108 = DEFINITIONAL_REPRESENTATION('',(#5109),#5113);
#5109 = LINE('',#5110,#5111);
#5110 = CARTESIAN_POINT('',(0.,-2.));
#5111 = VECTOR('',#5112,1.);
#5112 = DIRECTION('',(1.,0.));
#5113 = ( GEOMETRIC_REPRESENTATION_CONTEXT(2) 
PARAMETRIC_REPRESENTATION_CONTEXT() REPRESENTATION_CONTEXT('2D SPACE',''
  ) );
#5114 = PCURVE('',#3863,#5115);
#5115 = DEFINITIONAL_REPRESENTATION('',(#5116),#5120);
#5116 = LINE('',#5117,#5118);
#5117 = CARTESIAN_POINT('',(0.,0.));
#5118 = VECTOR('',#5119,1.);
#5119 = DIRECTION('',(1.,0.));
#5120 = ( GEOMETRIC_REPRESENTATION_CONTEXT(2) 
PARAMETRIC_REPRESENTATION_CONTEXT() REPRESENTATION_CONTEXT('2D SPACE',''
  ) );
#5121 = ORIENTED_EDGE('',*,*,#3824,.F.);
#5122 = ADVANCED_FACE('',(#5123),#1899,.F.);
#5123 = FACE_BOUND('',#5124,.F.);
#5124 = EDGE_LOOP('',(#5125,#5126,#5149,#5170));
#5125 = ORIENTED_EDGE('',*,*,#1883,.F.);
#5126 = ORIENTED_EDGE('',*,*,#5127,.T.);
#5127 = EDGE_CURVE('',#1856,#5128,#5130,.T.);
#5128 = VERTEX_POINT('',#5129);
#5129 = CARTESIAN_POINT('',(27.2,-5.,7.));
#5130 = SURFACE_CURVE('',#5131,(#5135,#5142),.PCURVE_S1.);
#5131 = LINE('',#5132,#5133);
#5132 = CARTESIAN_POINT('',(27.2,-7.,7.));
#5133 = VECTOR('',#5134,1.);
#5134 = DIRECTION('',(0.,1.,0.));
#5135 = PCURVE('',#1899,#5136);
#5136 = DEFINITIONAL_REPRESENTATION('',(#5137),#5141);
#5137 = LINE('',#5138,#5139);
#5138 = CARTESIAN_POINT('',(0.,0.));
#5139 = VECTOR('',#5140,1.);
#5140 = DIRECTION('',(0.,-1.));
#5141 = ( GEOMETRIC_REPRESENTATION_CONTEXT(2) 
PARAMETRIC_REPRESENTATION_CONTEXT() REPRESENTATION_CONTEXT('2D SPACE',''
  ) );
#5142 = PCURVE('',#1871,#5143);
#5143 = DEFINITIONAL_REPRESENTATION('',(#5144),#5148);
#5144 = LINE('',#5145,#5146);
#5145 = CARTESIAN_POINT('',(0.8,0.));
#5146 = VECTOR('',#5147,1.);
#5147 = DIRECTION('',(0.,1.));
#5148 = ( GEOMETRIC_REPRESENTATION_CONTEXT(2) 
PARAMETRIC_REPRESENTATION_CONTEXT() REPRESENTATION_CONTEXT('2D SPACE',''
  ) );
#5149 = ORIENTED_EDGE('',*,*,#5150,.T.);
#5150 = EDGE_CURVE('',#5128,#3775,#5151,.T.);
#5151 = SURFACE_CURVE('',#5152,(#5156,#5163),.PCURVE_S1.);
#5152 = LINE('',#5153,#5154);
#5153 = CARTESIAN_POINT('',(27.2,-5.,7.));
#5154 = VECTOR('',#5155,1.);
#5155 = DIRECTION('',(0.,0.,1.));
#5156 = PCURVE('',#1899,#5157);
#5157 = DEFINITIONAL_REPRESENTATION('',(#5158),#5162);
#5158 = LINE('',#5159,#5160);
#5159 = CARTESIAN_POINT('',(0.,-2.));
#5160 = VECTOR('',#5161,1.);
#5161 = DIRECTION('',(1.,0.));
#5162 = ( GEOMETRIC_REPRESENTATION_CONTEXT(2) 
PARAMETRIC_REPRESENTATION_CONTEXT() REPRESENTATION_CONTEXT('2D SPACE',''
  ) );
#5163 = PCURVE('',#3790,#5164);
#5164 = DEFINITIONAL_REPRESENTATION('',(#5165),#5169);
#5165 = LINE('',#5166,#5167);
#5166 = CARTESIAN_POINT('',(0.,0.8));
#5167 = VECTOR('',#5168,1.);
#5168 = DIRECTION('',(1.,0.));
#5169 = ( GEOMETRIC_REPRESENTATION_CONTEXT(2) 
PARAMETRIC_REPRESENTATION_CONTEXT() REPRESENTATION_CONTEXT('2D SPACE',''
  ) );
#5170 = ORIENTED_EDGE('',*,*,#3802,.F.);
#5171 = ADVANCED_FACE('',(#5172),#1871,.T.);
#5172 = FACE_BOUND('',#5173,.T.);
#5173 = EDGE_LOOP('',(#5174,#5197,#5198,#5199));
#5174 = ORIENTED_EDGE('',*,*,#5175,.F.);
#5175 = EDGE_CURVE('',#1828,#5176,#5178,.T.);
#5176 = VERTEX_POINT('',#5177);
#5177 = CARTESIAN_POINT('',(26.4,-5.,7.));
#5178 = SURFACE_CURVE('',#5179,(#5183,#5190),.PCURVE_S1.);
#5179 = LINE('',#5180,#5181);
#5180 = CARTESIAN_POINT('',(26.4,-7.,7.));
#5181 = VECTOR('',#5182,1.);
#5182 = DIRECTION('',(0.,1.,0.));
#5183 = PCURVE('',#1871,#5184);
#5184 = DEFINITIONAL_REPRESENTATION('',(#5185),#5189);
#5185 = LINE('',#5186,#5187);
#5186 = CARTESIAN_POINT('',(0.,0.));
#5187 = VECTOR('',#5188,1.);
#5188 = DIRECTION('',(0.,1.));
#5189 = ( GEOMETRIC_REPRESENTATION_CONTEXT(2) 
PARAMETRIC_REPRESENTATION_CONTEXT() REPRESENTATION_CONTEXT('2D SPACE',''
  ) );
#5190 = PCURVE('',#1843,#5191);
#5191 = DEFINITIONAL_REPRESENTATION('',(#5192),#5196);
#5192 = LINE('',#5193,#5194);
#5193 = CARTESIAN_POINT('',(0.,0.));
#5194 = VECTOR('',#5195,1.);
#5195 = DIRECTION('',(0.,-1.));
#5196 = ( GEOMETRIC_REPRESENTATION_CONTEXT(2) 
PARAMETRIC_REPRESENTATION_CONTEXT() REPRESENTATION_CONTEXT('2D SPACE',''
  ) );
#5197 = ORIENTED_EDGE('',*,*,#1855,.T.);
#5198 = ORIENTED_EDGE('',*,*,#5127,.T.);
#5199 = ORIENTED_EDGE('',*,*,#5200,.F.);
#5200 = EDGE_CURVE('',#5176,#5128,#5201,.T.);
#5201 = SURFACE_CURVE('',#5202,(#5206,#5213),.PCURVE_S1.);
#5202 = LINE('',#5203,#5204);
#5203 = CARTESIAN_POINT('',(26.4,-5.,7.));
#5204 = VECTOR('',#5205,1.);
#5205 = DIRECTION('',(1.,0.,0.));
#5206 = PCURVE('',#1871,#5207);
#5207 = DEFINITIONAL_REPRESENTATION('',(#5208),#5212);
#5208 = LINE('',#5209,#5210);
#5209 = CARTESIAN_POINT('',(0.,2.));
#5210 = VECTOR('',#5211,1.);
#5211 = DIRECTION('',(1.,0.));
#5212 = ( GEOMETRIC_REPRESENTATION_CONTEXT(2) 
PARAMETRIC_REPRESENTATION_CONTEXT() REPRESENTATION_CONTEXT('2D SPACE',''
  ) );
#5213 = PCURVE('',#3790,#5214);
#5214 = DEFINITIONAL_REPRESENTATION('',(#5215),#5219);
#5215 = LINE('',#5216,#5217);
#5216 = CARTESIAN_POINT('',(0.,0.));
#5217 = VECTOR('',#5218,1.);
#5218 = DIRECTION('',(0.,1.));
#5219 = ( GEOMETRIC_REPRESENTATION_CONTEXT(2) 
PARAMETRIC_REPRESENTATION_CONTEXT() REPRESENTATION_CONTEXT('2D SPACE',''
  ) );
#5220 = ADVANCED_FACE('',(#5221),#1843,.T.);
#5221 = FACE_BOUND('',#5222,.T.);
#5222 = EDGE_LOOP('',(#5223,#5224,#5225,#5246));
#5223 = ORIENTED_EDGE('',*,*,#1827,.F.);
#5224 = ORIENTED_EDGE('',*,*,#5175,.T.);
#5225 = ORIENTED_EDGE('',*,*,#5226,.T.);
#5226 = EDGE_CURVE('',#5176,#3752,#5227,.T.);
#5227 = SURFACE_CURVE('',#5228,(#5232,#5239),.PCURVE_S1.);
#5228 = LINE('',#5229,#5230);
#5229 = CARTESIAN_POINT('',(26.4,-5.,7.));
#5230 = VECTOR('',#5231,1.);
#5231 = DIRECTION('',(0.,0.,1.));
#5232 = PCURVE('',#1843,#5233);
#5233 = DEFINITIONAL_REPRESENTATION('',(#5234),#5238);
#5234 = LINE('',#5235,#5236);
#5235 = CARTESIAN_POINT('',(0.,-2.));
#5236 = VECTOR('',#5237,1.);
#5237 = DIRECTION('',(1.,0.));
#5238 = ( GEOMETRIC_REPRESENTATION_CONTEXT(2) 
PARAMETRIC_REPRESENTATION_CONTEXT() REPRESENTATION_CONTEXT('2D SPACE',''
  ) );
#5239 = PCURVE('',#3790,#5240);
#5240 = DEFINITIONAL_REPRESENTATION('',(#5241),#5245);
#5241 = LINE('',#5242,#5243);
#5242 = CARTESIAN_POINT('',(0.,0.));
#5243 = VECTOR('',#5244,1.);
#5244 = DIRECTION('',(1.,0.));
#5245 = ( GEOMETRIC_REPRESENTATION_CONTEXT(2) 
PARAMETRIC_REPRESENTATION_CONTEXT() REPRESENTATION_CONTEXT('2D SPACE',''
  ) );
#5246 = ORIENTED_EDGE('',*,*,#3751,.F.);
#5247 = ADVANCED_FACE('',(#5248),#1792,.F.);
#5248 = FACE_BOUND('',#5249,.F.);
#5249 = EDGE_LOOP('',(#5250,#5251,#5274,#5295));
#5250 = ORIENTED_EDGE('',*,*,#1776,.F.);
#5251 = ORIENTED_EDGE('',*,*,#5252,.T.);
#5252 = EDGE_CURVE('',#1749,#5253,#5255,.T.);
#5253 = VERTEX_POINT('',#5254);
#5254 = CARTESIAN_POINT('',(25.8,-5.,7.));
#5255 = SURFACE_CURVE('',#5256,(#5260,#5267),.PCURVE_S1.);
#5256 = LINE('',#5257,#5258);
#5257 = CARTESIAN_POINT('',(25.8,-7.,7.));
#5258 = VECTOR('',#5259,1.);
#5259 = DIRECTION('',(0.,1.,0.));
#5260 = PCURVE('',#1792,#5261);
#5261 = DEFINITIONAL_REPRESENTATION('',(#5262),#5266);
#5262 = LINE('',#5263,#5264);
#5263 = CARTESIAN_POINT('',(0.,0.));
#5264 = VECTOR('',#5265,1.);
#5265 = DIRECTION('',(0.,-1.));
#5266 = ( GEOMETRIC_REPRESENTATION_CONTEXT(2) 
PARAMETRIC_REPRESENTATION_CONTEXT() REPRESENTATION_CONTEXT('2D SPACE',''
  ) );
#5267 = PCURVE('',#1764,#5268);
#5268 = DEFINITIONAL_REPRESENTATION('',(#5269),#5273);
#5269 = LINE('',#5270,#5271);
#5270 = CARTESIAN_POINT('',(0.8,0.));
#5271 = VECTOR('',#5272,1.);
#5272 = DIRECTION('',(0.,1.));
#5273 = ( GEOMETRIC_REPRESENTATION_CONTEXT(2) 
PARAMETRIC_REPRESENTATION_CONTEXT() REPRESENTATION_CONTEXT('2D SPACE',''
  ) );
#5274 = ORIENTED_EDGE('',*,*,#5275,.T.);
#5275 = EDGE_CURVE('',#5253,#3702,#5276,.T.);
#5276 = SURFACE_CURVE('',#5277,(#5281,#5288),.PCURVE_S1.);
#5277 = LINE('',#5278,#5279);
#5278 = CARTESIAN_POINT('',(25.8,-5.,7.));
#5279 = VECTOR('',#5280,1.);
#5280 = DIRECTION('',(0.,0.,1.));
#5281 = PCURVE('',#1792,#5282);
#5282 = DEFINITIONAL_REPRESENTATION('',(#5283),#5287);
#5283 = LINE('',#5284,#5285);
#5284 = CARTESIAN_POINT('',(0.,-2.));
#5285 = VECTOR('',#5286,1.);
#5286 = DIRECTION('',(1.,0.));
#5287 = ( GEOMETRIC_REPRESENTATION_CONTEXT(2) 
PARAMETRIC_REPRESENTATION_CONTEXT() REPRESENTATION_CONTEXT('2D SPACE',''
  ) );
#5288 = PCURVE('',#3717,#5289);
#5289 = DEFINITIONAL_REPRESENTATION('',(#5290),#5294);
#5290 = LINE('',#5291,#5292);
#5291 = CARTESIAN_POINT('',(0.,0.8));
#5292 = VECTOR('',#5293,1.);
#5293 = DIRECTION('',(1.,0.));
#5294 = ( GEOMETRIC_REPRESENTATION_CONTEXT(2) 
PARAMETRIC_REPRESENTATION_CONTEXT() REPRESENTATION_CONTEXT('2D SPACE',''
  ) );
#5295 = ORIENTED_EDGE('',*,*,#3729,.F.);
#5296 = ADVANCED_FACE('',(#5297),#1764,.T.);
#5297 = FACE_BOUND('',#5298,.T.);
#5298 = EDGE_LOOP('',(#5299,#5322,#5323,#5324));
#5299 = ORIENTED_EDGE('',*,*,#5300,.F.);
#5300 = EDGE_CURVE('',#1721,#5301,#5303,.T.);
#5301 = VERTEX_POINT('',#5302);
#5302 = CARTESIAN_POINT('',(25.,-5.,7.));
#5303 = SURFACE_CURVE('',#5304,(#5308,#5315),.PCURVE_S1.);
#5304 = LINE('',#5305,#5306);
#5305 = CARTESIAN_POINT('',(25.,-7.,7.));
#5306 = VECTOR('',#5307,1.);
#5307 = DIRECTION('',(0.,1.,0.));
#5308 = PCURVE('',#1764,#5309);
#5309 = DEFINITIONAL_REPRESENTATION('',(#5310),#5314);
#5310 = LINE('',#5311,#5312);
#5311 = CARTESIAN_POINT('',(0.,0.));
#5312 = VECTOR('',#5313,1.);
#5313 = DIRECTION('',(0.,1.));
#5314 = ( GEOMETRIC_REPRESENTATION_CONTEXT(2) 
PARAMETRIC_REPRESENTATION_CONTEXT() REPRESENTATION_CONTEXT('2D SPACE',''
  ) );
#5315 = PCURVE('',#1736,#5316);
#5316 = DEFINITIONAL_REPRESENTATION('',(#5317),#5321);
#5317 = LINE('',#5318,#5319);
#5318 = CARTESIAN_POINT('',(0.,0.));
#5319 = VECTOR('',#5320,1.);
#5320 = DIRECTION('',(0.,-1.));
#5321 = ( GEOMETRIC_REPRESENTATION_CONTEXT(2) 
PARAMETRIC_REPRESENTATION_CONTEXT() REPRESENTATION_CONTEXT('2D SPACE',''
  ) );
#5322 = ORIENTED_EDGE('',*,*,#1748,.T.);
#5323 = ORIENTED_EDGE('',*,*,#5252,.T.);
#5324 = ORIENTED_EDGE('',*,*,#5325,.F.);
#5325 = EDGE_CURVE('',#5301,#5253,#5326,.T.);
#5326 = SURFACE_CURVE('',#5327,(#5331,#5338),.PCURVE_S1.);
#5327 = LINE('',#5328,#5329);
#5328 = CARTESIAN_POINT('',(25.,-5.,7.));
#5329 = VECTOR('',#5330,1.);
#5330 = DIRECTION('',(1.,0.,0.));
#5331 = PCURVE('',#1764,#5332);
#5332 = DEFINITIONAL_REPRESENTATION('',(#5333),#5337);
#5333 = LINE('',#5334,#5335);
#5334 = CARTESIAN_POINT('',(0.,2.));
#5335 = VECTOR('',#5336,1.);
#5336 = DIRECTION('',(1.,0.));
#5337 = ( GEOMETRIC_REPRESENTATION_CONTEXT(2) 
PARAMETRIC_REPRESENTATION_CONTEXT() REPRESENTATION_CONTEXT('2D SPACE',''
  ) );
#5338 = PCURVE('',#3717,#5339);
#5339 = DEFINITIONAL_REPRESENTATION('',(#5340),#5344);
#5340 = LINE('',#5341,#5342);
#5341 = CARTESIAN_POINT('',(0.,0.));
#5342 = VECTOR('',#5343,1.);
#5343 = DIRECTION('',(0.,1.));
#5344 = ( GEOMETRIC_REPRESENTATION_CONTEXT(2) 
PARAMETRIC_REPRESENTATION_CONTEXT() REPRESENTATION_CONTEXT('2D SPACE',''
  ) );
#5345 = ADVANCED_FACE('',(#5346),#1736,.T.);
#5346 = FACE_BOUND('',#5347,.T.);
#5347 = EDGE_LOOP('',(#5348,#5349,#5350,#5371));
#5348 = ORIENTED_EDGE('',*,*,#1720,.F.);
#5349 = ORIENTED_EDGE('',*,*,#5300,.T.);
#5350 = ORIENTED_EDGE('',*,*,#5351,.T.);
#5351 = EDGE_CURVE('',#5301,#3679,#5352,.T.);
#5352 = SURFACE_CURVE('',#5353,(#5357,#5364),.PCURVE_S1.);
#5353 = LINE('',#5354,#5355);
#5354 = CARTESIAN_POINT('',(25.,-5.,7.));
#5355 = VECTOR('',#5356,1.);
#5356 = DIRECTION('',(0.,0.,1.));
#5357 = PCURVE('',#1736,#5358);
#5358 = DEFINITIONAL_REPRESENTATION('',(#5359),#5363);
#5359 = LINE('',#5360,#5361);
#5360 = CARTESIAN_POINT('',(0.,-2.));
#5361 = VECTOR('',#5362,1.);
#5362 = DIRECTION('',(1.,0.));
#5363 = ( GEOMETRIC_REPRESENTATION_CONTEXT(2) 
PARAMETRIC_REPRESENTATION_CONTEXT() REPRESENTATION_CONTEXT('2D SPACE',''
  ) );
#5364 = PCURVE('',#3717,#5365);
#5365 = DEFINITIONAL_REPRESENTATION('',(#5366),#5370);
#5366 = LINE('',#5367,#5368);
#5367 = CARTESIAN_POINT('',(0.,0.));
#5368 = VECTOR('',#5369,1.);
#5369 = DIRECTION('',(1.,0.));
#5370 = ( GEOMETRIC_REPRESENTATION_CONTEXT(2) 
PARAMETRIC_REPRESENTATION_CONTEXT() REPRESENTATION_CONTEXT('2D SPACE',''
  ) );
#5371 = ORIENTED_EDGE('',*,*,#3678,.F.);
#5372 = ADVANCED_FACE('',(#5373),#1685,.F.);
#5373 = FACE_BOUND('',#5374,.F.);
#5374 = EDGE_LOOP('',(#5375,#5376,#5399,#5420));
#5375 = ORIENTED_EDGE('',*,*,#1669,.F.);
#5376 = ORIENTED_EDGE('',*,*,#5377,.T.);
#5377 = EDGE_CURVE('',#1642,#5378,#5380,.T.);
#5378 = VERTEX_POINT('',#5379);
#5379 = CARTESIAN_POINT('',(24.4,-5.,7.));
#5380 = SURFACE_CURVE('',#5381,(#5385,#5392),.PCURVE_S1.);
#5381 = LINE('',#5382,#5383);
#5382 = CARTESIAN_POINT('',(24.4,-7.,7.));
#5383 = VECTOR('',#5384,1.);
#5384 = DIRECTION('',(0.,1.,0.));
#5385 = PCURVE('',#1685,#5386);
#5386 = DEFINITIONAL_REPRESENTATION('',(#5387),#5391);
#5387 = LINE('',#5388,#5389);
#5388 = CARTESIAN_POINT('',(0.,0.));
#5389 = VECTOR('',#5390,1.);
#5390 = DIRECTION('',(0.,-1.));
#5391 = ( GEOMETRIC_REPRESENTATION_CONTEXT(2) 
PARAMETRIC_REPRESENTATION_CONTEXT() REPRESENTATION_CONTEXT('2D SPACE',''
  ) );
#5392 = PCURVE('',#1657,#5393);
#5393 = DEFINITIONAL_REPRESENTATION('',(#5394),#5398);
#5394 = LINE('',#5395,#5396);
#5395 = CARTESIAN_POINT('',(0.8,0.));
#5396 = VECTOR('',#5397,1.);
#5397 = DIRECTION('',(0.,1.));
#5398 = ( GEOMETRIC_REPRESENTATION_CONTEXT(2) 
PARAMETRIC_REPRESENTATION_CONTEXT() REPRESENTATION_CONTEXT('2D SPACE',''
  ) );
#5399 = ORIENTED_EDGE('',*,*,#5400,.T.);
#5400 = EDGE_CURVE('',#5378,#3629,#5401,.T.);
#5401 = SURFACE_CURVE('',#5402,(#5406,#5413),.PCURVE_S1.);
#5402 = LINE('',#5403,#5404);
#5403 = CARTESIAN_POINT('',(24.4,-5.,7.));
#5404 = VECTOR('',#5405,1.);
#5405 = DIRECTION('',(0.,0.,1.));
#5406 = PCURVE('',#1685,#5407);
#5407 = DEFINITIONAL_REPRESENTATION('',(#5408),#5412);
#5408 = LINE('',#5409,#5410);
#5409 = CARTESIAN_POINT('',(0.,-2.));
#5410 = VECTOR('',#5411,1.);
#5411 = DIRECTION('',(1.,0.));
#5412 = ( GEOMETRIC_REPRESENTATION_CONTEXT(2) 
PARAMETRIC_REPRESENTATION_CONTEXT() REPRESENTATION_CONTEXT('2D SPACE',''
  ) );
#5413 = PCURVE('',#3644,#5414);
#5414 = DEFINITIONAL_REPRESENTATION('',(#5415),#5419);
#5415 = LINE('',#5416,#5417);
#5416 = CARTESIAN_POINT('',(0.,0.8));
#5417 = VECTOR('',#5418,1.);
#5418 = DIRECTION('',(1.,0.));
#5419 = ( GEOMETRIC_REPRESENTATION_CONTEXT(2) 
PARAMETRIC_REPRESENTATION_CONTEXT() REPRESENTATION_CONTEXT('2D SPACE',''
  ) );
#5420 = ORIENTED_EDGE('',*,*,#3656,.F.);
#5421 = ADVANCED_FACE('',(#5422),#1657,.T.);
#5422 = FACE_BOUND('',#5423,.T.);
#5423 = EDGE_LOOP('',(#5424,#5447,#5448,#5449));
#5424 = ORIENTED_EDGE('',*,*,#5425,.F.);
#5425 = EDGE_CURVE('',#1614,#5426,#5428,.T.);
#5426 = VERTEX_POINT('',#5427);
#5427 = CARTESIAN_POINT('',(23.6,-5.,7.));
#5428 = SURFACE_CURVE('',#5429,(#5433,#5440),.PCURVE_S1.);
#5429 = LINE('',#5430,#5431);
#5430 = CARTESIAN_POINT('',(23.6,-7.,7.));
#5431 = VECTOR('',#5432,1.);
#5432 = DIRECTION('',(0.,1.,0.));
#5433 = PCURVE('',#1657,#5434);
#5434 = DEFINITIONAL_REPRESENTATION('',(#5435),#5439);
#5435 = LINE('',#5436,#5437);
#5436 = CARTESIAN_POINT('',(0.,0.));
#5437 = VECTOR('',#5438,1.);
#5438 = DIRECTION('',(0.,1.));
#5439 = ( GEOMETRIC_REPRESENTATION_CONTEXT(2) 
PARAMETRIC_REPRESENTATION_CONTEXT() REPRESENTATION_CONTEXT('2D SPACE',''
  ) );
#5440 = PCURVE('',#1629,#5441);
#5441 = DEFINITIONAL_REPRESENTATION('',(#5442),#5446);
#5442 = LINE('',#5443,#5444);
#5443 = CARTESIAN_POINT('',(0.,0.));
#5444 = VECTOR('',#5445,1.);
#5445 = DIRECTION('',(0.,-1.));
#5446 = ( GEOMETRIC_REPRESENTATION_CONTEXT(2) 
PARAMETRIC_REPRESENTATION_CONTEXT() REPRESENTATION_CONTEXT('2D SPACE',''
  ) );
#5447 = ORIENTED_EDGE('',*,*,#1641,.T.);
#5448 = ORIENTED_EDGE('',*,*,#5377,.T.);
#5449 = ORIENTED_EDGE('',*,*,#5450,.F.);
#5450 = EDGE_CURVE('',#5426,#5378,#5451,.T.);
#5451 = SURFACE_CURVE('',#5452,(#5456,#5463),.PCURVE_S1.);
#5452 = LINE('',#5453,#5454);
#5453 = CARTESIAN_POINT('',(23.6,-5.,7.));
#5454 = VECTOR('',#5455,1.);
#5455 = DIRECTION('',(1.,0.,0.));
#5456 = PCURVE('',#1657,#5457);
#5457 = DEFINITIONAL_REPRESENTATION('',(#5458),#5462);
#5458 = LINE('',#5459,#5460);
#5459 = CARTESIAN_POINT('',(0.,2.));
#5460 = VECTOR('',#5461,1.);
#5461 = DIRECTION('',(1.,0.));
#5462 = ( GEOMETRIC_REPRESENTATION_CONTEXT(2) 
PARAMETRIC_REPRESENTATION_CONTEXT() REPRESENTATION_CONTEXT('2D SPACE',''
  ) );
#5463 = PCURVE('',#3644,#5464);
#5464 = DEFINITIONAL_REPRESENTATION('',(#5465),#5469);
#5465 = LINE('',#5466,#5467);
#5466 = CARTESIAN_POINT('',(0.,0.));
#5467 = VECTOR('',#5468,1.);
#5468 = DIRECTION('',(0.,1.));
#5469 = ( GEOMETRIC_REPRESENTATION_CONTEXT(2) 
PARAMETRIC_REPRESENTATION_CONTEXT() REPRESENTATION_CONTEXT('2D SPACE',''
  ) );
#5470 = ADVANCED_FACE('',(#5471),#1629,.T.);
#5471 = FACE_BOUND('',#5472,.T.);
#5472 = EDGE_LOOP('',(#5473,#5474,#5475,#5496));
#5473 = ORIENTED_EDGE('',*,*,#1613,.F.);
#5474 = ORIENTED_EDGE('',*,*,#5425,.T.);
#5475 = ORIENTED_EDGE('',*,*,#5476,.T.);
#5476 = EDGE_CURVE('',#5426,#3606,#5477,.T.);
#5477 = SURFACE_CURVE('',#5478,(#5482,#5489),.PCURVE_S1.);
#5478 = LINE('',#5479,#5480);
#5479 = CARTESIAN_POINT('',(23.6,-5.,7.));
#5480 = VECTOR('',#5481,1.);
#5481 = DIRECTION('',(0.,0.,1.));
#5482 = PCURVE('',#1629,#5483);
#5483 = DEFINITIONAL_REPRESENTATION('',(#5484),#5488);
#5484 = LINE('',#5485,#5486);
#5485 = CARTESIAN_POINT('',(0.,-2.));
#5486 = VECTOR('',#5487,1.);
#5487 = DIRECTION('',(1.,0.));
#5488 = ( GEOMETRIC_REPRESENTATION_CONTEXT(2) 
PARAMETRIC_REPRESENTATION_CONTEXT() REPRESENTATION_CONTEXT('2D SPACE',''
  ) );
#5489 = PCURVE('',#3644,#5490);
#5490 = DEFINITIONAL_REPRESENTATION('',(#5491),#5495);
#5491 = LINE('',#5492,#5493);
#5492 = CARTESIAN_POINT('',(0.,0.));
#5493 = VECTOR('',#5494,1.);
#5494 = DIRECTION('',(1.,0.));
#5495 = ( GEOMETRIC_REPRESENTATION_CONTEXT(2) 
PARAMETRIC_REPRESENTATION_CONTEXT() REPRESENTATION_CONTEXT('2D SPACE',''
  ) );
#5496 = ORIENTED_EDGE('',*,*,#3605,.F.);
#5497 = ADVANCED_FACE('',(#5498),#1578,.F.);
#5498 = FACE_BOUND('',#5499,.F.);
#5499 = EDGE_LOOP('',(#5500,#5501,#5524,#5545));
#5500 = ORIENTED_EDGE('',*,*,#1562,.F.);
#5501 = ORIENTED_EDGE('',*,*,#5502,.T.);
#5502 = EDGE_CURVE('',#1535,#5503,#5505,.T.);
#5503 = VERTEX_POINT('',#5504);
#5504 = CARTESIAN_POINT('',(21.,-5.,7.));
#5505 = SURFACE_CURVE('',#5506,(#5510,#5517),.PCURVE_S1.);
#5506 = LINE('',#5507,#5508);
#5507 = CARTESIAN_POINT('',(21.,-7.,7.));
#5508 = VECTOR('',#5509,1.);
#5509 = DIRECTION('',(0.,1.,0.));
#5510 = PCURVE('',#1578,#5511);
#5511 = DEFINITIONAL_REPRESENTATION('',(#5512),#5516);
#5512 = LINE('',#5513,#5514);
#5513 = CARTESIAN_POINT('',(0.,0.));
#5514 = VECTOR('',#5515,1.);
#5515 = DIRECTION('',(0.,-1.));
#5516 = ( GEOMETRIC_REPRESENTATION_CONTEXT(2) 
PARAMETRIC_REPRESENTATION_CONTEXT() REPRESENTATION_CONTEXT('2D SPACE',''
  ) );
#5517 = PCURVE('',#1550,#5518);
#5518 = DEFINITIONAL_REPRESENTATION('',(#5519),#5523);
#5519 = LINE('',#5520,#5521);
#5520 = CARTESIAN_POINT('',(0.8,0.));
#5521 = VECTOR('',#5522,1.);
#5522 = DIRECTION('',(0.,1.));
#5523 = ( GEOMETRIC_REPRESENTATION_CONTEXT(2) 
PARAMETRIC_REPRESENTATION_CONTEXT() REPRESENTATION_CONTEXT('2D SPACE',''
  ) );
#5524 = ORIENTED_EDGE('',*,*,#5525,.T.);
#5525 = EDGE_CURVE('',#5503,#3556,#5526,.T.);
#5526 = SURFACE_CURVE('',#5527,(#5531,#5538),.PCURVE_S1.);
#5527 = LINE('',#5528,#5529);
#5528 = CARTESIAN_POINT('',(21.,-5.,7.));
#5529 = VECTOR('',#5530,1.);
#5530 = DIRECTION('',(0.,0.,1.));
#5531 = PCURVE('',#1578,#5532);
#5532 = DEFINITIONAL_REPRESENTATION('',(#5533),#5537);
#5533 = LINE('',#5534,#5535);
#5534 = CARTESIAN_POINT('',(0.,-2.));
#5535 = VECTOR('',#5536,1.);
#5536 = DIRECTION('',(1.,0.));
#5537 = ( GEOMETRIC_REPRESENTATION_CONTEXT(2) 
PARAMETRIC_REPRESENTATION_CONTEXT() REPRESENTATION_CONTEXT('2D SPACE',''
  ) );
#5538 = PCURVE('',#3571,#5539);
#5539 = DEFINITIONAL_REPRESENTATION('',(#5540),#5544);
#5540 = LINE('',#5541,#5542);
#5541 = CARTESIAN_POINT('',(0.,0.8));
#5542 = VECTOR('',#5543,1.);
#5543 = DIRECTION('',(1.,0.));
#5544 = ( GEOMETRIC_REPRESENTATION_CONTEXT(2) 
PARAMETRIC_REPRESENTATION_CONTEXT() REPRESENTATION_CONTEXT('2D SPACE',''
  ) );
#5545 = ORIENTED_EDGE('',*,*,#3583,.F.);
#5546 = ADVANCED_FACE('',(#5547),#1550,.T.);
#5547 = FACE_BOUND('',#5548,.T.);
#5548 = EDGE_LOOP('',(#5549,#5572,#5573,#5574));
#5549 = ORIENTED_EDGE('',*,*,#5550,.F.);
#5550 = EDGE_CURVE('',#1507,#5551,#5553,.T.);
#5551 = VERTEX_POINT('',#5552);
#5552 = CARTESIAN_POINT('',(20.2,-5.,7.));
#5553 = SURFACE_CURVE('',#5554,(#5558,#5565),.PCURVE_S1.);
#5554 = LINE('',#5555,#5556);
#5555 = CARTESIAN_POINT('',(20.2,-7.,7.));
#5556 = VECTOR('',#5557,1.);
#5557 = DIRECTION('',(0.,1.,0.));
#5558 = PCURVE('',#1550,#5559);
#5559 = DEFINITIONAL_REPRESENTATION('',(#5560),#5564);
#5560 = LINE('',#5561,#5562);
#5561 = CARTESIAN_POINT('',(0.,0.));
#5562 = VECTOR('',#5563,1.);
#5563 = DIRECTION('',(0.,1.));
#5564 = ( GEOMETRIC_REPRESENTATION_CONTEXT(2) 
PARAMETRIC_REPRESENTATION_CONTEXT() REPRESENTATION_CONTEXT('2D SPACE',''
  ) );
#5565 = PCURVE('',#1522,#5566);
#5566 = DEFINITIONAL_REPRESENTATION('',(#5567),#5571);
#5567 = LINE('',#5568,#5569);
#5568 = CARTESIAN_POINT('',(0.,0.));
#5569 = VECTOR('',#5570,1.);
#5570 = DIRECTION('',(0.,-1.));
#5571 = ( GEOMETRIC_REPRESENTATION_CONTEXT(2) 
PARAMETRIC_REPRESENTATION_CONTEXT() REPRESENTATION_CONTEXT('2D SPACE',''
  ) );
#5572 = ORIENTED_EDGE('',*,*,#1534,.T.);
#5573 = ORIENTED_EDGE('',*,*,#5502,.T.);
#5574 = ORIENTED_EDGE('',*,*,#5575,.F.);
#5575 = EDGE_CURVE('',#5551,#5503,#5576,.T.);
#5576 = SURFACE_CURVE('',#5577,(#5581,#5588),.PCURVE_S1.);
#5577 = LINE('',#5578,#5579);
#5578 = CARTESIAN_POINT('',(20.2,-5.,7.));
#5579 = VECTOR('',#5580,1.);
#5580 = DIRECTION('',(1.,0.,0.));
#5581 = PCURVE('',#1550,#5582);
#5582 = DEFINITIONAL_REPRESENTATION('',(#5583),#5587);
#5583 = LINE('',#5584,#5585);
#5584 = CARTESIAN_POINT('',(0.,2.));
#5585 = VECTOR('',#5586,1.);
#5586 = DIRECTION('',(1.,0.));
#5587 = ( GEOMETRIC_REPRESENTATION_CONTEXT(2) 
PARAMETRIC_REPRESENTATION_CONTEXT() REPRESENTATION_CONTEXT('2D SPACE',''
  ) );
#5588 = PCURVE('',#3571,#5589);
#5589 = DEFINITIONAL_REPRESENTATION('',(#5590),#5594);
#5590 = LINE('',#5591,#5592);
#5591 = CARTESIAN_POINT('',(0.,0.));
#5592 = VECTOR('',#5593,1.);
#5593 = DIRECTION('',(0.,1.));
#5594 = ( GEOMETRIC_REPRESENTATION_CONTEXT(2) 
PARAMETRIC_REPRESENTATION_CONTEXT() REPRESENTATION_CONTEXT('2D SPACE',''
  ) );
#5595 = ADVANCED_FACE('',(#5596),#1522,.T.);
#5596 = FACE_BOUND('',#5597,.T.);
#5597 = EDGE_LOOP('',(#5598,#5599,#5600,#5621));
#5598 = ORIENTED_EDGE('',*,*,#1506,.F.);
#5599 = ORIENTED_EDGE('',*,*,#5550,.T.);
#5600 = ORIENTED_EDGE('',*,*,#5601,.T.);
#5601 = EDGE_CURVE('',#5551,#3533,#5602,.T.);
#5602 = SURFACE_CURVE('',#5603,(#5607,#5614),.PCURVE_S1.);
#5603 = LINE('',#5604,#5605);
#5604 = CARTESIAN_POINT('',(20.2,-5.,7.));
#5605 = VECTOR('',#5606,1.);
#5606 = DIRECTION('',(0.,0.,1.));
#5607 = PCURVE('',#1522,#5608);
#5608 = DEFINITIONAL_REPRESENTATION('',(#5609),#5613);
#5609 = LINE('',#5610,#5611);
#5610 = CARTESIAN_POINT('',(0.,-2.));
#5611 = VECTOR('',#5612,1.);
#5612 = DIRECTION('',(1.,0.));
#5613 = ( GEOMETRIC_REPRESENTATION_CONTEXT(2) 
PARAMETRIC_REPRESENTATION_CONTEXT() REPRESENTATION_CONTEXT('2D SPACE',''
  ) );
#5614 = PCURVE('',#3571,#5615);
#5615 = DEFINITIONAL_REPRESENTATION('',(#5616),#5620);
#5616 = LINE('',#5617,#5618);
#5617 = CARTESIAN_POINT('',(0.,0.));
#5618 = VECTOR('',#5619,1.);
#5619 = DIRECTION('',(1.,0.));
#5620 = ( GEOMETRIC_REPRESENTATION_CONTEXT(2) 
PARAMETRIC_REPRESENTATION_CONTEXT() REPRESENTATION_CONTEXT('2D SPACE',''
  ) );
#5621 = ORIENTED_EDGE('',*,*,#3532,.F.);
#5622 = ADVANCED_FACE('',(#5623),#1471,.F.);
#5623 = FACE_BOUND('',#5624,.F.);
#5624 = EDGE_LOOP('',(#5625,#5626,#5649,#5670));
#5625 = ORIENTED_EDGE('',*,*,#1455,.F.);
#5626 = ORIENTED_EDGE('',*,*,#5627,.T.);
#5627 = EDGE_CURVE('',#1428,#5628,#5630,.T.);
#5628 = VERTEX_POINT('',#5629);
#5629 = CARTESIAN_POINT('',(19.6,-5.,7.));
#5630 = SURFACE_CURVE('',#5631,(#5635,#5642),.PCURVE_S1.);
#5631 = LINE('',#5632,#5633);
#5632 = CARTESIAN_POINT('',(19.6,-7.,7.));
#5633 = VECTOR('',#5634,1.);
#5634 = DIRECTION('',(0.,1.,0.));
#5635 = PCURVE('',#1471,#5636);
#5636 = DEFINITIONAL_REPRESENTATION('',(#5637),#5641);
#5637 = LINE('',#5638,#5639);
#5638 = CARTESIAN_POINT('',(0.,0.));
#5639 = VECTOR('',#5640,1.);
#5640 = DIRECTION('',(0.,-1.));
#5641 = ( GEOMETRIC_REPRESENTATION_CONTEXT(2) 
PARAMETRIC_REPRESENTATION_CONTEXT() REPRESENTATION_CONTEXT('2D SPACE',''
  ) );
#5642 = PCURVE('',#1443,#5643);
#5643 = DEFINITIONAL_REPRESENTATION('',(#5644),#5648);
#5644 = LINE('',#5645,#5646);
#5645 = CARTESIAN_POINT('',(0.8,0.));
#5646 = VECTOR('',#5647,1.);
#5647 = DIRECTION('',(0.,1.));
#5648 = ( GEOMETRIC_REPRESENTATION_CONTEXT(2) 
PARAMETRIC_REPRESENTATION_CONTEXT() REPRESENTATION_CONTEXT('2D SPACE',''
  ) );
#5649 = ORIENTED_EDGE('',*,*,#5650,.T.);
#5650 = EDGE_CURVE('',#5628,#3483,#5651,.T.);
#5651 = SURFACE_CURVE('',#5652,(#5656,#5663),.PCURVE_S1.);
#5652 = LINE('',#5653,#5654);
#5653 = CARTESIAN_POINT('',(19.6,-5.,7.));
#5654 = VECTOR('',#5655,1.);
#5655 = DIRECTION('',(0.,0.,1.));
#5656 = PCURVE('',#1471,#5657);
#5657 = DEFINITIONAL_REPRESENTATION('',(#5658),#5662);
#5658 = LINE('',#5659,#5660);
#5659 = CARTESIAN_POINT('',(0.,-2.));
#5660 = VECTOR('',#5661,1.);
#5661 = DIRECTION('',(1.,0.));
#5662 = ( GEOMETRIC_REPRESENTATION_CONTEXT(2) 
PARAMETRIC_REPRESENTATION_CONTEXT() REPRESENTATION_CONTEXT('2D SPACE',''
  ) );
#5663 = PCURVE('',#3498,#5664);
#5664 = DEFINITIONAL_REPRESENTATION('',(#5665),#5669);
#5665 = LINE('',#5666,#5667);
#5666 = CARTESIAN_POINT('',(0.,0.8));
#5667 = VECTOR('',#5668,1.);
#5668 = DIRECTION('',(1.,0.));
#5669 = ( GEOMETRIC_REPRESENTATION_CONTEXT(2) 
PARAMETRIC_REPRESENTATION_CONTEXT() REPRESENTATION_CONTEXT('2D SPACE',''
  ) );
#5670 = ORIENTED_EDGE('',*,*,#3510,.F.);
#5671 = ADVANCED_FACE('',(#5672),#1443,.T.);
#5672 = FACE_BOUND('',#5673,.T.);
#5673 = EDGE_LOOP('',(#5674,#5697,#5698,#5699));
#5674 = ORIENTED_EDGE('',*,*,#5675,.F.);
#5675 = EDGE_CURVE('',#1400,#5676,#5678,.T.);
#5676 = VERTEX_POINT('',#5677);
#5677 = CARTESIAN_POINT('',(18.8,-5.,7.));
#5678 = SURFACE_CURVE('',#5679,(#5683,#5690),.PCURVE_S1.);
#5679 = LINE('',#5680,#5681);
#5680 = CARTESIAN_POINT('',(18.8,-7.,7.));
#5681 = VECTOR('',#5682,1.);
#5682 = DIRECTION('',(0.,1.,0.));
#5683 = PCURVE('',#1443,#5684);
#5684 = DEFINITIONAL_REPRESENTATION('',(#5685),#5689);
#5685 = LINE('',#5686,#5687);
#5686 = CARTESIAN_POINT('',(0.,0.));
#5687 = VECTOR('',#5688,1.);
#5688 = DIRECTION('',(0.,1.));
#5689 = ( GEOMETRIC_REPRESENTATION_CONTEXT(2) 
PARAMETRIC_REPRESENTATION_CONTEXT() REPRESENTATION_CONTEXT('2D SPACE',''
  ) );
#5690 = PCURVE('',#1415,#5691);
#5691 = DEFINITIONAL_REPRESENTATION('',(#5692),#5696);
#5692 = LINE('',#5693,#5694);
#5693 = CARTESIAN_POINT('',(0.,0.));
#5694 = VECTOR('',#5695,1.);
#5695 = DIRECTION('',(0.,-1.));
#5696 = ( GEOMETRIC_REPRESENTATION_CONTEXT(2) 
PARAMETRIC_REPRESENTATION_CONTEXT() REPRESENTATION_CONTEXT('2D SPACE',''
  ) );
#5697 = ORIENTED_EDGE('',*,*,#1427,.T.);
#5698 = ORIENTED_EDGE('',*,*,#5627,.T.);
#5699 = ORIENTED_EDGE('',*,*,#5700,.F.);
#5700 = EDGE_CURVE('',#5676,#5628,#5701,.T.);
#5701 = SURFACE_CURVE('',#5702,(#5706,#5713),.PCURVE_S1.);
#5702 = LINE('',#5703,#5704);
#5703 = CARTESIAN_POINT('',(18.8,-5.,7.));
#5704 = VECTOR('',#5705,1.);
#5705 = DIRECTION('',(1.,0.,0.));
#5706 = PCURVE('',#1443,#5707);
#5707 = DEFINITIONAL_REPRESENTATION('',(#5708),#5712);
#5708 = LINE('',#5709,#5710);
#5709 = CARTESIAN_POINT('',(0.,2.));
#5710 = VECTOR('',#5711,1.);
#5711 = DIRECTION('',(1.,0.));
#5712 = ( GEOMETRIC_REPRESENTATION_CONTEXT(2) 
PARAMETRIC_REPRESENTATION_CONTEXT() REPRESENTATION_CONTEXT('2D SPACE',''
  ) );
#5713 = PCURVE('',#3498,#5714);
#5714 = DEFINITIONAL_REPRESENTATION('',(#5715),#5719);
#5715 = LINE('',#5716,#5717);
#5716 = CARTESIAN_POINT('',(0.,0.));
#5717 = VECTOR('',#5718,1.);
#5718 = DIRECTION('',(0.,1.));
#5719 = ( GEOMETRIC_REPRESENTATION_CONTEXT(2) 
PARAMETRIC_REPRESENTATION_CONTEXT() REPRESENTATION_CONTEXT('2D SPACE',''
  ) );
#5720 = ADVANCED_FACE('',(#5721),#1415,.T.);
#5721 = FACE_BOUND('',#5722,.T.);
#5722 = EDGE_LOOP('',(#5723,#5724,#5725,#5746));
#5723 = ORIENTED_EDGE('',*,*,#1399,.F.);
#5724 = ORIENTED_EDGE('',*,*,#5675,.T.);
#5725 = ORIENTED_EDGE('',*,*,#5726,.T.);
#5726 = EDGE_CURVE('',#5676,#3460,#5727,.T.);
#5727 = SURFACE_CURVE('',#5728,(#5732,#5739),.PCURVE_S1.);
#5728 = LINE('',#5729,#5730);
#5729 = CARTESIAN_POINT('',(18.8,-5.,7.));
#5730 = VECTOR('',#5731,1.);
#5731 = DIRECTION('',(0.,0.,1.));
#5732 = PCURVE('',#1415,#5733);
#5733 = DEFINITIONAL_REPRESENTATION('',(#5734),#5738);
#5734 = LINE('',#5735,#5736);
#5735 = CARTESIAN_POINT('',(0.,-2.));
#5736 = VECTOR('',#5737,1.);
#5737 = DIRECTION('',(1.,0.));
#5738 = ( GEOMETRIC_REPRESENTATION_CONTEXT(2) 
PARAMETRIC_REPRESENTATION_CONTEXT() REPRESENTATION_CONTEXT('2D SPACE',''
  ) );
#5739 = PCURVE('',#3498,#5740);
#5740 = DEFINITIONAL_REPRESENTATION('',(#5741),#5745);
#5741 = LINE('',#5742,#5743);
#5742 = CARTESIAN_POINT('',(0.,0.));
#5743 = VECTOR('',#5744,1.);
#5744 = DIRECTION('',(1.,0.));
#5745 = ( GEOMETRIC_REPRESENTATION_CONTEXT(2) 
PARAMETRIC_REPRESENTATION_CONTEXT() REPRESENTATION_CONTEXT('2D SPACE',''
  ) );
#5746 = ORIENTED_EDGE('',*,*,#3459,.F.);
#5747 = ADVANCED_FACE('',(#5748),#1364,.F.);
#5748 = FACE_BOUND('',#5749,.F.);
#5749 = EDGE_LOOP('',(#5750,#5751,#5774,#5795));
#5750 = ORIENTED_EDGE('',*,*,#1348,.F.);
#5751 = ORIENTED_EDGE('',*,*,#5752,.T.);
#5752 = EDGE_CURVE('',#1321,#5753,#5755,.T.);
#5753 = VERTEX_POINT('',#5754);
#5754 = CARTESIAN_POINT('',(18.2,-5.,7.));
#5755 = SURFACE_CURVE('',#5756,(#5760,#5767),.PCURVE_S1.);
#5756 = LINE('',#5757,#5758);
#5757 = CARTESIAN_POINT('',(18.2,-7.,7.));
#5758 = VECTOR('',#5759,1.);
#5759 = DIRECTION('',(0.,1.,0.));
#5760 = PCURVE('',#1364,#5761);
#5761 = DEFINITIONAL_REPRESENTATION('',(#5762),#5766);
#5762 = LINE('',#5763,#5764);
#5763 = CARTESIAN_POINT('',(0.,0.));
#5764 = VECTOR('',#5765,1.);
#5765 = DIRECTION('',(0.,-1.));
#5766 = ( GEOMETRIC_REPRESENTATION_CONTEXT(2) 
PARAMETRIC_REPRESENTATION_CONTEXT() REPRESENTATION_CONTEXT('2D SPACE',''
  ) );
#5767 = PCURVE('',#1336,#5768);
#5768 = DEFINITIONAL_REPRESENTATION('',(#5769),#5773);
#5769 = LINE('',#5770,#5771);
#5770 = CARTESIAN_POINT('',(0.8,0.));
#5771 = VECTOR('',#5772,1.);
#5772 = DIRECTION('',(0.,1.));
#5773 = ( GEOMETRIC_REPRESENTATION_CONTEXT(2) 
PARAMETRIC_REPRESENTATION_CONTEXT() REPRESENTATION_CONTEXT('2D SPACE',''
  ) );
#5774 = ORIENTED_EDGE('',*,*,#5775,.T.);
#5775 = EDGE_CURVE('',#5753,#3410,#5776,.T.);
#5776 = SURFACE_CURVE('',#5777,(#5781,#5788),.PCURVE_S1.);
#5777 = LINE('',#5778,#5779);
#5778 = CARTESIAN_POINT('',(18.2,-5.,7.));
#5779 = VECTOR('',#5780,1.);
#5780 = DIRECTION('',(0.,0.,1.));
#5781 = PCURVE('',#1364,#5782);
#5782 = DEFINITIONAL_REPRESENTATION('',(#5783),#5787);
#5783 = LINE('',#5784,#5785);
#5784 = CARTESIAN_POINT('',(0.,-2.));
#5785 = VECTOR('',#5786,1.);
#5786 = DIRECTION('',(1.,0.));
#5787 = ( GEOMETRIC_REPRESENTATION_CONTEXT(2) 
PARAMETRIC_REPRESENTATION_CONTEXT() REPRESENTATION_CONTEXT('2D SPACE',''
  ) );
#5788 = PCURVE('',#3425,#5789);
#5789 = DEFINITIONAL_REPRESENTATION('',(#5790),#5794);
#5790 = LINE('',#5791,#5792);
#5791 = CARTESIAN_POINT('',(0.,0.8));
#5792 = VECTOR('',#5793,1.);
#5793 = DIRECTION('',(1.,0.));
#5794 = ( GEOMETRIC_REPRESENTATION_CONTEXT(2) 
PARAMETRIC_REPRESENTATION_CONTEXT() REPRESENTATION_CONTEXT('2D SPACE',''
  ) );
#5795 = ORIENTED_EDGE('',*,*,#3437,.F.);
#5796 = ADVANCED_FACE('',(#5797),#1336,.T.);
#5797 = FACE_BOUND('',#5798,.T.);
#5798 = EDGE_LOOP('',(#5799,#5822,#5823,#5824));
#5799 = ORIENTED_EDGE('',*,*,#5800,.F.);
#5800 = EDGE_CURVE('',#1293,#5801,#5803,.T.);
#5801 = VERTEX_POINT('',#5802);
#5802 = CARTESIAN_POINT('',(17.4,-5.,7.));
#5803 = SURFACE_CURVE('',#5804,(#5808,#5815),.PCURVE_S1.);
#5804 = LINE('',#5805,#5806);
#5805 = CARTESIAN_POINT('',(17.4,-7.,7.));
#5806 = VECTOR('',#5807,1.);
#5807 = DIRECTION('',(0.,1.,0.));
#5808 = PCURVE('',#1336,#5809);
#5809 = DEFINITIONAL_REPRESENTATION('',(#5810),#5814);
#5810 = LINE('',#5811,#5812);
#5811 = CARTESIAN_POINT('',(0.,0.));
#5812 = VECTOR('',#5813,1.);
#5813 = DIRECTION('',(0.,1.));
#5814 = ( GEOMETRIC_REPRESENTATION_CONTEXT(2) 
PARAMETRIC_REPRESENTATION_CONTEXT() REPRESENTATION_CONTEXT('2D SPACE',''
  ) );
#5815 = PCURVE('',#1308,#5816);
#5816 = DEFINITIONAL_REPRESENTATION('',(#5817),#5821);
#5817 = LINE('',#5818,#5819);
#5818 = CARTESIAN_POINT('',(0.,0.));
#5819 = VECTOR('',#5820,1.);
#5820 = DIRECTION('',(0.,-1.));
#5821 = ( GEOMETRIC_REPRESENTATION_CONTEXT(2) 
PARAMETRIC_REPRESENTATION_CONTEXT() REPRESENTATION_CONTEXT('2D SPACE',''
  ) );
#5822 = ORIENTED_EDGE('',*,*,#1320,.T.);
#5823 = ORIENTED_EDGE('',*,*,#5752,.T.);
#5824 = ORIENTED_EDGE('',*,*,#5825,.F.);
#5825 = EDGE_CURVE('',#5801,#5753,#5826,.T.);
#5826 = SURFACE_CURVE('',#5827,(#5831,#5838),.PCURVE_S1.);
#5827 = LINE('',#5828,#5829);
#5828 = CARTESIAN_POINT('',(17.4,-5.,7.));
#5829 = VECTOR('',#5830,1.);
#5830 = DIRECTION('',(1.,0.,0.));
#5831 = PCURVE('',#1336,#5832);
#5832 = DEFINITIONAL_REPRESENTATION('',(#5833),#5837);
#5833 = LINE('',#5834,#5835);
#5834 = CARTESIAN_POINT('',(0.,2.));
#5835 = VECTOR('',#5836,1.);
#5836 = DIRECTION('',(1.,0.));
#5837 = ( GEOMETRIC_REPRESENTATION_CONTEXT(2) 
PARAMETRIC_REPRESENTATION_CONTEXT() REPRESENTATION_CONTEXT('2D SPACE',''
  ) );
#5838 = PCURVE('',#3425,#5839);
#5839 = DEFINITIONAL_REPRESENTATION('',(#5840),#5844);
#5840 = LINE('',#5841,#5842);
#5841 = CARTESIAN_POINT('',(0.,0.));
#5842 = VECTOR('',#5843,1.);
#5843 = DIRECTION('',(0.,1.));
#5844 = ( GEOMETRIC_REPRESENTATION_CONTEXT(2) 
PARAMETRIC_REPRESENTATION_CONTEXT() REPRESENTATION_CONTEXT('2D SPACE',''
  ) );
#5845 = ADVANCED_FACE('',(#5846),#1308,.T.);
#5846 = FACE_BOUND('',#5847,.T.);
#5847 = EDGE_LOOP('',(#5848,#5849,#5850,#5871));
#5848 = ORIENTED_EDGE('',*,*,#1292,.F.);
#5849 = ORIENTED_EDGE('',*,*,#5800,.T.);
#5850 = ORIENTED_EDGE('',*,*,#5851,.T.);
#5851 = EDGE_CURVE('',#5801,#3387,#5852,.T.);
#5852 = SURFACE_CURVE('',#5853,(#5857,#5864),.PCURVE_S1.);
#5853 = LINE('',#5854,#5855);
#5854 = CARTESIAN_POINT('',(17.4,-5.,7.));
#5855 = VECTOR('',#5856,1.);
#5856 = DIRECTION('',(0.,0.,1.));
#5857 = PCURVE('',#1308,#5858);
#5858 = DEFINITIONAL_REPRESENTATION('',(#5859),#5863);
#5859 = LINE('',#5860,#5861);
#5860 = CARTESIAN_POINT('',(0.,-2.));
#5861 = VECTOR('',#5862,1.);
#5862 = DIRECTION('',(1.,0.));
#5863 = ( GEOMETRIC_REPRESENTATION_CONTEXT(2) 
PARAMETRIC_REPRESENTATION_CONTEXT() REPRESENTATION_CONTEXT('2D SPACE',''
  ) );
#5864 = PCURVE('',#3425,#5865);
#5865 = DEFINITIONAL_REPRESENTATION('',(#5866),#5870);
#5866 = LINE('',#5867,#5868);
#5867 = CARTESIAN_POINT('',(0.,0.));
#5868 = VECTOR('',#5869,1.);
#5869 = DIRECTION('',(1.,0.));
#5870 = ( GEOMETRIC_REPRESENTATION_CONTEXT(2) 
PARAMETRIC_REPRESENTATION_CONTEXT() REPRESENTATION_CONTEXT('2D SPACE',''
  ) );
#5871 = ORIENTED_EDGE('',*,*,#3386,.F.);
#5872 = ADVANCED_FACE('',(#5873),#1257,.F.);
#5873 = FACE_BOUND('',#5874,.F.);
#5874 = EDGE_LOOP('',(#5875,#5876,#5899,#5920));
#5875 = ORIENTED_EDGE('',*,*,#1241,.F.);
#5876 = ORIENTED_EDGE('',*,*,#5877,.T.);
#5877 = EDGE_CURVE('',#1214,#5878,#5880,.T.);
#5878 = VERTEX_POINT('',#5879);
#5879 = CARTESIAN_POINT('',(16.8,-5.,7.));
#5880 = SURFACE_CURVE('',#5881,(#5885,#5892),.PCURVE_S1.);
#5881 = LINE('',#5882,#5883);
#5882 = CARTESIAN_POINT('',(16.8,-7.,7.));
#5883 = VECTOR('',#5884,1.);
#5884 = DIRECTION('',(0.,1.,0.));
#5885 = PCURVE('',#1257,#5886);
#5886 = DEFINITIONAL_REPRESENTATION('',(#5887),#5891);
#5887 = LINE('',#5888,#5889);
#5888 = CARTESIAN_POINT('',(0.,0.));
#5889 = VECTOR('',#5890,1.);
#5890 = DIRECTION('',(0.,-1.));
#5891 = ( GEOMETRIC_REPRESENTATION_CONTEXT(2) 
PARAMETRIC_REPRESENTATION_CONTEXT() REPRESENTATION_CONTEXT('2D SPACE',''
  ) );
#5892 = PCURVE('',#1229,#5893);
#5893 = DEFINITIONAL_REPRESENTATION('',(#5894),#5898);
#5894 = LINE('',#5895,#5896);
#5895 = CARTESIAN_POINT('',(0.8,0.));
#5896 = VECTOR('',#5897,1.);
#5897 = DIRECTION('',(0.,1.));
#5898 = ( GEOMETRIC_REPRESENTATION_CONTEXT(2) 
PARAMETRIC_REPRESENTATION_CONTEXT() REPRESENTATION_CONTEXT('2D SPACE',''
  ) );
#5899 = ORIENTED_EDGE('',*,*,#5900,.T.);
#5900 = EDGE_CURVE('',#5878,#3337,#5901,.T.);
#5901 = SURFACE_CURVE('',#5902,(#5906,#5913),.PCURVE_S1.);
#5902 = LINE('',#5903,#5904);
#5903 = CARTESIAN_POINT('',(16.8,-5.,7.));
#5904 = VECTOR('',#5905,1.);
#5905 = DIRECTION('',(0.,0.,1.));
#5906 = PCURVE('',#1257,#5907);
#5907 = DEFINITIONAL_REPRESENTATION('',(#5908),#5912);
#5908 = LINE('',#5909,#5910);
#5909 = CARTESIAN_POINT('',(0.,-2.));
#5910 = VECTOR('',#5911,1.);
#5911 = DIRECTION('',(1.,0.));
#5912 = ( GEOMETRIC_REPRESENTATION_CONTEXT(2) 
PARAMETRIC_REPRESENTATION_CONTEXT() REPRESENTATION_CONTEXT('2D SPACE',''
  ) );
#5913 = PCURVE('',#3352,#5914);
#5914 = DEFINITIONAL_REPRESENTATION('',(#5915),#5919);
#5915 = LINE('',#5916,#5917);
#5916 = CARTESIAN_POINT('',(0.,0.8));
#5917 = VECTOR('',#5918,1.);
#5918 = DIRECTION('',(1.,0.));
#5919 = ( GEOMETRIC_REPRESENTATION_CONTEXT(2) 
PARAMETRIC_REPRESENTATION_CONTEXT() REPRESENTATION_CONTEXT('2D SPACE',''
  ) );
#5920 = ORIENTED_EDGE('',*,*,#3364,.F.);
#5921 = ADVANCED_FACE('',(#5922),#1229,.T.);
#5922 = FACE_BOUND('',#5923,.T.);
#5923 = EDGE_LOOP('',(#5924,#5947,#5948,#5949));
#5924 = ORIENTED_EDGE('',*,*,#5925,.F.);
#5925 = EDGE_CURVE('',#1186,#5926,#5928,.T.);
#5926 = VERTEX_POINT('',#5927);
#5927 = CARTESIAN_POINT('',(16.,-5.,7.));
#5928 = SURFACE_CURVE('',#5929,(#5933,#5940),.PCURVE_S1.);
#5929 = LINE('',#5930,#5931);
#5930 = CARTESIAN_POINT('',(16.,-7.,7.));
#5931 = VECTOR('',#5932,1.);
#5932 = DIRECTION('',(0.,1.,0.));
#5933 = PCURVE('',#1229,#5934);
#5934 = DEFINITIONAL_REPRESENTATION('',(#5935),#5939);
#5935 = LINE('',#5936,#5937);
#5936 = CARTESIAN_POINT('',(0.,0.));
#5937 = VECTOR('',#5938,1.);
#5938 = DIRECTION('',(0.,1.));
#5939 = ( GEOMETRIC_REPRESENTATION_CONTEXT(2) 
PARAMETRIC_REPRESENTATION_CONTEXT() REPRESENTATION_CONTEXT('2D SPACE',''
  ) );
#5940 = PCURVE('',#1201,#5941);
#5941 = DEFINITIONAL_REPRESENTATION('',(#5942),#5946);
#5942 = LINE('',#5943,#5944);
#5943 = CARTESIAN_POINT('',(0.,0.));
#5944 = VECTOR('',#5945,1.);
#5945 = DIRECTION('',(0.,-1.));
#5946 = ( GEOMETRIC_REPRESENTATION_CONTEXT(2) 
PARAMETRIC_REPRESENTATION_CONTEXT() REPRESENTATION_CONTEXT('2D SPACE',''
  ) );
#5947 = ORIENTED_EDGE('',*,*,#1213,.T.);
#5948 = ORIENTED_EDGE('',*,*,#5877,.T.);
#5949 = ORIENTED_EDGE('',*,*,#5950,.F.);
#5950 = EDGE_CURVE('',#5926,#5878,#5951,.T.);
#5951 = SURFACE_CURVE('',#5952,(#5956,#5963),.PCURVE_S1.);
#5952 = LINE('',#5953,#5954);
#5953 = CARTESIAN_POINT('',(16.,-5.,7.));
#5954 = VECTOR('',#5955,1.);
#5955 = DIRECTION('',(1.,0.,0.));
#5956 = PCURVE('',#1229,#5957);
#5957 = DEFINITIONAL_REPRESENTATION('',(#5958),#5962);
#5958 = LINE('',#5959,#5960);
#5959 = CARTESIAN_POINT('',(0.,2.));
#5960 = VECTOR('',#5961,1.);
#5961 = DIRECTION('',(1.,0.));
#5962 = ( GEOMETRIC_REPRESENTATION_CONTEXT(2) 
PARAMETRIC_REPRESENTATION_CONTEXT() REPRESENTATION_CONTEXT('2D SPACE',''
  ) );
#5963 = PCURVE('',#3352,#5964);
#5964 = DEFINITIONAL_REPRESENTATION('',(#5965),#5969);
#5965 = LINE('',#5966,#5967);
#5966 = CARTESIAN_POINT('',(0.,0.));
#5967 = VECTOR('',#5968,1.);
#5968 = DIRECTION('',(0.,1.));
#5969 = ( GEOMETRIC_REPRESENTATION_CONTEXT(2) 
PARAMETRIC_REPRESENTATION_CONTEXT() REPRESENTATION_CONTEXT('2D SPACE',''
  ) );
#5970 = ADVANCED_FACE('',(#5971),#1201,.T.);
#5971 = FACE_BOUND('',#5972,.T.);
#5972 = EDGE_LOOP('',(#5973,#5974,#5975,#5996));
#5973 = ORIENTED_EDGE('',*,*,#1185,.F.);
#5974 = ORIENTED_EDGE('',*,*,#5925,.T.);
#5975 = ORIENTED_EDGE('',*,*,#5976,.T.);
#5976 = EDGE_CURVE('',#5926,#3314,#5977,.T.);
#5977 = SURFACE_CURVE('',#5978,(#5982,#5989),.PCURVE_S1.);
#5978 = LINE('',#5979,#5980);
#5979 = CARTESIAN_POINT('',(16.,-5.,7.));
#5980 = VECTOR('',#5981,1.);
#5981 = DIRECTION('',(0.,0.,1.));
#5982 = PCURVE('',#1201,#5983);
#5983 = DEFINITIONAL_REPRESENTATION('',(#5984),#5988);
#5984 = LINE('',#5985,#5986);
#5985 = CARTESIAN_POINT('',(0.,-2.));
#5986 = VECTOR('',#5987,1.);
#5987 = DIRECTION('',(1.,0.));
#5988 = ( GEOMETRIC_REPRESENTATION_CONTEXT(2) 
PARAMETRIC_REPRESENTATION_CONTEXT() REPRESENTATION_CONTEXT('2D SPACE',''
  ) );
#5989 = PCURVE('',#3352,#5990);
#5990 = DEFINITIONAL_REPRESENTATION('',(#5991),#5995);
#5991 = LINE('',#5992,#5993);
#5992 = CARTESIAN_POINT('',(0.,0.));
#5993 = VECTOR('',#5994,1.);
#5994 = DIRECTION('',(1.,0.));
#5995 = ( GEOMETRIC_REPRESENTATION_CONTEXT(2) 
PARAMETRIC_REPRESENTATION_CONTEXT() REPRESENTATION_CONTEXT('2D SPACE',''
  ) );
#5996 = ORIENTED_EDGE('',*,*,#3313,.F.);
#5997 = ADVANCED_FACE('',(#5998),#1150,.F.);
#5998 = FACE_BOUND('',#5999,.F.);
#5999 = EDGE_LOOP('',(#6000,#6001,#6024,#6045));
#6000 = ORIENTED_EDGE('',*,*,#1134,.F.);
#6001 = ORIENTED_EDGE('',*,*,#6002,.T.);
#6002 = EDGE_CURVE('',#1107,#6003,#6005,.T.);
#6003 = VERTEX_POINT('',#6004);
#6004 = CARTESIAN_POINT('',(15.4,-5.,7.));
#6005 = SURFACE_CURVE('',#6006,(#6010,#6017),.PCURVE_S1.);
#6006 = LINE('',#6007,#6008);
#6007 = CARTESIAN_POINT('',(15.4,-7.,7.));
#6008 = VECTOR('',#6009,1.);
#6009 = DIRECTION('',(0.,1.,0.));
#6010 = PCURVE('',#1150,#6011);
#6011 = DEFINITIONAL_REPRESENTATION('',(#6012),#6016);
#6012 = LINE('',#6013,#6014);
#6013 = CARTESIAN_POINT('',(0.,0.));
#6014 = VECTOR('',#6015,1.);
#6015 = DIRECTION('',(0.,-1.));
#6016 = ( GEOMETRIC_REPRESENTATION_CONTEXT(2) 
PARAMETRIC_REPRESENTATION_CONTEXT() REPRESENTATION_CONTEXT('2D SPACE',''
  ) );
#6017 = PCURVE('',#1122,#6018);
#6018 = DEFINITIONAL_REPRESENTATION('',(#6019),#6023);
#6019 = LINE('',#6020,#6021);
#6020 = CARTESIAN_POINT('',(0.8,0.));
#6021 = VECTOR('',#6022,1.);
#6022 = DIRECTION('',(0.,1.));
#6023 = ( GEOMETRIC_REPRESENTATION_CONTEXT(2) 
PARAMETRIC_REPRESENTATION_CONTEXT() REPRESENTATION_CONTEXT('2D SPACE',''
  ) );
#6024 = ORIENTED_EDGE('',*,*,#6025,.T.);
#6025 = EDGE_CURVE('',#6003,#3264,#6026,.T.);
#6026 = SURFACE_CURVE('',#6027,(#6031,#6038),.PCURVE_S1.);
#6027 = LINE('',#6028,#6029);
#6028 = CARTESIAN_POINT('',(15.4,-5.,7.));
#6029 = VECTOR('',#6030,1.);
#6030 = DIRECTION('',(0.,0.,1.));
#6031 = PCURVE('',#1150,#6032);
#6032 = DEFINITIONAL_REPRESENTATION('',(#6033),#6037);
#6033 = LINE('',#6034,#6035);
#6034 = CARTESIAN_POINT('',(0.,-2.));
#6035 = VECTOR('',#6036,1.);
#6036 = DIRECTION('',(1.,0.));
#6037 = ( GEOMETRIC_REPRESENTATION_CONTEXT(2) 
PARAMETRIC_REPRESENTATION_CONTEXT() REPRESENTATION_CONTEXT('2D SPACE',''
  ) );
#6038 = PCURVE('',#3279,#6039);
#6039 = DEFINITIONAL_REPRESENTATION('',(#6040),#6044);
#6040 = LINE('',#6041,#6042);
#6041 = CARTESIAN_POINT('',(0.,0.8));
#6042 = VECTOR('',#6043,1.);
#6043 = DIRECTION('',(1.,0.));
#6044 = ( GEOMETRIC_REPRESENTATION_CONTEXT(2) 
PARAMETRIC_REPRESENTATION_CONTEXT() REPRESENTATION_CONTEXT('2D SPACE',''
  ) );
#6045 = ORIENTED_EDGE('',*,*,#3291,.F.);
#6046 = ADVANCED_FACE('',(#6047),#1122,.T.);
#6047 = FACE_BOUND('',#6048,.T.);
#6048 = EDGE_LOOP('',(#6049,#6072,#6073,#6074));
#6049 = ORIENTED_EDGE('',*,*,#6050,.F.);
#6050 = EDGE_CURVE('',#1079,#6051,#6053,.T.);
#6051 = VERTEX_POINT('',#6052);
#6052 = CARTESIAN_POINT('',(14.6,-5.,7.));
#6053 = SURFACE_CURVE('',#6054,(#6058,#6065),.PCURVE_S1.);
#6054 = LINE('',#6055,#6056);
#6055 = CARTESIAN_POINT('',(14.6,-7.,7.));
#6056 = VECTOR('',#6057,1.);
#6057 = DIRECTION('',(0.,1.,0.));
#6058 = PCURVE('',#1122,#6059);
#6059 = DEFINITIONAL_REPRESENTATION('',(#6060),#6064);
#6060 = LINE('',#6061,#6062);
#6061 = CARTESIAN_POINT('',(0.,0.));
#6062 = VECTOR('',#6063,1.);
#6063 = DIRECTION('',(0.,1.));
#6064 = ( GEOMETRIC_REPRESENTATION_CONTEXT(2) 
PARAMETRIC_REPRESENTATION_CONTEXT() REPRESENTATION_CONTEXT('2D SPACE',''
  ) );
#6065 = PCURVE('',#1094,#6066);
#6066 = DEFINITIONAL_REPRESENTATION('',(#6067),#6071);
#6067 = LINE('',#6068,#6069);
#6068 = CARTESIAN_POINT('',(0.,0.));
#6069 = VECTOR('',#6070,1.);
#6070 = DIRECTION('',(0.,-1.));
#6071 = ( GEOMETRIC_REPRESENTATION_CONTEXT(2) 
PARAMETRIC_REPRESENTATION_CONTEXT() REPRESENTATION_CONTEXT('2D SPACE',''
  ) );
#6072 = ORIENTED_EDGE('',*,*,#1106,.T.);
#6073 = ORIENTED_EDGE('',*,*,#6002,.T.);
#6074 = ORIENTED_EDGE('',*,*,#6075,.F.);
#6075 = EDGE_CURVE('',#6051,#6003,#6076,.T.);
#6076 = SURFACE_CURVE('',#6077,(#6081,#6088),.PCURVE_S1.);
#6077 = LINE('',#6078,#6079);
#6078 = CARTESIAN_POINT('',(14.6,-5.,7.));
#6079 = VECTOR('',#6080,1.);
#6080 = DIRECTION('',(1.,0.,0.));
#6081 = PCURVE('',#1122,#6082);
#6082 = DEFINITIONAL_REPRESENTATION('',(#6083),#6087);
#6083 = LINE('',#6084,#6085);
#6084 = CARTESIAN_POINT('',(0.,2.));
#6085 = VECTOR('',#6086,1.);
#6086 = DIRECTION('',(1.,0.));
#6087 = ( GEOMETRIC_REPRESENTATION_CONTEXT(2) 
PARAMETRIC_REPRESENTATION_CONTEXT() REPRESENTATION_CONTEXT('2D SPACE',''
  ) );
#6088 = PCURVE('',#3279,#6089);
#6089 = DEFINITIONAL_REPRESENTATION('',(#6090),#6094);
#6090 = LINE('',#6091,#6092);
#6091 = CARTESIAN_POINT('',(0.,0.));
#6092 = VECTOR('',#6093,1.);
#6093 = DIRECTION('',(0.,1.));
#6094 = ( GEOMETRIC_REPRESENTATION_CONTEXT(2) 
PARAMETRIC_REPRESENTATION_CONTEXT() REPRESENTATION_CONTEXT('2D SPACE',''
  ) );
#6095 = ADVANCED_FACE('',(#6096),#1094,.T.);
#6096 = FACE_BOUND('',#6097,.T.);
#6097 = EDGE_LOOP('',(#6098,#6099,#6100,#6121));
#6098 = ORIENTED_EDGE('',*,*,#1078,.F.);
#6099 = ORIENTED_EDGE('',*,*,#6050,.T.);
#6100 = ORIENTED_EDGE('',*,*,#6101,.T.);
#6101 = EDGE_CURVE('',#6051,#3241,#6102,.T.);
#6102 = SURFACE_CURVE('',#6103,(#6107,#6114),.PCURVE_S1.);
#6103 = LINE('',#6104,#6105);
#6104 = CARTESIAN_POINT('',(14.6,-5.,7.));
#6105 = VECTOR('',#6106,1.);
#6106 = DIRECTION('',(0.,0.,1.));
#6107 = PCURVE('',#1094,#6108);
#6108 = DEFINITIONAL_REPRESENTATION('',(#6109),#6113);
#6109 = LINE('',#6110,#6111);
#6110 = CARTESIAN_POINT('',(0.,-2.));
#6111 = VECTOR('',#6112,1.);
#6112 = DIRECTION('',(1.,0.));
#6113 = ( GEOMETRIC_REPRESENTATION_CONTEXT(2) 
PARAMETRIC_REPRESENTATION_CONTEXT() REPRESENTATION_CONTEXT('2D SPACE',''
  ) );
#6114 = PCURVE('',#3279,#6115);
#6115 = DEFINITIONAL_REPRESENTATION('',(#6116),#6120);
#6116 = LINE('',#6117,#6118);
#6117 = CARTESIAN_POINT('',(0.,0.));
#6118 = VECTOR('',#6119,1.);
#6119 = DIRECTION('',(1.,0.));
#6120 = ( GEOMETRIC_REPRESENTATION_CONTEXT(2) 
PARAMETRIC_REPRESENTATION_CONTEXT() REPRESENTATION_CONTEXT('2D SPACE',''
  ) );
#6121 = ORIENTED_EDGE('',*,*,#3240,.F.);
#6122 = ADVANCED_FACE('',(#6123),#1043,.F.);
#6123 = FACE_BOUND('',#6124,.F.);
#6124 = EDGE_LOOP('',(#6125,#6126,#6149,#6170));
#6125 = ORIENTED_EDGE('',*,*,#1027,.F.);
#6126 = ORIENTED_EDGE('',*,*,#6127,.T.);
#6127 = EDGE_CURVE('',#1000,#6128,#6130,.T.);
#6128 = VERTEX_POINT('',#6129);
#6129 = CARTESIAN_POINT('',(10.6,-5.,7.));
#6130 = SURFACE_CURVE('',#6131,(#6135,#6142),.PCURVE_S1.);
#6131 = LINE('',#6132,#6133);
#6132 = CARTESIAN_POINT('',(10.6,-7.,7.));
#6133 = VECTOR('',#6134,1.);
#6134 = DIRECTION('',(0.,1.,0.));
#6135 = PCURVE('',#1043,#6136);
#6136 = DEFINITIONAL_REPRESENTATION('',(#6137),#6141);
#6137 = LINE('',#6138,#6139);
#6138 = CARTESIAN_POINT('',(0.,0.));
#6139 = VECTOR('',#6140,1.);
#6140 = DIRECTION('',(0.,-1.));
#6141 = ( GEOMETRIC_REPRESENTATION_CONTEXT(2) 
PARAMETRIC_REPRESENTATION_CONTEXT() REPRESENTATION_CONTEXT('2D SPACE',''
  ) );
#6142 = PCURVE('',#1015,#6143);
#6143 = DEFINITIONAL_REPRESENTATION('',(#6144),#6148);
#6144 = LINE('',#6145,#6146);
#6145 = CARTESIAN_POINT('',(0.8,0.));
#6146 = VECTOR('',#6147,1.);
#6147 = DIRECTION('',(0.,1.));
#6148 = ( GEOMETRIC_REPRESENTATION_CONTEXT(2) 
PARAMETRIC_REPRESENTATION_CONTEXT() REPRESENTATION_CONTEXT('2D SPACE',''
  ) );
#6149 = ORIENTED_EDGE('',*,*,#6150,.T.);
#6150 = EDGE_CURVE('',#6128,#3191,#6151,.T.);
#6151 = SURFACE_CURVE('',#6152,(#6156,#6163),.PCURVE_S1.);
#6152 = LINE('',#6153,#6154);
#6153 = CARTESIAN_POINT('',(10.6,-5.,7.));
#6154 = VECTOR('',#6155,1.);
#6155 = DIRECTION('',(0.,0.,1.));
#6156 = PCURVE('',#1043,#6157);
#6157 = DEFINITIONAL_REPRESENTATION('',(#6158),#6162);
#6158 = LINE('',#6159,#6160);
#6159 = CARTESIAN_POINT('',(0.,-2.));
#6160 = VECTOR('',#6161,1.);
#6161 = DIRECTION('',(1.,0.));
#6162 = ( GEOMETRIC_REPRESENTATION_CONTEXT(2) 
PARAMETRIC_REPRESENTATION_CONTEXT() REPRESENTATION_CONTEXT('2D SPACE',''
  ) );
#6163 = PCURVE('',#3206,#6164);
#6164 = DEFINITIONAL_REPRESENTATION('',(#6165),#6169);
#6165 = LINE('',#6166,#6167);
#6166 = CARTESIAN_POINT('',(0.,0.8));
#6167 = VECTOR('',#6168,1.);
#6168 = DIRECTION('',(1.,0.));
#6169 = ( GEOMETRIC_REPRESENTATION_CONTEXT(2) 
PARAMETRIC_REPRESENTATION_CONTEXT() REPRESENTATION_CONTEXT('2D SPACE',''
  ) );
#6170 = ORIENTED_EDGE('',*,*,#3218,.F.);
#6171 = ADVANCED_FACE('',(#6172),#1015,.T.);
#6172 = FACE_BOUND('',#6173,.T.);
#6173 = EDGE_LOOP('',(#6174,#6197,#6198,#6199));
#6174 = ORIENTED_EDGE('',*,*,#6175,.F.);
#6175 = EDGE_CURVE('',#972,#6176,#6178,.T.);
#6176 = VERTEX_POINT('',#6177);
#6177 = CARTESIAN_POINT('',(9.8,-5.,7.));
#6178 = SURFACE_CURVE('',#6179,(#6183,#6190),.PCURVE_S1.);
#6179 = LINE('',#6180,#6181);
#6180 = CARTESIAN_POINT('',(9.8,-7.,7.));
#6181 = VECTOR('',#6182,1.);
#6182 = DIRECTION('',(0.,1.,0.));
#6183 = PCURVE('',#1015,#6184);
#6184 = DEFINITIONAL_REPRESENTATION('',(#6185),#6189);
#6185 = LINE('',#6186,#6187);
#6186 = CARTESIAN_POINT('',(0.,0.));
#6187 = VECTOR('',#6188,1.);
#6188 = DIRECTION('',(0.,1.));
#6189 = ( GEOMETRIC_REPRESENTATION_CONTEXT(2) 
PARAMETRIC_REPRESENTATION_CONTEXT() REPRESENTATION_CONTEXT('2D SPACE',''
  ) );
#6190 = PCURVE('',#987,#6191);
#6191 = DEFINITIONAL_REPRESENTATION('',(#6192),#6196);
#6192 = LINE('',#6193,#6194);
#6193 = CARTESIAN_POINT('',(0.,0.));
#6194 = VECTOR('',#6195,1.);
#6195 = DIRECTION('',(0.,-1.));
#6196 = ( GEOMETRIC_REPRESENTATION_CONTEXT(2) 
PARAMETRIC_REPRESENTATION_CONTEXT() REPRESENTATION_CONTEXT('2D SPACE',''
  ) );
#6197 = ORIENTED_EDGE('',*,*,#999,.T.);
#6198 = ORIENTED_EDGE('',*,*,#6127,.T.);
#6199 = ORIENTED_EDGE('',*,*,#6200,.F.);
#6200 = EDGE_CURVE('',#6176,#6128,#6201,.T.);
#6201 = SURFACE_CURVE('',#6202,(#6206,#6213),.PCURVE_S1.);
#6202 = LINE('',#6203,#6204);
#6203 = CARTESIAN_POINT('',(9.8,-5.,7.));
#6204 = VECTOR('',#6205,1.);
#6205 = DIRECTION('',(1.,0.,0.));
#6206 = PCURVE('',#1015,#6207);
#6207 = DEFINITIONAL_REPRESENTATION('',(#6208),#6212);
#6208 = LINE('',#6209,#6210);
#6209 = CARTESIAN_POINT('',(0.,2.));
#6210 = VECTOR('',#6211,1.);
#6211 = DIRECTION('',(1.,0.));
#6212 = ( GEOMETRIC_REPRESENTATION_CONTEXT(2) 
PARAMETRIC_REPRESENTATION_CONTEXT() REPRESENTATION_CONTEXT('2D SPACE',''
  ) );
#6213 = PCURVE('',#3206,#6214);
#6214 = DEFINITIONAL_REPRESENTATION('',(#6215),#6219);
#6215 = LINE('',#6216,#6217);
#6216 = CARTESIAN_POINT('',(0.,0.));
#6217 = VECTOR('',#6218,1.);
#6218 = DIRECTION('',(0.,1.));
#6219 = ( GEOMETRIC_REPRESENTATION_CONTEXT(2) 
PARAMETRIC_REPRESENTATION_CONTEXT() REPRESENTATION_CONTEXT('2D SPACE',''
  ) );
#6220 = ADVANCED_FACE('',(#6221),#987,.T.);
#6221 = FACE_BOUND('',#6222,.T.);
#6222 = EDGE_LOOP('',(#6223,#6224,#6225,#6246));
#6223 = ORIENTED_EDGE('',*,*,#971,.F.);
#6224 = ORIENTED_EDGE('',*,*,#6175,.T.);
#6225 = ORIENTED_EDGE('',*,*,#6226,.T.);
#6226 = EDGE_CURVE('',#6176,#3168,#6227,.T.);
#6227 = SURFACE_CURVE('',#6228,(#6232,#6239),.PCURVE_S1.);
#6228 = LINE('',#6229,#6230);
#6229 = CARTESIAN_POINT('',(9.8,-5.,7.));
#6230 = VECTOR('',#6231,1.);
#6231 = DIRECTION('',(0.,0.,1.));
#6232 = PCURVE('',#987,#6233);
#6233 = DEFINITIONAL_REPRESENTATION('',(#6234),#6238);
#6234 = LINE('',#6235,#6236);
#6235 = CARTESIAN_POINT('',(0.,-2.));
#6236 = VECTOR('',#6237,1.);
#6237 = DIRECTION('',(1.,0.));
#6238 = ( GEOMETRIC_REPRESENTATION_CONTEXT(2) 
PARAMETRIC_REPRESENTATION_CONTEXT() REPRESENTATION_CONTEXT('2D SPACE',''
  ) );
#6239 = PCURVE('',#3206,#6240);
#6240 = DEFINITIONAL_REPRESENTATION('',(#6241),#6245);
#6241 = LINE('',#6242,#6243);
#6242 = CARTESIAN_POINT('',(0.,0.));
#6243 = VECTOR('',#6244,1.);
#6244 = DIRECTION('',(1.,0.));
#6245 = ( GEOMETRIC_REPRESENTATION_CONTEXT(2) 
PARAMETRIC_REPRESENTATION_CONTEXT() REPRESENTATION_CONTEXT('2D SPACE',''
  ) );
#6246 = ORIENTED_EDGE('',*,*,#3167,.F.);
#6247 = ADVANCED_FACE('',(#6248),#936,.F.);
#6248 = FACE_BOUND('',#6249,.F.);
#6249 = EDGE_LOOP('',(#6250,#6251,#6274,#6295));
#6250 = ORIENTED_EDGE('',*,*,#920,.F.);
#6251 = ORIENTED_EDGE('',*,*,#6252,.T.);
#6252 = EDGE_CURVE('',#893,#6253,#6255,.T.);
#6253 = VERTEX_POINT('',#6254);
#6254 = CARTESIAN_POINT('',(9.2,-5.,7.));
#6255 = SURFACE_CURVE('',#6256,(#6260,#6267),.PCURVE_S1.);
#6256 = LINE('',#6257,#6258);
#6257 = CARTESIAN_POINT('',(9.2,-7.,7.));
#6258 = VECTOR('',#6259,1.);
#6259 = DIRECTION('',(0.,1.,0.));
#6260 = PCURVE('',#936,#6261);
#6261 = DEFINITIONAL_REPRESENTATION('',(#6262),#6266);
#6262 = LINE('',#6263,#6264);
#6263 = CARTESIAN_POINT('',(0.,0.));
#6264 = VECTOR('',#6265,1.);
#6265 = DIRECTION('',(0.,-1.));
#6266 = ( GEOMETRIC_REPRESENTATION_CONTEXT(2) 
PARAMETRIC_REPRESENTATION_CONTEXT() REPRESENTATION_CONTEXT('2D SPACE',''
  ) );
#6267 = PCURVE('',#908,#6268);
#6268 = DEFINITIONAL_REPRESENTATION('',(#6269),#6273);
#6269 = LINE('',#6270,#6271);
#6270 = CARTESIAN_POINT('',(0.8,0.));
#6271 = VECTOR('',#6272,1.);
#6272 = DIRECTION('',(0.,1.));
#6273 = ( GEOMETRIC_REPRESENTATION_CONTEXT(2) 
PARAMETRIC_REPRESENTATION_CONTEXT() REPRESENTATION_CONTEXT('2D SPACE',''
  ) );
#6274 = ORIENTED_EDGE('',*,*,#6275,.T.);
#6275 = EDGE_CURVE('',#6253,#3118,#6276,.T.);
#6276 = SURFACE_CURVE('',#6277,(#6281,#6288),.PCURVE_S1.);
#6277 = LINE('',#6278,#6279);
#6278 = CARTESIAN_POINT('',(9.2,-5.,7.));
#6279 = VECTOR('',#6280,1.);
#6280 = DIRECTION('',(0.,0.,1.));
#6281 = PCURVE('',#936,#6282);
#6282 = DEFINITIONAL_REPRESENTATION('',(#6283),#6287);
#6283 = LINE('',#6284,#6285);
#6284 = CARTESIAN_POINT('',(0.,-2.));
#6285 = VECTOR('',#6286,1.);
#6286 = DIRECTION('',(1.,0.));
#6287 = ( GEOMETRIC_REPRESENTATION_CONTEXT(2) 
PARAMETRIC_REPRESENTATION_CONTEXT() REPRESENTATION_CONTEXT('2D SPACE',''
  ) );
#6288 = PCURVE('',#3133,#6289);
#6289 = DEFINITIONAL_REPRESENTATION('',(#6290),#6294);
#6290 = LINE('',#6291,#6292);
#6291 = CARTESIAN_POINT('',(0.,0.8));
#6292 = VECTOR('',#6293,1.);
#6293 = DIRECTION('',(1.,0.));
#6294 = ( GEOMETRIC_REPRESENTATION_CONTEXT(2) 
PARAMETRIC_REPRESENTATION_CONTEXT() REPRESENTATION_CONTEXT('2D SPACE',''
  ) );
#6295 = ORIENTED_EDGE('',*,*,#3145,.F.);
#6296 = ADVANCED_FACE('',(#6297),#908,.T.);
#6297 = FACE_BOUND('',#6298,.T.);
#6298 = EDGE_LOOP('',(#6299,#6322,#6323,#6324));
#6299 = ORIENTED_EDGE('',*,*,#6300,.F.);
#6300 = EDGE_CURVE('',#865,#6301,#6303,.T.);
#6301 = VERTEX_POINT('',#6302);
#6302 = CARTESIAN_POINT('',(8.4,-5.,7.));
#6303 = SURFACE_CURVE('',#6304,(#6308,#6315),.PCURVE_S1.);
#6304 = LINE('',#6305,#6306);
#6305 = CARTESIAN_POINT('',(8.4,-7.,7.));
#6306 = VECTOR('',#6307,1.);
#6307 = DIRECTION('',(0.,1.,0.));
#6308 = PCURVE('',#908,#6309);
#6309 = DEFINITIONAL_REPRESENTATION('',(#6310),#6314);
#6310 = LINE('',#6311,#6312);
#6311 = CARTESIAN_POINT('',(0.,0.));
#6312 = VECTOR('',#6313,1.);
#6313 = DIRECTION('',(0.,1.));
#6314 = ( GEOMETRIC_REPRESENTATION_CONTEXT(2) 
PARAMETRIC_REPRESENTATION_CONTEXT() REPRESENTATION_CONTEXT('2D SPACE',''
  ) );
#6315 = PCURVE('',#880,#6316);
#6316 = DEFINITIONAL_REPRESENTATION('',(#6317),#6321);
#6317 = LINE('',#6318,#6319);
#6318 = CARTESIAN_POINT('',(0.,0.));
#6319 = VECTOR('',#6320,1.);
#6320 = DIRECTION('',(0.,-1.));
#6321 = ( GEOMETRIC_REPRESENTATION_CONTEXT(2) 
PARAMETRIC_REPRESENTATION_CONTEXT() REPRESENTATION_CONTEXT('2D SPACE',''
  ) );
#6322 = ORIENTED_EDGE('',*,*,#892,.T.);
#6323 = ORIENTED_EDGE('',*,*,#6252,.T.);
#6324 = ORIENTED_EDGE('',*,*,#6325,.F.);
#6325 = EDGE_CURVE('',#6301,#6253,#6326,.T.);
#6326 = SURFACE_CURVE('',#6327,(#6331,#6338),.PCURVE_S1.);
#6327 = LINE('',#6328,#6329);
#6328 = CARTESIAN_POINT('',(8.4,-5.,7.));
#6329 = VECTOR('',#6330,1.);
#6330 = DIRECTION('',(1.,0.,0.));
#6331 = PCURVE('',#908,#6332);
#6332 = DEFINITIONAL_REPRESENTATION('',(#6333),#6337);
#6333 = LINE('',#6334,#6335);
#6334 = CARTESIAN_POINT('',(0.,2.));
#6335 = VECTOR('',#6336,1.);
#6336 = DIRECTION('',(1.,0.));
#6337 = ( GEOMETRIC_REPRESENTATION_CONTEXT(2) 
PARAMETRIC_REPRESENTATION_CONTEXT() REPRESENTATION_CONTEXT('2D SPACE',''
  ) );
#6338 = PCURVE('',#3133,#6339);
#6339 = DEFINITIONAL_REPRESENTATION('',(#6340),#6344);
#6340 = LINE('',#6341,#6342);
#6341 = CARTESIAN_POINT('',(0.,0.));
#6342 = VECTOR('',#6343,1.);
#6343 = DIRECTION('',(0.,1.));
#6344 = ( GEOMETRIC_REPRESENTATION_CONTEXT(2) 
PARAMETRIC_REPRESENTATION_CONTEXT() REPRESENTATION_CONTEXT('2D SPACE',''
  ) );
#6345 = ADVANCED_FACE('',(#6346),#880,.T.);
#6346 = FACE_BOUND('',#6347,.T.);
#6347 = EDGE_LOOP('',(#6348,#6349,#6350,#6371));
#6348 = ORIENTED_EDGE('',*,*,#864,.F.);
#6349 = ORIENTED_EDGE('',*,*,#6300,.T.);
#6350 = ORIENTED_EDGE('',*,*,#6351,.T.);
#6351 = EDGE_CURVE('',#6301,#3095,#6352,.T.);
#6352 = SURFACE_CURVE('',#6353,(#6357,#6364),.PCURVE_S1.);
#6353 = LINE('',#6354,#6355);
#6354 = CARTESIAN_POINT('',(8.4,-5.,7.));
#6355 = VECTOR('',#6356,1.);
#6356 = DIRECTION('',(0.,0.,1.));
#6357 = PCURVE('',#880,#6358);
#6358 = DEFINITIONAL_REPRESENTATION('',(#6359),#6363);
#6359 = LINE('',#6360,#6361);
#6360 = CARTESIAN_POINT('',(0.,-2.));
#6361 = VECTOR('',#6362,1.);
#6362 = DIRECTION('',(1.,0.));
#6363 = ( GEOMETRIC_REPRESENTATION_CONTEXT(2) 
PARAMETRIC_REPRESENTATION_CONTEXT() REPRESENTATION_CONTEXT('2D SPACE',''
  ) );
#6364 = PCURVE('',#3133,#6365);
#6365 = DEFINITIONAL_REPRESENTATION('',(#6366),#6370);
#6366 = LINE('',#6367,#6368);
#6367 = CARTESIAN_POINT('',(0.,0.));
#6368 = VECTOR('',#6369,1.);
#6369 = DIRECTION('',(1.,0.));
#6370 = ( GEOMETRIC_REPRESENTATION_CONTEXT(2) 
PARAMETRIC_REPRESENTATION_CONTEXT() REPRESENTATION_CONTEXT('2D SPACE',''
  ) );
#6371 = ORIENTED_EDGE('',*,*,#3094,.F.);
#6372 = ADVANCED_FACE('',(#6373),#829,.F.);
#6373 = FACE_BOUND('',#6374,.F.);
#6374 = EDGE_LOOP('',(#6375,#6376,#6399,#6420));
#6375 = ORIENTED_EDGE('',*,*,#813,.F.);
#6376 = ORIENTED_EDGE('',*,*,#6377,.T.);
#6377 = EDGE_CURVE('',#786,#6378,#6380,.T.);
#6378 = VERTEX_POINT('',#6379);
#6379 = CARTESIAN_POINT('',(7.8,-5.,7.));
#6380 = SURFACE_CURVE('',#6381,(#6385,#6392),.PCURVE_S1.);
#6381 = LINE('',#6382,#6383);
#6382 = CARTESIAN_POINT('',(7.8,-7.,7.));
#6383 = VECTOR('',#6384,1.);
#6384 = DIRECTION('',(0.,1.,0.));
#6385 = PCURVE('',#829,#6386);
#6386 = DEFINITIONAL_REPRESENTATION('',(#6387),#6391);
#6387 = LINE('',#6388,#6389);
#6388 = CARTESIAN_POINT('',(0.,0.));
#6389 = VECTOR('',#6390,1.);
#6390 = DIRECTION('',(0.,-1.));
#6391 = ( GEOMETRIC_REPRESENTATION_CONTEXT(2) 
PARAMETRIC_REPRESENTATION_CONTEXT() REPRESENTATION_CONTEXT('2D SPACE',''
  ) );
#6392 = PCURVE('',#801,#6393);
#6393 = DEFINITIONAL_REPRESENTATION('',(#6394),#6398);
#6394 = LINE('',#6395,#6396);
#6395 = CARTESIAN_POINT('',(0.8,0.));
#6396 = VECTOR('',#6397,1.);
#6397 = DIRECTION('',(0.,1.));
#6398 = ( GEOMETRIC_REPRESENTATION_CONTEXT(2) 
PARAMETRIC_REPRESENTATION_CONTEXT() REPRESENTATION_CONTEXT('2D SPACE',''
  ) );
#6399 = ORIENTED_EDGE('',*,*,#6400,.T.);
#6400 = EDGE_CURVE('',#6378,#3045,#6401,.T.);
#6401 = SURFACE_CURVE('',#6402,(#6406,#6413),.PCURVE_S1.);
#6402 = LINE('',#6403,#6404);
#6403 = CARTESIAN_POINT('',(7.8,-5.,7.));
#6404 = VECTOR('',#6405,1.);
#6405 = DIRECTION('',(0.,0.,1.));
#6406 = PCURVE('',#829,#6407);
#6407 = DEFINITIONAL_REPRESENTATION('',(#6408),#6412);
#6408 = LINE('',#6409,#6410);
#6409 = CARTESIAN_POINT('',(0.,-2.));
#6410 = VECTOR('',#6411,1.);
#6411 = DIRECTION('',(1.,0.));
#6412 = ( GEOMETRIC_REPRESENTATION_CONTEXT(2) 
PARAMETRIC_REPRESENTATION_CONTEXT() REPRESENTATION_CONTEXT('2D SPACE',''
  ) );
#6413 = PCURVE('',#3060,#6414);
#6414 = DEFINITIONAL_REPRESENTATION('',(#6415),#6419);
#6415 = LINE('',#6416,#6417);
#6416 = CARTESIAN_POINT('',(0.,0.8));
#6417 = VECTOR('',#6418,1.);
#6418 = DIRECTION('',(1.,0.));
#6419 = ( GEOMETRIC_REPRESENTATION_CONTEXT(2) 
PARAMETRIC_REPRESENTATION_CONTEXT() REPRESENTATION_CONTEXT('2D SPACE',''
  ) );
#6420 = ORIENTED_EDGE('',*,*,#3072,.F.);
#6421 = ADVANCED_FACE('',(#6422),#801,.T.);
#6422 = FACE_BOUND('',#6423,.T.);
#6423 = EDGE_LOOP('',(#6424,#6447,#6448,#6449));
#6424 = ORIENTED_EDGE('',*,*,#6425,.F.);
#6425 = EDGE_CURVE('',#758,#6426,#6428,.T.);
#6426 = VERTEX_POINT('',#6427);
#6427 = CARTESIAN_POINT('',(7.,-5.,7.));
#6428 = SURFACE_CURVE('',#6429,(#6433,#6440),.PCURVE_S1.);
#6429 = LINE('',#6430,#6431);
#6430 = CARTESIAN_POINT('',(7.,-7.,7.));
#6431 = VECTOR('',#6432,1.);
#6432 = DIRECTION('',(0.,1.,0.));
#6433 = PCURVE('',#801,#6434);
#6434 = DEFINITIONAL_REPRESENTATION('',(#6435),#6439);
#6435 = LINE('',#6436,#6437);
#6436 = CARTESIAN_POINT('',(0.,0.));
#6437 = VECTOR('',#6438,1.);
#6438 = DIRECTION('',(0.,1.));
#6439 = ( GEOMETRIC_REPRESENTATION_CONTEXT(2) 
PARAMETRIC_REPRESENTATION_CONTEXT() REPRESENTATION_CONTEXT('2D SPACE',''
  ) );
#6440 = PCURVE('',#773,#6441);
#6441 = DEFINITIONAL_REPRESENTATION('',(#6442),#6446);
#6442 = LINE('',#6443,#6444);
#6443 = CARTESIAN_POINT('',(0.,0.));
#6444 = VECTOR('',#6445,1.);
#6445 = DIRECTION('',(0.,-1.));
#6446 = ( GEOMETRIC_REPRESENTATION_CONTEXT(2) 
PARAMETRIC_REPRESENTATION_CONTEXT() REPRESENTATION_CONTEXT('2D SPACE',''
  ) );
#6447 = ORIENTED_EDGE('',*,*,#785,.T.);
#6448 = ORIENTED_EDGE('',*,*,#6377,.T.);
#6449 = ORIENTED_EDGE('',*,*,#6450,.F.);
#6450 = EDGE_CURVE('',#6426,#6378,#6451,.T.);
#6451 = SURFACE_CURVE('',#6452,(#6456,#6463),.PCURVE_S1.);
#6452 = LINE('',#6453,#6454);
#6453 = CARTESIAN_POINT('',(7.,-5.,7.));
#6454 = VECTOR('',#6455,1.);
#6455 = DIRECTION('',(1.,0.,0.));
#6456 = PCURVE('',#801,#6457);
#6457 = DEFINITIONAL_REPRESENTATION('',(#6458),#6462);
#6458 = LINE('',#6459,#6460);
#6459 = CARTESIAN_POINT('',(0.,2.));
#6460 = VECTOR('',#6461,1.);
#6461 = DIRECTION('',(1.,0.));
#6462 = ( GEOMETRIC_REPRESENTATION_CONTEXT(2) 
PARAMETRIC_REPRESENTATION_CONTEXT() REPRESENTATION_CONTEXT('2D SPACE',''
  ) );
#6463 = PCURVE('',#3060,#6464);
#6464 = DEFINITIONAL_REPRESENTATION('',(#6465),#6469);
#6465 = LINE('',#6466,#6467);
#6466 = CARTESIAN_POINT('',(0.,0.));
#6467 = VECTOR('',#6468,1.);
#6468 = DIRECTION('',(0.,1.));
#6469 = ( GEOMETRIC_REPRESENTATION_CONTEXT(2) 
PARAMETRIC_REPRESENTATION_CONTEXT() REPRESENTATION_CONTEXT('2D SPACE',''
  ) );
#6470 = ADVANCED_FACE('',(#6471),#773,.T.);
#6471 = FACE_BOUND('',#6472,.T.);
#6472 = EDGE_LOOP('',(#6473,#6474,#6475,#6496));
#6473 = ORIENTED_EDGE('',*,*,#757,.F.);
#6474 = ORIENTED_EDGE('',*,*,#6425,.T.);
#6475 = ORIENTED_EDGE('',*,*,#6476,.T.);
#6476 = EDGE_CURVE('',#6426,#3022,#6477,.T.);
#6477 = SURFACE_CURVE('',#6478,(#6482,#6489),.PCURVE_S1.);
#6478 = LINE('',#6479,#6480);
#6479 = CARTESIAN_POINT('',(7.,-5.,7.));
#6480 = VECTOR('',#6481,1.);
#6481 = DIRECTION('',(0.,0.,1.));
#6482 = PCURVE('',#773,#6483);
#6483 = DEFINITIONAL_REPRESENTATION('',(#6484),#6488);
#6484 = LINE('',#6485,#6486);
#6485 = CARTESIAN_POINT('',(0.,-2.));
#6486 = VECTOR('',#6487,1.);
#6487 = DIRECTION('',(1.,0.));
#6488 = ( GEOMETRIC_REPRESENTATION_CONTEXT(2) 
PARAMETRIC_REPRESENTATION_CONTEXT() REPRESENTATION_CONTEXT('2D SPACE',''
  ) );
#6489 = PCURVE('',#3060,#6490);
#6490 = DEFINITIONAL_REPRESENTATION('',(#6491),#6495);
#6491 = LINE('',#6492,#6493);
#6492 = CARTESIAN_POINT('',(0.,0.));
#6493 = VECTOR('',#6494,1.);
#6494 = DIRECTION('',(1.,0.));
#6495 = ( GEOMETRIC_REPRESENTATION_CONTEXT(2) 
PARAMETRIC_REPRESENTATION_CONTEXT() REPRESENTATION_CONTEXT('2D SPACE',''
  ) );
#6496 = ORIENTED_EDGE('',*,*,#3021,.F.);
#6497 = ADVANCED_FACE('',(#6498),#722,.F.);
#6498 = FACE_BOUND('',#6499,.F.);
#6499 = EDGE_LOOP('',(#6500,#6501,#6524,#6545));
#6500 = ORIENTED_EDGE('',*,*,#706,.F.);
#6501 = ORIENTED_EDGE('',*,*,#6502,.T.);
#6502 = EDGE_CURVE('',#679,#6503,#6505,.T.);
#6503 = VERTEX_POINT('',#6504);
#6504 = CARTESIAN_POINT('',(6.4,-5.,7.));
#6505 = SURFACE_CURVE('',#6506,(#6510,#6517),.PCURVE_S1.);
#6506 = LINE('',#6507,#6508);
#6507 = CARTESIAN_POINT('',(6.4,-7.,7.));
#6508 = VECTOR('',#6509,1.);
#6509 = DIRECTION('',(0.,1.,0.));
#6510 = PCURVE('',#722,#6511);
#6511 = DEFINITIONAL_REPRESENTATION('',(#6512),#6516);
#6512 = LINE('',#6513,#6514);
#6513 = CARTESIAN_POINT('',(0.,0.));
#6514 = VECTOR('',#6515,1.);
#6515 = DIRECTION('',(0.,-1.));
#6516 = ( GEOMETRIC_REPRESENTATION_CONTEXT(2) 
PARAMETRIC_REPRESENTATION_CONTEXT() REPRESENTATION_CONTEXT('2D SPACE',''
  ) );
#6517 = PCURVE('',#694,#6518);
#6518 = DEFINITIONAL_REPRESENTATION('',(#6519),#6523);
#6519 = LINE('',#6520,#6521);
#6520 = CARTESIAN_POINT('',(0.8,0.));
#6521 = VECTOR('',#6522,1.);
#6522 = DIRECTION('',(0.,1.));
#6523 = ( GEOMETRIC_REPRESENTATION_CONTEXT(2) 
PARAMETRIC_REPRESENTATION_CONTEXT() REPRESENTATION_CONTEXT('2D SPACE',''
  ) );
#6524 = ORIENTED_EDGE('',*,*,#6525,.T.);
#6525 = EDGE_CURVE('',#6503,#2972,#6526,.T.);
#6526 = SURFACE_CURVE('',#6527,(#6531,#6538),.PCURVE_S1.);
#6527 = LINE('',#6528,#6529);
#6528 = CARTESIAN_POINT('',(6.4,-5.,7.));
#6529 = VECTOR('',#6530,1.);
#6530 = DIRECTION('',(0.,0.,1.));
#6531 = PCURVE('',#722,#6532);
#6532 = DEFINITIONAL_REPRESENTATION('',(#6533),#6537);
#6533 = LINE('',#6534,#6535);
#6534 = CARTESIAN_POINT('',(0.,-2.));
#6535 = VECTOR('',#6536,1.);
#6536 = DIRECTION('',(1.,0.));
#6537 = ( GEOMETRIC_REPRESENTATION_CONTEXT(2) 
PARAMETRIC_REPRESENTATION_CONTEXT() REPRESENTATION_CONTEXT('2D SPACE',''
  ) );
#6538 = PCURVE('',#2987,#6539);
#6539 = DEFINITIONAL_REPRESENTATION('',(#6540),#6544);
#6540 = LINE('',#6541,#6542);
#6541 = CARTESIAN_POINT('',(0.,0.8));
#6542 = VECTOR('',#6543,1.);
#6543 = DIRECTION('',(1.,0.));
#6544 = ( GEOMETRIC_REPRESENTATION_CONTEXT(2) 
PARAMETRIC_REPRESENTATION_CONTEXT() REPRESENTATION_CONTEXT('2D SPACE',''
  ) );
#6545 = ORIENTED_EDGE('',*,*,#2999,.F.);
#6546 = ADVANCED_FACE('',(#6547),#694,.T.);
#6547 = FACE_BOUND('',#6548,.T.);
#6548 = EDGE_LOOP('',(#6549,#6572,#6573,#6574));
#6549 = ORIENTED_EDGE('',*,*,#6550,.F.);
#6550 = EDGE_CURVE('',#651,#6551,#6553,.T.);
#6551 = VERTEX_POINT('',#6552);
#6552 = CARTESIAN_POINT('',(5.6,-5.,7.));
#6553 = SURFACE_CURVE('',#6554,(#6558,#6565),.PCURVE_S1.);
#6554 = LINE('',#6555,#6556);
#6555 = CARTESIAN_POINT('',(5.6,-7.,7.));
#6556 = VECTOR('',#6557,1.);
#6557 = DIRECTION('',(0.,1.,0.));
#6558 = PCURVE('',#694,#6559);
#6559 = DEFINITIONAL_REPRESENTATION('',(#6560),#6564);
#6560 = LINE('',#6561,#6562);
#6561 = CARTESIAN_POINT('',(0.,0.));
#6562 = VECTOR('',#6563,1.);
#6563 = DIRECTION('',(0.,1.));
#6564 = ( GEOMETRIC_REPRESENTATION_CONTEXT(2) 
PARAMETRIC_REPRESENTATION_CONTEXT() REPRESENTATION_CONTEXT('2D SPACE',''
  ) );
#6565 = PCURVE('',#666,#6566);
#6566 = DEFINITIONAL_REPRESENTATION('',(#6567),#6571);
#6567 = LINE('',#6568,#6569);
#6568 = CARTESIAN_POINT('',(0.,0.));
#6569 = VECTOR('',#6570,1.);
#6570 = DIRECTION('',(0.,-1.));
#6571 = ( GEOMETRIC_REPRESENTATION_CONTEXT(2) 
PARAMETRIC_REPRESENTATION_CONTEXT() REPRESENTATION_CONTEXT('2D SPACE',''
  ) );
#6572 = ORIENTED_EDGE('',*,*,#678,.T.);
#6573 = ORIENTED_EDGE('',*,*,#6502,.T.);
#6574 = ORIENTED_EDGE('',*,*,#6575,.F.);
#6575 = EDGE_CURVE('',#6551,#6503,#6576,.T.);
#6576 = SURFACE_CURVE('',#6577,(#6581,#6588),.PCURVE_S1.);
#6577 = LINE('',#6578,#6579);
#6578 = CARTESIAN_POINT('',(5.6,-5.,7.));
#6579 = VECTOR('',#6580,1.);
#6580 = DIRECTION('',(1.,0.,0.));
#6581 = PCURVE('',#694,#6582);
#6582 = DEFINITIONAL_REPRESENTATION('',(#6583),#6587);
#6583 = LINE('',#6584,#6585);
#6584 = CARTESIAN_POINT('',(0.,2.));
#6585 = VECTOR('',#6586,1.);
#6586 = DIRECTION('',(1.,0.));
#6587 = ( GEOMETRIC_REPRESENTATION_CONTEXT(2) 
PARAMETRIC_REPRESENTATION_CONTEXT() REPRESENTATION_CONTEXT('2D SPACE',''
  ) );
#6588 = PCURVE('',#2987,#6589);
#6589 = DEFINITIONAL_REPRESENTATION('',(#6590),#6594);
#6590 = LINE('',#6591,#6592);
#6591 = CARTESIAN_POINT('',(0.,0.));
#6592 = VECTOR('',#6593,1.);
#6593 = DIRECTION('',(0.,1.));
#6594 = ( GEOMETRIC_REPRESENTATION_CONTEXT(2) 
PARAMETRIC_REPRESENTATION_CONTEXT() REPRESENTATION_CONTEXT('2D SPACE',''
  ) );
#6595 = ADVANCED_FACE('',(#6596),#666,.T.);
#6596 = FACE_BOUND('',#6597,.T.);
#6597 = EDGE_LOOP('',(#6598,#6599,#6600,#6621));
#6598 = ORIENTED_EDGE('',*,*,#650,.F.);
#6599 = ORIENTED_EDGE('',*,*,#6550,.T.);
#6600 = ORIENTED_EDGE('',*,*,#6601,.T.);
#6601 = EDGE_CURVE('',#6551,#2949,#6602,.T.);
#6602 = SURFACE_CURVE('',#6603,(#6607,#6614),.PCURVE_S1.);
#6603 = LINE('',#6604,#6605);
#6604 = CARTESIAN_POINT('',(5.6,-5.,7.));
#6605 = VECTOR('',#6606,1.);
#6606 = DIRECTION('',(0.,0.,1.));
#6607 = PCURVE('',#666,#6608);
#6608 = DEFINITIONAL_REPRESENTATION('',(#6609),#6613);
#6609 = LINE('',#6610,#6611);
#6610 = CARTESIAN_POINT('',(0.,-2.));
#6611 = VECTOR('',#6612,1.);
#6612 = DIRECTION('',(1.,0.));
#6613 = ( GEOMETRIC_REPRESENTATION_CONTEXT(2) 
PARAMETRIC_REPRESENTATION_CONTEXT() REPRESENTATION_CONTEXT('2D SPACE',''
  ) );
#6614 = PCURVE('',#2987,#6615);
#6615 = DEFINITIONAL_REPRESENTATION('',(#6616),#6620);
#6616 = LINE('',#6617,#6618);
#6617 = CARTESIAN_POINT('',(0.,0.));
#6618 = VECTOR('',#6619,1.);
#6619 = DIRECTION('',(1.,0.));
#6620 = ( GEOMETRIC_REPRESENTATION_CONTEXT(2) 
PARAMETRIC_REPRESENTATION_CONTEXT() REPRESENTATION_CONTEXT('2D SPACE',''
  ) );
#6621 = ORIENTED_EDGE('',*,*,#2948,.F.);
#6622 = ADVANCED_FACE('',(#6623),#615,.F.);
#6623 = FACE_BOUND('',#6624,.F.);
#6624 = EDGE_LOOP('',(#6625,#6626,#6649,#6670));
#6625 = ORIENTED_EDGE('',*,*,#599,.F.);
#6626 = ORIENTED_EDGE('',*,*,#6627,.T.);
#6627 = EDGE_CURVE('',#572,#6628,#6630,.T.);
#6628 = VERTEX_POINT('',#6629);
#6629 = CARTESIAN_POINT('',(0.2,-5.,7.));
#6630 = SURFACE_CURVE('',#6631,(#6635,#6642),.PCURVE_S1.);
#6631 = LINE('',#6632,#6633);
#6632 = CARTESIAN_POINT('',(0.2,-7.,7.));
#6633 = VECTOR('',#6634,1.);
#6634 = DIRECTION('',(0.,1.,0.));
#6635 = PCURVE('',#615,#6636);
#6636 = DEFINITIONAL_REPRESENTATION('',(#6637),#6641);
#6637 = LINE('',#6638,#6639);
#6638 = CARTESIAN_POINT('',(0.,0.));
#6639 = VECTOR('',#6640,1.);
#6640 = DIRECTION('',(0.,-1.));
#6641 = ( GEOMETRIC_REPRESENTATION_CONTEXT(2) 
PARAMETRIC_REPRESENTATION_CONTEXT() REPRESENTATION_CONTEXT('2D SPACE',''
  ) );
#6642 = PCURVE('',#587,#6643);
#6643 = DEFINITIONAL_REPRESENTATION('',(#6644),#6648);
#6644 = LINE('',#6645,#6646);
#6645 = CARTESIAN_POINT('',(0.8,0.));
#6646 = VECTOR('',#6647,1.);
#6647 = DIRECTION('',(0.,1.));
#6648 = ( GEOMETRIC_REPRESENTATION_CONTEXT(2) 
PARAMETRIC_REPRESENTATION_CONTEXT() REPRESENTATION_CONTEXT('2D SPACE',''
  ) );
#6649 = ORIENTED_EDGE('',*,*,#6650,.T.);
#6650 = EDGE_CURVE('',#6628,#2899,#6651,.T.);
#6651 = SURFACE_CURVE('',#6652,(#6656,#6663),.PCURVE_S1.);
#6652 = LINE('',#6653,#6654);
#6653 = CARTESIAN_POINT('',(0.2,-5.,7.));
#6654 = VECTOR('',#6655,1.);
#6655 = DIRECTION('',(0.,0.,1.));
#6656 = PCURVE('',#615,#6657);
#6657 = DEFINITIONAL_REPRESENTATION('',(#6658),#6662);
#6658 = LINE('',#6659,#6660);
#6659 = CARTESIAN_POINT('',(0.,-2.));
#6660 = VECTOR('',#6661,1.);
#6661 = DIRECTION('',(1.,0.));
#6662 = ( GEOMETRIC_REPRESENTATION_CONTEXT(2) 
PARAMETRIC_REPRESENTATION_CONTEXT() REPRESENTATION_CONTEXT('2D SPACE',''
  ) );
#6663 = PCURVE('',#2914,#6664);
#6664 = DEFINITIONAL_REPRESENTATION('',(#6665),#6669);
#6665 = LINE('',#6666,#6667);
#6666 = CARTESIAN_POINT('',(0.,0.8));
#6667 = VECTOR('',#6668,1.);
#6668 = DIRECTION('',(1.,0.));
#6669 = ( GEOMETRIC_REPRESENTATION_CONTEXT(2) 
PARAMETRIC_REPRESENTATION_CONTEXT() REPRESENTATION_CONTEXT('2D SPACE',''
  ) );
#6670 = ORIENTED_EDGE('',*,*,#2926,.F.);
#6671 = ADVANCED_FACE('',(#6672),#587,.T.);
#6672 = FACE_BOUND('',#6673,.T.);
#6673 = EDGE_LOOP('',(#6674,#6697,#6698,#6699));
#6674 = ORIENTED_EDGE('',*,*,#6675,.F.);
#6675 = EDGE_CURVE('',#544,#6676,#6678,.T.);
#6676 = VERTEX_POINT('',#6677);
#6677 = CARTESIAN_POINT('',(-0.6,-5.,7.));
#6678 = SURFACE_CURVE('',#6679,(#6683,#6690),.PCURVE_S1.);
#6679 = LINE('',#6680,#6681);
#6680 = CARTESIAN_POINT('',(-0.6,-7.,7.));
#6681 = VECTOR('',#6682,1.);
#6682 = DIRECTION('',(0.,1.,0.));
#6683 = PCURVE('',#587,#6684);
#6684 = DEFINITIONAL_REPRESENTATION('',(#6685),#6689);
#6685 = LINE('',#6686,#6687);
#6686 = CARTESIAN_POINT('',(0.,0.));
#6687 = VECTOR('',#6688,1.);
#6688 = DIRECTION('',(0.,1.));
#6689 = ( GEOMETRIC_REPRESENTATION_CONTEXT(2) 
PARAMETRIC_REPRESENTATION_CONTEXT() REPRESENTATION_CONTEXT('2D SPACE',''
  ) );
#6690 = PCURVE('',#559,#6691);
#6691 = DEFINITIONAL_REPRESENTATION('',(#6692),#6696);
#6692 = LINE('',#6693,#6694);
#6693 = CARTESIAN_POINT('',(0.,0.));
#6694 = VECTOR('',#6695,1.);
#6695 = DIRECTION('',(0.,-1.));
#6696 = ( GEOMETRIC_REPRESENTATION_CONTEXT(2) 
PARAMETRIC_REPRESENTATION_CONTEXT() REPRESENTATION_CONTEXT('2D SPACE',''
  ) );
#6697 = ORIENTED_EDGE('',*,*,#571,.T.);
#6698 = ORIENTED_EDGE('',*,*,#6627,.T.);
#6699 = ORIENTED_EDGE('',*,*,#6700,.F.);
#6700 = EDGE_CURVE('',#6676,#6628,#6701,.T.);
#6701 = SURFACE_CURVE('',#6702,(#6706,#6713),.PCURVE_S1.);
#6702 = LINE('',#6703,#6704);
#6703 = CARTESIAN_POINT('',(-0.6,-5.,7.));
#6704 = VECTOR('',#6705,1.);
#6705 = DIRECTION('',(1.,0.,0.));
#6706 = PCURVE('',#587,#6707);
#6707 = DEFINITIONAL_REPRESENTATION('',(#6708),#6712);
#6708 = LINE('',#6709,#6710);
#6709 = CARTESIAN_POINT('',(0.,2.));
#6710 = VECTOR('',#6711,1.);
#6711 = DIRECTION('',(1.,0.));
#6712 = ( GEOMETRIC_REPRESENTATION_CONTEXT(2) 
PARAMETRIC_REPRESENTATION_CONTEXT() REPRESENTATION_CONTEXT('2D SPACE',''
  ) );
#6713 = PCURVE('',#2914,#6714);
#6714 = DEFINITIONAL_REPRESENTATION('',(#6715),#6719);
#6715 = LINE('',#6716,#6717);
#6716 = CARTESIAN_POINT('',(0.,0.));
#6717 = VECTOR('',#6718,1.);
#6718 = DIRECTION('',(0.,1.));
#6719 = ( GEOMETRIC_REPRESENTATION_CONTEXT(2) 
PARAMETRIC_REPRESENTATION_CONTEXT() REPRESENTATION_CONTEXT('2D SPACE',''
  ) );
#6720 = ADVANCED_FACE('',(#6721),#559,.T.);
#6721 = FACE_BOUND('',#6722,.T.);
#6722 = EDGE_LOOP('',(#6723,#6724,#6725,#6746));
#6723 = ORIENTED_EDGE('',*,*,#543,.F.);
#6724 = ORIENTED_EDGE('',*,*,#6675,.T.);
#6725 = ORIENTED_EDGE('',*,*,#6726,.T.);
#6726 = EDGE_CURVE('',#6676,#2876,#6727,.T.);
#6727 = SURFACE_CURVE('',#6728,(#6732,#6739),.PCURVE_S1.);
#6728 = LINE('',#6729,#6730);
#6729 = CARTESIAN_POINT('',(-0.6,-5.,7.));
#6730 = VECTOR('',#6731,1.);
#6731 = DIRECTION('',(0.,0.,1.));
#6732 = PCURVE('',#559,#6733);
#6733 = DEFINITIONAL_REPRESENTATION('',(#6734),#6738);
#6734 = LINE('',#6735,#6736);
#6735 = CARTESIAN_POINT('',(0.,-2.));
#6736 = VECTOR('',#6737,1.);
#6737 = DIRECTION('',(1.,0.));
#6738 = ( GEOMETRIC_REPRESENTATION_CONTEXT(2) 
PARAMETRIC_REPRESENTATION_CONTEXT() REPRESENTATION_CONTEXT('2D SPACE',''
  ) );
#6739 = PCURVE('',#2914,#6740);
#6740 = DEFINITIONAL_REPRESENTATION('',(#6741),#6745);
#6741 = LINE('',#6742,#6743);
#6742 = CARTESIAN_POINT('',(0.,0.));
#6743 = VECTOR('',#6744,1.);
#6744 = DIRECTION('',(1.,0.));
#6745 = ( GEOMETRIC_REPRESENTATION_CONTEXT(2) 
PARAMETRIC_REPRESENTATION_CONTEXT() REPRESENTATION_CONTEXT('2D SPACE',''
  ) );
#6746 = ORIENTED_EDGE('',*,*,#2875,.F.);
#6747 = ADVANCED_FACE('',(#6748),#508,.F.);
#6748 = FACE_BOUND('',#6749,.F.);
#6749 = EDGE_LOOP('',(#6750,#6751,#6774,#6795));
#6750 = ORIENTED_EDGE('',*,*,#492,.F.);
#6751 = ORIENTED_EDGE('',*,*,#6752,.T.);
#6752 = EDGE_CURVE('',#465,#6753,#6755,.T.);
#6753 = VERTEX_POINT('',#6754);
#6754 = CARTESIAN_POINT('',(-1.2,-5.,7.));
#6755 = SURFACE_CURVE('',#6756,(#6760,#6767),.PCURVE_S1.);
#6756 = LINE('',#6757,#6758);
#6757 = CARTESIAN_POINT('',(-1.2,-7.,7.));
#6758 = VECTOR('',#6759,1.);
#6759 = DIRECTION('',(0.,1.,0.));
#6760 = PCURVE('',#508,#6761);
#6761 = DEFINITIONAL_REPRESENTATION('',(#6762),#6766);
#6762 = LINE('',#6763,#6764);
#6763 = CARTESIAN_POINT('',(0.,0.));
#6764 = VECTOR('',#6765,1.);
#6765 = DIRECTION('',(0.,-1.));
#6766 = ( GEOMETRIC_REPRESENTATION_CONTEXT(2) 
PARAMETRIC_REPRESENTATION_CONTEXT() REPRESENTATION_CONTEXT('2D SPACE',''
  ) );
#6767 = PCURVE('',#480,#6768);
#6768 = DEFINITIONAL_REPRESENTATION('',(#6769),#6773);
#6769 = LINE('',#6770,#6771);
#6770 = CARTESIAN_POINT('',(0.8,0.));
#6771 = VECTOR('',#6772,1.);
#6772 = DIRECTION('',(0.,1.));
#6773 = ( GEOMETRIC_REPRESENTATION_CONTEXT(2) 
PARAMETRIC_REPRESENTATION_CONTEXT() REPRESENTATION_CONTEXT('2D SPACE',''
  ) );
#6774 = ORIENTED_EDGE('',*,*,#6775,.T.);
#6775 = EDGE_CURVE('',#6753,#2826,#6776,.T.);
#6776 = SURFACE_CURVE('',#6777,(#6781,#6788),.PCURVE_S1.);
#6777 = LINE('',#6778,#6779);
#6778 = CARTESIAN_POINT('',(-1.2,-5.,7.));
#6779 = VECTOR('',#6780,1.);
#6780 = DIRECTION('',(0.,0.,1.));
#6781 = PCURVE('',#508,#6782);
#6782 = DEFINITIONAL_REPRESENTATION('',(#6783),#6787);
#6783 = LINE('',#6784,#6785);
#6784 = CARTESIAN_POINT('',(0.,-2.));
#6785 = VECTOR('',#6786,1.);
#6786 = DIRECTION('',(1.,0.));
#6787 = ( GEOMETRIC_REPRESENTATION_CONTEXT(2) 
PARAMETRIC_REPRESENTATION_CONTEXT() REPRESENTATION_CONTEXT('2D SPACE',''
  ) );
#6788 = PCURVE('',#2841,#6789);
#6789 = DEFINITIONAL_REPRESENTATION('',(#6790),#6794);
#6790 = LINE('',#6791,#6792);
#6791 = CARTESIAN_POINT('',(0.,0.8));
#6792 = VECTOR('',#6793,1.);
#6793 = DIRECTION('',(1.,0.));
#6794 = ( GEOMETRIC_REPRESENTATION_CONTEXT(2) 
PARAMETRIC_REPRESENTATION_CONTEXT() REPRESENTATION_CONTEXT('2D SPACE',''
  ) );
#6795 = ORIENTED_EDGE('',*,*,#2853,.F.);
#6796 = ADVANCED_FACE('',(#6797),#480,.T.);
#6797 = FACE_BOUND('',#6798,.T.);
#6798 = EDGE_LOOP('',(#6799,#6822,#6823,#6824));
#6799 = ORIENTED_EDGE('',*,*,#6800,.F.);
#6800 = EDGE_CURVE('',#437,#6801,#6803,.T.);
#6801 = VERTEX_POINT('',#6802);
#6802 = CARTESIAN_POINT('',(-2.,-5.,7.));
#6803 = SURFACE_CURVE('',#6804,(#6808,#6815),.PCURVE_S1.);
#6804 = LINE('',#6805,#6806);
#6805 = CARTESIAN_POINT('',(-2.,-7.,7.));
#6806 = VECTOR('',#6807,1.);
#6807 = DIRECTION('',(0.,1.,0.));
#6808 = PCURVE('',#480,#6809);
#6809 = DEFINITIONAL_REPRESENTATION('',(#6810),#6814);
#6810 = LINE('',#6811,#6812);
#6811 = CARTESIAN_POINT('',(0.,0.));
#6812 = VECTOR('',#6813,1.);
#6813 = DIRECTION('',(0.,1.));
#6814 = ( GEOMETRIC_REPRESENTATION_CONTEXT(2) 
PARAMETRIC_REPRESENTATION_CONTEXT() REPRESENTATION_CONTEXT('2D SPACE',''
  ) );
#6815 = PCURVE('',#452,#6816);
#6816 = DEFINITIONAL_REPRESENTATION('',(#6817),#6821);
#6817 = LINE('',#6818,#6819);
#6818 = CARTESIAN_POINT('',(0.,0.));
#6819 = VECTOR('',#6820,1.);
#6820 = DIRECTION('',(0.,-1.));
#6821 = ( GEOMETRIC_REPRESENTATION_CONTEXT(2) 
PARAMETRIC_REPRESENTATION_CONTEXT() REPRESENTATION_CONTEXT('2D SPACE',''
  ) );
#6822 = ORIENTED_EDGE('',*,*,#464,.T.);
#6823 = ORIENTED_EDGE('',*,*,#6752,.T.);
#6824 = ORIENTED_EDGE('',*,*,#6825,.F.);
#6825 = EDGE_CURVE('',#6801,#6753,#6826,.T.);
#6826 = SURFACE_CURVE('',#6827,(#6831,#6838),.PCURVE_S1.);
#6827 = LINE('',#6828,#6829);
#6828 = CARTESIAN_POINT('',(-2.,-5.,7.));
#6829 = VECTOR('',#6830,1.);
#6830 = DIRECTION('',(1.,0.,0.));
#6831 = PCURVE('',#480,#6832);
#6832 = DEFINITIONAL_REPRESENTATION('',(#6833),#6837);
#6833 = LINE('',#6834,#6835);
#6834 = CARTESIAN_POINT('',(0.,2.));
#6835 = VECTOR('',#6836,1.);
#6836 = DIRECTION('',(1.,0.));
#6837 = ( GEOMETRIC_REPRESENTATION_CONTEXT(2) 
PARAMETRIC_REPRESENTATION_CONTEXT() REPRESENTATION_CONTEXT('2D SPACE',''
  ) );
#6838 = PCURVE('',#2841,#6839);
#6839 = DEFINITIONAL_REPRESENTATION('',(#6840),#6844);
#6840 = LINE('',#6841,#6842);
#6841 = CARTESIAN_POINT('',(0.,0.));
#6842 = VECTOR('',#6843,1.);
#6843 = DIRECTION('',(0.,1.));
#6844 = ( GEOMETRIC_REPRESENTATION_CONTEXT(2) 
PARAMETRIC_REPRESENTATION_CONTEXT() REPRESENTATION_CONTEXT('2D SPACE',''
  ) );
#6845 = ADVANCED_FACE('',(#6846),#452,.T.);
#6846 = FACE_BOUND('',#6847,.T.);
#6847 = EDGE_LOOP('',(#6848,#6849,#6850,#6871));
#6848 = ORIENTED_EDGE('',*,*,#436,.F.);
#6849 = ORIENTED_EDGE('',*,*,#6800,.T.);
#6850 = ORIENTED_EDGE('',*,*,#6851,.T.);
#6851 = EDGE_CURVE('',#6801,#2803,#6852,.T.);
#6852 = SURFACE_CURVE('',#6853,(#6857,#6864),.PCURVE_S1.);
#6853 = LINE('',#6854,#6855);
#6854 = CARTESIAN_POINT('',(-2.,-5.,7.));
#6855 = VECTOR('',#6856,1.);
#6856 = DIRECTION('',(0.,0.,1.));
#6857 = PCURVE('',#452,#6858);
#6858 = DEFINITIONAL_REPRESENTATION('',(#6859),#6863);
#6859 = LINE('',#6860,#6861);
#6860 = CARTESIAN_POINT('',(0.,-2.));
#6861 = VECTOR('',#6862,1.);
#6862 = DIRECTION('',(1.,0.));
#6863 = ( GEOMETRIC_REPRESENTATION_CONTEXT(2) 
PARAMETRIC_REPRESENTATION_CONTEXT() REPRESENTATION_CONTEXT('2D SPACE',''
  ) );
#6864 = PCURVE('',#2841,#6865);
#6865 = DEFINITIONAL_REPRESENTATION('',(#6866),#6870);
#6866 = LINE('',#6867,#6868);
#6867 = CARTESIAN_POINT('',(0.,0.));
#6868 = VECTOR('',#6869,1.);
#6869 = DIRECTION('',(1.,0.));
#6870 = ( GEOMETRIC_REPRESENTATION_CONTEXT(2) 
PARAMETRIC_REPRESENTATION_CONTEXT() REPRESENTATION_CONTEXT('2D SPACE',''
  ) );
#6871 = ORIENTED_EDGE('',*,*,#2802,.F.);
#6872 = ADVANCED_FACE('',(#6873),#401,.F.);
#6873 = FACE_BOUND('',#6874,.F.);
#6874 = EDGE_LOOP('',(#6875,#6876,#6899,#6920));
#6875 = ORIENTED_EDGE('',*,*,#385,.F.);
#6876 = ORIENTED_EDGE('',*,*,#6877,.T.);
#6877 = EDGE_CURVE('',#358,#6878,#6880,.T.);
#6878 = VERTEX_POINT('',#6879);
#6879 = CARTESIAN_POINT('',(-2.6,-5.,7.));
#6880 = SURFACE_CURVE('',#6881,(#6885,#6892),.PCURVE_S1.);
#6881 = LINE('',#6882,#6883);
#6882 = CARTESIAN_POINT('',(-2.6,-7.,7.));
#6883 = VECTOR('',#6884,1.);
#6884 = DIRECTION('',(0.,1.,0.));
#6885 = PCURVE('',#401,#6886);
#6886 = DEFINITIONAL_REPRESENTATION('',(#6887),#6891);
#6887 = LINE('',#6888,#6889);
#6888 = CARTESIAN_POINT('',(0.,0.));
#6889 = VECTOR('',#6890,1.);
#6890 = DIRECTION('',(0.,-1.));
#6891 = ( GEOMETRIC_REPRESENTATION_CONTEXT(2) 
PARAMETRIC_REPRESENTATION_CONTEXT() REPRESENTATION_CONTEXT('2D SPACE',''
  ) );
#6892 = PCURVE('',#373,#6893);
#6893 = DEFINITIONAL_REPRESENTATION('',(#6894),#6898);
#6894 = LINE('',#6895,#6896);
#6895 = CARTESIAN_POINT('',(0.8,0.));
#6896 = VECTOR('',#6897,1.);
#6897 = DIRECTION('',(0.,1.));
#6898 = ( GEOMETRIC_REPRESENTATION_CONTEXT(2) 
PARAMETRIC_REPRESENTATION_CONTEXT() REPRESENTATION_CONTEXT('2D SPACE',''
  ) );
#6899 = ORIENTED_EDGE('',*,*,#6900,.T.);
#6900 = EDGE_CURVE('',#6878,#2753,#6901,.T.);
#6901 = SURFACE_CURVE('',#6902,(#6906,#6913),.PCURVE_S1.);
#6902 = LINE('',#6903,#6904);
#6903 = CARTESIAN_POINT('',(-2.6,-5.,7.));
#6904 = VECTOR('',#6905,1.);
#6905 = DIRECTION('',(0.,0.,1.));
#6906 = PCURVE('',#401,#6907);
#6907 = DEFINITIONAL_REPRESENTATION('',(#6908),#6912);
#6908 = LINE('',#6909,#6910);
#6909 = CARTESIAN_POINT('',(0.,-2.));
#6910 = VECTOR('',#6911,1.);
#6911 = DIRECTION('',(1.,0.));
#6912 = ( GEOMETRIC_REPRESENTATION_CONTEXT(2) 
PARAMETRIC_REPRESENTATION_CONTEXT() REPRESENTATION_CONTEXT('2D SPACE',''
  ) );
#6913 = PCURVE('',#2768,#6914);
#6914 = DEFINITIONAL_REPRESENTATION('',(#6915),#6919);
#6915 = LINE('',#6916,#6917);
#6916 = CARTESIAN_POINT('',(0.,0.8));
#6917 = VECTOR('',#6918,1.);
#6918 = DIRECTION('',(1.,0.));
#6919 = ( GEOMETRIC_REPRESENTATION_CONTEXT(2) 
PARAMETRIC_REPRESENTATION_CONTEXT() REPRESENTATION_CONTEXT('2D SPACE',''
  ) );
#6920 = ORIENTED_EDGE('',*,*,#2780,.F.);
#6921 = ADVANCED_FACE('',(#6922),#373,.T.);
#6922 = FACE_BOUND('',#6923,.T.);
#6923 = EDGE_LOOP('',(#6924,#6947,#6948,#6949));
#6924 = ORIENTED_EDGE('',*,*,#6925,.F.);
#6925 = EDGE_CURVE('',#330,#6926,#6928,.T.);
#6926 = VERTEX_POINT('',#6927);
#6927 = CARTESIAN_POINT('',(-3.4,-5.,7.));
#6928 = SURFACE_CURVE('',#6929,(#6933,#6940),.PCURVE_S1.);
#6929 = LINE('',#6930,#6931);
#6930 = CARTESIAN_POINT('',(-3.4,-7.,7.));
#6931 = VECTOR('',#6932,1.);
#6932 = DIRECTION('',(0.,1.,0.));
#6933 = PCURVE('',#373,#6934);
#6934 = DEFINITIONAL_REPRESENTATION('',(#6935),#6939);
#6935 = LINE('',#6936,#6937);
#6936 = CARTESIAN_POINT('',(0.,0.));
#6937 = VECTOR('',#6938,1.);
#6938 = DIRECTION('',(0.,1.));
#6939 = ( GEOMETRIC_REPRESENTATION_CONTEXT(2) 
PARAMETRIC_REPRESENTATION_CONTEXT() REPRESENTATION_CONTEXT('2D SPACE',''
  ) );
#6940 = PCURVE('',#345,#6941);
#6941 = DEFINITIONAL_REPRESENTATION('',(#6942),#6946);
#6942 = LINE('',#6943,#6944);
#6943 = CARTESIAN_POINT('',(0.,0.));
#6944 = VECTOR('',#6945,1.);
#6945 = DIRECTION('',(0.,-1.));
#6946 = ( GEOMETRIC_REPRESENTATION_CONTEXT(2) 
PARAMETRIC_REPRESENTATION_CONTEXT() REPRESENTATION_CONTEXT('2D SPACE',''
  ) );
#6947 = ORIENTED_EDGE('',*,*,#357,.T.);
#6948 = ORIENTED_EDGE('',*,*,#6877,.T.);
#6949 = ORIENTED_EDGE('',*,*,#6950,.F.);
#6950 = EDGE_CURVE('',#6926,#6878,#6951,.T.);
#6951 = SURFACE_CURVE('',#6952,(#6956,#6963),.PCURVE_S1.);
#6952 = LINE('',#6953,#6954);
#6953 = CARTESIAN_POINT('',(-3.4,-5.,7.));
#6954 = VECTOR('',#6955,1.);
#6955 = DIRECTION('',(1.,0.,0.));
#6956 = PCURVE('',#373,#6957);
#6957 = DEFINITIONAL_REPRESENTATION('',(#6958),#6962);
#6958 = LINE('',#6959,#6960);
#6959 = CARTESIAN_POINT('',(0.,2.));
#6960 = VECTOR('',#6961,1.);
#6961 = DIRECTION('',(1.,0.));
#6962 = ( GEOMETRIC_REPRESENTATION_CONTEXT(2) 
PARAMETRIC_REPRESENTATION_CONTEXT() REPRESENTATION_CONTEXT('2D SPACE',''
  ) );
#6963 = PCURVE('',#2768,#6964);
#6964 = DEFINITIONAL_REPRESENTATION('',(#6965),#6969);
#6965 = LINE('',#6966,#6967);
#6966 = CARTESIAN_POINT('',(0.,0.));
#6967 = VECTOR('',#6968,1.);
#6968 = DIRECTION('',(0.,1.));
#6969 = ( GEOMETRIC_REPRESENTATION_CONTEXT(2) 
PARAMETRIC_REPRESENTATION_CONTEXT() REPRESENTATION_CONTEXT('2D SPACE',''
  ) );
#6970 = ADVANCED_FACE('',(#6971),#345,.T.);
#6971 = FACE_BOUND('',#6972,.T.);
#6972 = EDGE_LOOP('',(#6973,#6974,#6975,#6996));
#6973 = ORIENTED_EDGE('',*,*,#329,.F.);
#6974 = ORIENTED_EDGE('',*,*,#6925,.T.);
#6975 = ORIENTED_EDGE('',*,*,#6976,.T.);
#6976 = EDGE_CURVE('',#6926,#2730,#6977,.T.);
#6977 = SURFACE_CURVE('',#6978,(#6982,#6989),.PCURVE_S1.);
#6978 = LINE('',#6979,#6980);
#6979 = CARTESIAN_POINT('',(-3.4,-5.,7.));
#6980 = VECTOR('',#6981,1.);
#6981 = DIRECTION('',(0.,0.,1.));
#6982 = PCURVE('',#345,#6983);
#6983 = DEFINITIONAL_REPRESENTATION('',(#6984),#6988);
#6984 = LINE('',#6985,#6986);
#6985 = CARTESIAN_POINT('',(0.,-2.));
#6986 = VECTOR('',#6987,1.);
#6987 = DIRECTION('',(1.,0.));
#6988 = ( GEOMETRIC_REPRESENTATION_CONTEXT(2) 
PARAMETRIC_REPRESENTATION_CONTEXT() REPRESENTATION_CONTEXT('2D SPACE',''
  ) );
#6989 = PCURVE('',#2768,#6990);
#6990 = DEFINITIONAL_REPRESENTATION('',(#6991),#6995);
#6991 = LINE('',#6992,#6993);
#6992 = CARTESIAN_POINT('',(0.,0.));
#6993 = VECTOR('',#6994,1.);
#6994 = DIRECTION('',(1.,0.));
#6995 = ( GEOMETRIC_REPRESENTATION_CONTEXT(2) 
PARAMETRIC_REPRESENTATION_CONTEXT() REPRESENTATION_CONTEXT('2D SPACE',''
  ) );
#6996 = ORIENTED_EDGE('',*,*,#2729,.F.);
#6997 = ADVANCED_FACE('',(#6998),#294,.F.);
#6998 = FACE_BOUND('',#6999,.F.);
#6999 = EDGE_LOOP('',(#7000,#7001,#7024,#7045));
#7000 = ORIENTED_EDGE('',*,*,#278,.F.);
#7001 = ORIENTED_EDGE('',*,*,#7002,.T.);
#7002 = EDGE_CURVE('',#251,#7003,#7005,.T.);
#7003 = VERTEX_POINT('',#7004);
#7004 = CARTESIAN_POINT('',(-10.2,-5.,7.));
#7005 = SURFACE_CURVE('',#7006,(#7010,#7017),.PCURVE_S1.);
#7006 = LINE('',#7007,#7008);
#7007 = CARTESIAN_POINT('',(-10.2,-7.,7.));
#7008 = VECTOR('',#7009,1.);
#7009 = DIRECTION('',(0.,1.,0.));
#7010 = PCURVE('',#294,#7011);
#7011 = DEFINITIONAL_REPRESENTATION('',(#7012),#7016);
#7012 = LINE('',#7013,#7014);
#7013 = CARTESIAN_POINT('',(0.,0.));
#7014 = VECTOR('',#7015,1.);
#7015 = DIRECTION('',(0.,-1.));
#7016 = ( GEOMETRIC_REPRESENTATION_CONTEXT(2) 
PARAMETRIC_REPRESENTATION_CONTEXT() REPRESENTATION_CONTEXT('2D SPACE',''
  ) );
#7017 = PCURVE('',#266,#7018);
#7018 = DEFINITIONAL_REPRESENTATION('',(#7019),#7023);
#7019 = LINE('',#7020,#7021);
#7020 = CARTESIAN_POINT('',(0.8,0.));
#7021 = VECTOR('',#7022,1.);
#7022 = DIRECTION('',(0.,1.));
#7023 = ( GEOMETRIC_REPRESENTATION_CONTEXT(2) 
PARAMETRIC_REPRESENTATION_CONTEXT() REPRESENTATION_CONTEXT('2D SPACE',''
  ) );
#7024 = ORIENTED_EDGE('',*,*,#7025,.T.);
#7025 = EDGE_CURVE('',#7003,#2680,#7026,.T.);
#7026 = SURFACE_CURVE('',#7027,(#7031,#7038),.PCURVE_S1.);
#7027 = LINE('',#7028,#7029);
#7028 = CARTESIAN_POINT('',(-10.2,-5.,7.));
#7029 = VECTOR('',#7030,1.);
#7030 = DIRECTION('',(0.,0.,1.));
#7031 = PCURVE('',#294,#7032);
#7032 = DEFINITIONAL_REPRESENTATION('',(#7033),#7037);
#7033 = LINE('',#7034,#7035);
#7034 = CARTESIAN_POINT('',(0.,-2.));
#7035 = VECTOR('',#7036,1.);
#7036 = DIRECTION('',(1.,0.));
#7037 = ( GEOMETRIC_REPRESENTATION_CONTEXT(2) 
PARAMETRIC_REPRESENTATION_CONTEXT() REPRESENTATION_CONTEXT('2D SPACE',''
  ) );
#7038 = PCURVE('',#2695,#7039);
#7039 = DEFINITIONAL_REPRESENTATION('',(#7040),#7044);
#7040 = LINE('',#7041,#7042);
#7041 = CARTESIAN_POINT('',(0.,0.8));
#7042 = VECTOR('',#7043,1.);
#7043 = DIRECTION('',(1.,0.));
#7044 = ( GEOMETRIC_REPRESENTATION_CONTEXT(2) 
PARAMETRIC_REPRESENTATION_CONTEXT() REPRESENTATION_CONTEXT('2D SPACE',''
  ) );
#7045 = ORIENTED_EDGE('',*,*,#2707,.F.);
#7046 = ADVANCED_FACE('',(#7047),#266,.T.);
#7047 = FACE_BOUND('',#7048,.T.);
#7048 = EDGE_LOOP('',(#7049,#7072,#7073,#7074));
#7049 = ORIENTED_EDGE('',*,*,#7050,.F.);
#7050 = EDGE_CURVE('',#223,#7051,#7053,.T.);
#7051 = VERTEX_POINT('',#7052);
#7052 = CARTESIAN_POINT('',(-11.,-5.,7.));
#7053 = SURFACE_CURVE('',#7054,(#7058,#7065),.PCURVE_S1.);
#7054 = LINE('',#7055,#7056);
#7055 = CARTESIAN_POINT('',(-11.,-7.,7.));
#7056 = VECTOR('',#7057,1.);
#7057 = DIRECTION('',(0.,1.,0.));
#7058 = PCURVE('',#266,#7059);
#7059 = DEFINITIONAL_REPRESENTATION('',(#7060),#7064);
#7060 = LINE('',#7061,#7062);
#7061 = CARTESIAN_POINT('',(0.,0.));
#7062 = VECTOR('',#7063,1.);
#7063 = DIRECTION('',(0.,1.));
#7064 = ( GEOMETRIC_REPRESENTATION_CONTEXT(2) 
PARAMETRIC_REPRESENTATION_CONTEXT() REPRESENTATION_CONTEXT('2D SPACE',''
  ) );
#7065 = PCURVE('',#238,#7066);
#7066 = DEFINITIONAL_REPRESENTATION('',(#7067),#7071);
#7067 = LINE('',#7068,#7069);
#7068 = CARTESIAN_POINT('',(0.,0.));
#7069 = VECTOR('',#7070,1.);
#7070 = DIRECTION('',(0.,-1.));
#7071 = ( GEOMETRIC_REPRESENTATION_CONTEXT(2) 
PARAMETRIC_REPRESENTATION_CONTEXT() REPRESENTATION_CONTEXT('2D SPACE',''
  ) );
#7072 = ORIENTED_EDGE('',*,*,#250,.T.);
#7073 = ORIENTED_EDGE('',*,*,#7002,.T.);
#7074 = ORIENTED_EDGE('',*,*,#7075,.F.);
#7075 = EDGE_CURVE('',#7051,#7003,#7076,.T.);
#7076 = SURFACE_CURVE('',#7077,(#7081,#7088),.PCURVE_S1.);
#7077 = LINE('',#7078,#7079);
#7078 = CARTESIAN_POINT('',(-11.,-5.,7.));
#7079 = VECTOR('',#7080,1.);
#7080 = DIRECTION('',(1.,0.,0.));
#7081 = PCURVE('',#266,#7082);
#7082 = DEFINITIONAL_REPRESENTATION('',(#7083),#7087);
#7083 = LINE('',#7084,#7085);
#7084 = CARTESIAN_POINT('',(0.,2.));
#7085 = VECTOR('',#7086,1.);
#7086 = DIRECTION('',(1.,0.));
#7087 = ( GEOMETRIC_REPRESENTATION_CONTEXT(2) 
PARAMETRIC_REPRESENTATION_CONTEXT() REPRESENTATION_CONTEXT('2D SPACE',''
  ) );
#7088 = PCURVE('',#2695,#7089);
#7089 = DEFINITIONAL_REPRESENTATION('',(#7090),#7094);
#7090 = LINE('',#7091,#7092);
#7091 = CARTESIAN_POINT('',(0.,0.));
#7092 = VECTOR('',#7093,1.);
#7093 = DIRECTION('',(0.,1.));
#7094 = ( GEOMETRIC_REPRESENTATION_CONTEXT(2) 
PARAMETRIC_REPRESENTATION_CONTEXT() REPRESENTATION_CONTEXT('2D SPACE',''
  ) );
#7095 = ADVANCED_FACE('',(#7096),#238,.T.);
#7096 = FACE_BOUND('',#7097,.T.);
#7097 = EDGE_LOOP('',(#7098,#7099,#7100,#7121));
#7098 = ORIENTED_EDGE('',*,*,#222,.F.);
#7099 = ORIENTED_EDGE('',*,*,#7050,.T.);
#7100 = ORIENTED_EDGE('',*,*,#7101,.T.);
#7101 = EDGE_CURVE('',#7051,#2657,#7102,.T.);
#7102 = SURFACE_CURVE('',#7103,(#7107,#7114),.PCURVE_S1.);
#7103 = LINE('',#7104,#7105);
#7104 = CARTESIAN_POINT('',(-11.,-5.,7.));
#7105 = VECTOR('',#7106,1.);
#7106 = DIRECTION('',(0.,0.,1.));
#7107 = PCURVE('',#238,#7108);
#7108 = DEFINITIONAL_REPRESENTATION('',(#7109),#7113);
#7109 = LINE('',#7110,#7111);
#7110 = CARTESIAN_POINT('',(0.,-2.));
#7111 = VECTOR('',#7112,1.);
#7112 = DIRECTION('',(1.,0.));
#7113 = ( GEOMETRIC_REPRESENTATION_CONTEXT(2) 
PARAMETRIC_REPRESENTATION_CONTEXT() REPRESENTATION_CONTEXT('2D SPACE',''
  ) );
#7114 = PCURVE('',#2695,#7115);
#7115 = DEFINITIONAL_REPRESENTATION('',(#7116),#7120);
#7116 = LINE('',#7117,#7118);
#7117 = CARTESIAN_POINT('',(0.,0.));
#7118 = VECTOR('',#7119,1.);
#7119 = DIRECTION('',(1.,0.));
#7120 = ( GEOMETRIC_REPRESENTATION_CONTEXT(2) 
PARAMETRIC_REPRESENTATION_CONTEXT() REPRESENTATION_CONTEXT('2D SPACE',''
  ) );
#7121 = ORIENTED_EDGE('',*,*,#2656,.F.);
#7122 = ADVANCED_FACE('',(#7123),#187,.F.);
#7123 = FACE_BOUND('',#7124,.F.);
#7124 = EDGE_LOOP('',(#7125,#7126,#7127,#7148));
#7125 = ORIENTED_EDGE('',*,*,#171,.F.);
#7126 = ORIENTED_EDGE('',*,*,#4545,.T.);
#7127 = ORIENTED_EDGE('',*,*,#7128,.T.);
#7128 = EDGE_CURVE('',#4546,#2607,#7129,.T.);
#7129 = SURFACE_CURVE('',#7130,(#7134,#7141),.PCURVE_S1.);
#7130 = LINE('',#7131,#7132);
#7131 = CARTESIAN_POINT('',(-11.6,-5.,7.));
#7132 = VECTOR('',#7133,1.);
#7133 = DIRECTION('',(0.,0.,1.));
#7134 = PCURVE('',#187,#7135);
#7135 = DEFINITIONAL_REPRESENTATION('',(#7136),#7140);
#7136 = LINE('',#7137,#7138);
#7137 = CARTESIAN_POINT('',(0.,-2.));
#7138 = VECTOR('',#7139,1.);
#7139 = DIRECTION('',(1.,0.));
#7140 = ( GEOMETRIC_REPRESENTATION_CONTEXT(2) 
PARAMETRIC_REPRESENTATION_CONTEXT() REPRESENTATION_CONTEXT('2D SPACE',''
  ) );
#7141 = PCURVE('',#2622,#7142);
#7142 = DEFINITIONAL_REPRESENTATION('',(#7143),#7147);
#7143 = LINE('',#7144,#7145);
#7144 = CARTESIAN_POINT('',(0.,0.8));
#7145 = VECTOR('',#7146,1.);
#7146 = DIRECTION('',(1.,0.));
#7147 = ( GEOMETRIC_REPRESENTATION_CONTEXT(2) 
PARAMETRIC_REPRESENTATION_CONTEXT() REPRESENTATION_CONTEXT('2D SPACE',''
  ) );
#7148 = ORIENTED_EDGE('',*,*,#2634,.F.);
#7149 = ADVANCED_FACE('',(#7150),#4009,.F.);
#7150 = FACE_BOUND('',#7151,.F.);
#7151 = EDGE_LOOP('',(#7152,#7153,#7154,#7155));
#7152 = ORIENTED_EDGE('',*,*,#4775,.F.);
#7153 = ORIENTED_EDGE('',*,*,#4825,.F.);
#7154 = ORIENTED_EDGE('',*,*,#4851,.T.);
#7155 = ORIENTED_EDGE('',*,*,#3993,.F.);
#7156 = ADVANCED_FACE('',(#7157),#3936,.F.);
#7157 = FACE_BOUND('',#7158,.F.);
#7158 = EDGE_LOOP('',(#7159,#7160,#7161,#7162));
#7159 = ORIENTED_EDGE('',*,*,#4900,.F.);
#7160 = ORIENTED_EDGE('',*,*,#4950,.F.);
#7161 = ORIENTED_EDGE('',*,*,#4976,.T.);
#7162 = ORIENTED_EDGE('',*,*,#3920,.F.);
#7163 = ADVANCED_FACE('',(#7164),#3863,.F.);
#7164 = FACE_BOUND('',#7165,.F.);
#7165 = EDGE_LOOP('',(#7166,#7167,#7168,#7169));
#7166 = ORIENTED_EDGE('',*,*,#5025,.F.);
#7167 = ORIENTED_EDGE('',*,*,#5075,.F.);
#7168 = ORIENTED_EDGE('',*,*,#5101,.T.);
#7169 = ORIENTED_EDGE('',*,*,#3847,.F.);
#7170 = ADVANCED_FACE('',(#7171),#3790,.F.);
#7171 = FACE_BOUND('',#7172,.F.);
#7172 = EDGE_LOOP('',(#7173,#7174,#7175,#7176));
#7173 = ORIENTED_EDGE('',*,*,#5150,.F.);
#7174 = ORIENTED_EDGE('',*,*,#5200,.F.);
#7175 = ORIENTED_EDGE('',*,*,#5226,.T.);
#7176 = ORIENTED_EDGE('',*,*,#3774,.F.);
#7177 = ADVANCED_FACE('',(#7178),#3717,.F.);
#7178 = FACE_BOUND('',#7179,.F.);
#7179 = EDGE_LOOP('',(#7180,#7181,#7182,#7183));
#7180 = ORIENTED_EDGE('',*,*,#5275,.F.);
#7181 = ORIENTED_EDGE('',*,*,#5325,.F.);
#7182 = ORIENTED_EDGE('',*,*,#5351,.T.);
#7183 = ORIENTED_EDGE('',*,*,#3701,.F.);
#7184 = ADVANCED_FACE('',(#7185),#3644,.F.);
#7185 = FACE_BOUND('',#7186,.F.);
#7186 = EDGE_LOOP('',(#7187,#7188,#7189,#7190));
#7187 = ORIENTED_EDGE('',*,*,#5400,.F.);
#7188 = ORIENTED_EDGE('',*,*,#5450,.F.);
#7189 = ORIENTED_EDGE('',*,*,#5476,.T.);
#7190 = ORIENTED_EDGE('',*,*,#3628,.F.);
#7191 = ADVANCED_FACE('',(#7192),#3571,.F.);
#7192 = FACE_BOUND('',#7193,.F.);
#7193 = EDGE_LOOP('',(#7194,#7195,#7196,#7197));
#7194 = ORIENTED_EDGE('',*,*,#5525,.F.);
#7195 = ORIENTED_EDGE('',*,*,#5575,.F.);
#7196 = ORIENTED_EDGE('',*,*,#5601,.T.);
#7197 = ORIENTED_EDGE('',*,*,#3555,.F.);
#7198 = ADVANCED_FACE('',(#7199),#3498,.F.);
#7199 = FACE_BOUND('',#7200,.F.);
#7200 = EDGE_LOOP('',(#7201,#7202,#7203,#7204));
#7201 = ORIENTED_EDGE('',*,*,#5650,.F.);
#7202 = ORIENTED_EDGE('',*,*,#5700,.F.);
#7203 = ORIENTED_EDGE('',*,*,#5726,.T.);
#7204 = ORIENTED_EDGE('',*,*,#3482,.F.);
#7205 = ADVANCED_FACE('',(#7206),#3425,.F.);
#7206 = FACE_BOUND('',#7207,.F.);
#7207 = EDGE_LOOP('',(#7208,#7209,#7210,#7211));
#7208 = ORIENTED_EDGE('',*,*,#5775,.F.);
#7209 = ORIENTED_EDGE('',*,*,#5825,.F.);
#7210 = ORIENTED_EDGE('',*,*,#5851,.T.);
#7211 = ORIENTED_EDGE('',*,*,#3409,.F.);
#7212 = ADVANCED_FACE('',(#7213),#3352,.F.);
#7213 = FACE_BOUND('',#7214,.F.);
#7214 = EDGE_LOOP('',(#7215,#7216,#7217,#7218));
#7215 = ORIENTED_EDGE('',*,*,#5900,.F.);
#7216 = ORIENTED_EDGE('',*,*,#5950,.F.);
#7217 = ORIENTED_EDGE('',*,*,#5976,.T.);
#7218 = ORIENTED_EDGE('',*,*,#3336,.F.);
#7219 = ADVANCED_FACE('',(#7220),#3279,.F.);
#7220 = FACE_BOUND('',#7221,.F.);
#7221 = EDGE_LOOP('',(#7222,#7223,#7224,#7225));
#7222 = ORIENTED_EDGE('',*,*,#6025,.F.);
#7223 = ORIENTED_EDGE('',*,*,#6075,.F.);
#7224 = ORIENTED_EDGE('',*,*,#6101,.T.);
#7225 = ORIENTED_EDGE('',*,*,#3263,.F.);
#7226 = ADVANCED_FACE('',(#7227),#3206,.F.);
#7227 = FACE_BOUND('',#7228,.F.);
#7228 = EDGE_LOOP('',(#7229,#7230,#7231,#7232));
#7229 = ORIENTED_EDGE('',*,*,#6150,.F.);
#7230 = ORIENTED_EDGE('',*,*,#6200,.F.);
#7231 = ORIENTED_EDGE('',*,*,#6226,.T.);
#7232 = ORIENTED_EDGE('',*,*,#3190,.F.);
#7233 = ADVANCED_FACE('',(#7234),#3133,.F.);
#7234 = FACE_BOUND('',#7235,.F.);
#7235 = EDGE_LOOP('',(#7236,#7237,#7238,#7239));
#7236 = ORIENTED_EDGE('',*,*,#6275,.F.);
#7237 = ORIENTED_EDGE('',*,*,#6325,.F.);
#7238 = ORIENTED_EDGE('',*,*,#6351,.T.);
#7239 = ORIENTED_EDGE('',*,*,#3117,.F.);
#7240 = ADVANCED_FACE('',(#7241),#3060,.F.);
#7241 = FACE_BOUND('',#7242,.F.);
#7242 = EDGE_LOOP('',(#7243,#7244,#7245,#7246));
#7243 = ORIENTED_EDGE('',*,*,#6400,.F.);
#7244 = ORIENTED_EDGE('',*,*,#6450,.F.);
#7245 = ORIENTED_EDGE('',*,*,#6476,.T.);
#7246 = ORIENTED_EDGE('',*,*,#3044,.F.);
#7247 = ADVANCED_FACE('',(#7248),#2987,.F.);
#7248 = FACE_BOUND('',#7249,.F.);
#7249 = EDGE_LOOP('',(#7250,#7251,#7252,#7253));
#7250 = ORIENTED_EDGE('',*,*,#6525,.F.);
#7251 = ORIENTED_EDGE('',*,*,#6575,.F.);
#7252 = ORIENTED_EDGE('',*,*,#6601,.T.);
#7253 = ORIENTED_EDGE('',*,*,#2971,.F.);
#7254 = ADVANCED_FACE('',(#7255),#2914,.F.);
#7255 = FACE_BOUND('',#7256,.F.);
#7256 = EDGE_LOOP('',(#7257,#7258,#7259,#7260));
#7257 = ORIENTED_EDGE('',*,*,#6650,.F.);
#7258 = ORIENTED_EDGE('',*,*,#6700,.F.);
#7259 = ORIENTED_EDGE('',*,*,#6726,.T.);
#7260 = ORIENTED_EDGE('',*,*,#2898,.F.);
#7261 = ADVANCED_FACE('',(#7262),#2841,.F.);
#7262 = FACE_BOUND('',#7263,.F.);
#7263 = EDGE_LOOP('',(#7264,#7265,#7266,#7267));
#7264 = ORIENTED_EDGE('',*,*,#6775,.F.);
#7265 = ORIENTED_EDGE('',*,*,#6825,.F.);
#7266 = ORIENTED_EDGE('',*,*,#6851,.T.);
#7267 = ORIENTED_EDGE('',*,*,#2825,.F.);
#7268 = ADVANCED_FACE('',(#7269),#2768,.F.);
#7269 = FACE_BOUND('',#7270,.F.);
#7270 = EDGE_LOOP('',(#7271,#7272,#7273,#7274));
#7271 = ORIENTED_EDGE('',*,*,#6900,.F.);
#7272 = ORIENTED_EDGE('',*,*,#6950,.F.);
#7273 = ORIENTED_EDGE('',*,*,#6976,.T.);
#7274 = ORIENTED_EDGE('',*,*,#2752,.F.);
#7275 = ADVANCED_FACE('',(#7276),#2695,.F.);
#7276 = FACE_BOUND('',#7277,.F.);
#7277 = EDGE_LOOP('',(#7278,#7279,#7280,#7281));
#7278 = ORIENTED_EDGE('',*,*,#7025,.F.);
#7279 = ORIENTED_EDGE('',*,*,#7075,.F.);
#7280 = ORIENTED_EDGE('',*,*,#7101,.T.);
#7281 = ORIENTED_EDGE('',*,*,#2679,.F.);
#7282 = ADVANCED_FACE('',(#7283),#2622,.F.);
#7283 = FACE_BOUND('',#7284,.F.);
#7284 = EDGE_LOOP('',(#7285,#7286,#7287,#7288));
#7285 = ORIENTED_EDGE('',*,*,#7128,.F.);
#7286 = ORIENTED_EDGE('',*,*,#4568,.F.);
#7287 = ORIENTED_EDGE('',*,*,#4594,.T.);
#7288 = ORIENTED_EDGE('',*,*,#2606,.F.);
#7289 = ADVANCED_FACE('',(#7290),#2549,.F.);
#7290 = FACE_BOUND('',#7291,.F.);
#7291 = EDGE_LOOP('',(#7292,#7293,#7294,#7295));
#7292 = ORIENTED_EDGE('',*,*,#4643,.F.);
#7293 = ORIENTED_EDGE('',*,*,#4693,.F.);
#7294 = ORIENTED_EDGE('',*,*,#4719,.T.);
#7295 = ORIENTED_EDGE('',*,*,#2533,.F.);
#7296 = ADVANCED_FACE('',(#7297),#4062,.F.);
#7297 = FACE_BOUND('',#7298,.T.);
#7298 = EDGE_LOOP('',(#7299,#7320,#7321,#7322));
#7299 = ORIENTED_EDGE('',*,*,#7300,.T.);
#7300 = EDGE_CURVE('',#4339,#4046,#7301,.T.);
#7301 = SEAM_CURVE('',#7302,(#7306,#7313),.PCURVE_S1.);
#7302 = LINE('',#7303,#7304);
#7303 = CARTESIAN_POINT('',(-25.8,1.5,0.));
#7304 = VECTOR('',#7305,1.);
#7305 = DIRECTION('',(0.,0.,1.));
#7306 = PCURVE('',#4062,#7307);
#7307 = DEFINITIONAL_REPRESENTATION('',(#7308),#7312);
#7308 = LINE('',#7309,#7310);
#7309 = CARTESIAN_POINT('',(-0.,0.));
#7310 = VECTOR('',#7311,1.);
#7311 = DIRECTION('',(-0.,-1.));
#7312 = ( GEOMETRIC_REPRESENTATION_CONTEXT(2) 
PARAMETRIC_REPRESENTATION_CONTEXT() REPRESENTATION_CONTEXT('2D SPACE',''
  ) );
#7313 = PCURVE('',#4062,#7314);
#7314 = DEFINITIONAL_REPRESENTATION('',(#7315),#7319);
#7315 = LINE('',#7316,#7317);
#7316 = CARTESIAN_POINT('',(-6.28318530718,0.));
#7317 = VECTOR('',#7318,1.);
#7318 = DIRECTION('',(-0.,-1.));
#7319 = ( GEOMETRIC_REPRESENTATION_CONTEXT(2) 
PARAMETRIC_REPRESENTATION_CONTEXT() REPRESENTATION_CONTEXT('2D SPACE',''
  ) );
#7320 = ORIENTED_EDGE('',*,*,#4045,.T.);
#7321 = ORIENTED_EDGE('',*,*,#7300,.F.);
#7322 = ORIENTED_EDGE('',*,*,#4338,.F.);
#7323 = ADVANCED_FACE('',(#7324),#4093,.F.);
#7324 = FACE_BOUND('',#7325,.T.);
#7325 = EDGE_LOOP('',(#7326,#7347,#7348,#7349));
#7326 = ORIENTED_EDGE('',*,*,#7327,.T.);
#7327 = EDGE_CURVE('',#4365,#4077,#7328,.T.);
#7328 = SEAM_CURVE('',#7329,(#7333,#7340),.PCURVE_S1.);
#7329 = LINE('',#7330,#7331);
#7330 = CARTESIAN_POINT('',(-16.75,1.5,0.));
#7331 = VECTOR('',#7332,1.);
#7332 = DIRECTION('',(0.,0.,1.));
#7333 = PCURVE('',#4093,#7334);
#7334 = DEFINITIONAL_REPRESENTATION('',(#7335),#7339);
#7335 = LINE('',#7336,#7337);
#7336 = CARTESIAN_POINT('',(-0.,0.));
#7337 = VECTOR('',#7338,1.);
#7338 = DIRECTION('',(-0.,-1.));
#7339 = ( GEOMETRIC_REPRESENTATION_CONTEXT(2) 
PARAMETRIC_REPRESENTATION_CONTEXT() REPRESENTATION_CONTEXT('2D SPACE',''
  ) );
#7340 = PCURVE('',#4093,#7341);
#7341 = DEFINITIONAL_REPRESENTATION('',(#7342),#7346);
#7342 = LINE('',#7343,#7344);
#7343 = CARTESIAN_POINT('',(-6.28318530718,0.));
#7344 = VECTOR('',#7345,1.);
#7345 = DIRECTION('',(-0.,-1.));
#7346 = ( GEOMETRIC_REPRESENTATION_CONTEXT(2) 
PARAMETRIC_REPRESENTATION_CONTEXT() REPRESENTATION_CONTEXT('2D SPACE',''
  ) );
#7347 = ORIENTED_EDGE('',*,*,#4076,.T.);
#7348 = ORIENTED_EDGE('',*,*,#7327,.F.);
#7349 = ORIENTED_EDGE('',*,*,#4364,.F.);
#7350 = ADVANCED_FACE('',(#7351),#4124,.F.);
#7351 = FACE_BOUND('',#7352,.T.);
#7352 = EDGE_LOOP('',(#7353,#7374,#7375,#7376));
#7353 = ORIENTED_EDGE('',*,*,#7354,.T.);
#7354 = EDGE_CURVE('',#4391,#4108,#7355,.T.);
#7355 = SEAM_CURVE('',#7356,(#7360,#7367),.PCURVE_S1.);
#7356 = LINE('',#7357,#7358);
#7357 = CARTESIAN_POINT('',(-7.7,1.5,0.));
#7358 = VECTOR('',#7359,1.);
#7359 = DIRECTION('',(0.,0.,1.));
#7360 = PCURVE('',#4124,#7361);
#7361 = DEFINITIONAL_REPRESENTATION('',(#7362),#7366);
#7362 = LINE('',#7363,#7364);
#7363 = CARTESIAN_POINT('',(-0.,0.));
#7364 = VECTOR('',#7365,1.);
#7365 = DIRECTION('',(-0.,-1.));
#7366 = ( GEOMETRIC_REPRESENTATION_CONTEXT(2) 
PARAMETRIC_REPRESENTATION_CONTEXT() REPRESENTATION_CONTEXT('2D SPACE',''
  ) );
#7367 = PCURVE('',#4124,#7368);
#7368 = DEFINITIONAL_REPRESENTATION('',(#7369),#7373);
#7369 = LINE('',#7370,#7371);
#7370 = CARTESIAN_POINT('',(-6.28318530718,0.));
#7371 = VECTOR('',#7372,1.);
#7372 = DIRECTION('',(-0.,-1.));
#7373 = ( GEOMETRIC_REPRESENTATION_CONTEXT(2) 
PARAMETRIC_REPRESENTATION_CONTEXT() REPRESENTATION_CONTEXT('2D SPACE',''
  ) );
#7374 = ORIENTED_EDGE('',*,*,#4107,.T.);
#7375 = ORIENTED_EDGE('',*,*,#7354,.F.);
#7376 = ORIENTED_EDGE('',*,*,#4390,.F.);
#7377 = ADVANCED_FACE('',(#7378),#4155,.F.);
#7378 = FACE_BOUND('',#7379,.T.);
#7379 = EDGE_LOOP('',(#7380,#7401,#7402,#7403));
#7380 = ORIENTED_EDGE('',*,*,#7381,.T.);
#7381 = EDGE_CURVE('',#4417,#4139,#7382,.T.);
#7382 = SEAM_CURVE('',#7383,(#7387,#7394),.PCURVE_S1.);
#7383 = LINE('',#7384,#7385);
#7384 = CARTESIAN_POINT('',(1.35,1.5,0.));
#7385 = VECTOR('',#7386,1.);
#7386 = DIRECTION('',(0.,0.,1.));
#7387 = PCURVE('',#4155,#7388);
#7388 = DEFINITIONAL_REPRESENTATION('',(#7389),#7393);
#7389 = LINE('',#7390,#7391);
#7390 = CARTESIAN_POINT('',(-0.,0.));
#7391 = VECTOR('',#7392,1.);
#7392 = DIRECTION('',(-0.,-1.));
#7393 = ( GEOMETRIC_REPRESENTATION_CONTEXT(2) 
PARAMETRIC_REPRESENTATION_CONTEXT() REPRESENTATION_CONTEXT('2D SPACE',''
  ) );
#7394 = PCURVE('',#4155,#7395);
#7395 = DEFINITIONAL_REPRESENTATION('',(#7396),#7400);
#7396 = LINE('',#7397,#7398);
#7397 = CARTESIAN_POINT('',(-6.28318530718,0.));
#7398 = VECTOR('',#7399,1.);
#7399 = DIRECTION('',(-0.,-1.));
#7400 = ( GEOMETRIC_REPRESENTATION_CONTEXT(2) 
PARAMETRIC_REPRESENTATION_CONTEXT() REPRESENTATION_CONTEXT('2D SPACE',''
  ) );
#7401 = ORIENTED_EDGE('',*,*,#4138,.T.);
#7402 = ORIENTED_EDGE('',*,*,#7381,.F.);
#7403 = ORIENTED_EDGE('',*,*,#4416,.F.);
#7404 = ADVANCED_FACE('',(#7405),#4186,.F.);
#7405 = FACE_BOUND('',#7406,.T.);
#7406 = EDGE_LOOP('',(#7407,#7428,#7429,#7430));
#7407 = ORIENTED_EDGE('',*,*,#7408,.T.);
#7408 = EDGE_CURVE('',#4443,#4170,#7409,.T.);
#7409 = SEAM_CURVE('',#7410,(#7414,#7421),.PCURVE_S1.);
#7410 = LINE('',#7411,#7412);
#7411 = CARTESIAN_POINT('',(10.4,1.5,0.));
#7412 = VECTOR('',#7413,1.);
#7413 = DIRECTION('',(0.,0.,1.));
#7414 = PCURVE('',#4186,#7415);
#7415 = DEFINITIONAL_REPRESENTATION('',(#7416),#7420);
#7416 = LINE('',#7417,#7418);
#7417 = CARTESIAN_POINT('',(-0.,0.));
#7418 = VECTOR('',#7419,1.);
#7419 = DIRECTION('',(-0.,-1.));
#7420 = ( GEOMETRIC_REPRESENTATION_CONTEXT(2) 
PARAMETRIC_REPRESENTATION_CONTEXT() REPRESENTATION_CONTEXT('2D SPACE',''
  ) );
#7421 = PCURVE('',#4186,#7422);
#7422 = DEFINITIONAL_REPRESENTATION('',(#7423),#7427);
#7423 = LINE('',#7424,#7425);
#7424 = CARTESIAN_POINT('',(-6.28318530718,0.));
#7425 = VECTOR('',#7426,1.);
#7426 = DIRECTION('',(-0.,-1.));
#7427 = ( GEOMETRIC_REPRESENTATION_CONTEXT(2) 
PARAMETRIC_REPRESENTATION_CONTEXT() REPRESENTATION_CONTEXT('2D SPACE',''
  ) );
#7428 = ORIENTED_EDGE('',*,*,#4169,.T.);
#7429 = ORIENTED_EDGE('',*,*,#7408,.F.);
#7430 = ORIENTED_EDGE('',*,*,#4442,.F.);
#7431 = ADVANCED_FACE('',(#7432),#4217,.F.);
#7432 = FACE_BOUND('',#7433,.T.);
#7433 = EDGE_LOOP('',(#7434,#7455,#7456,#7457));
#7434 = ORIENTED_EDGE('',*,*,#7435,.T.);
#7435 = EDGE_CURVE('',#4469,#4201,#7436,.T.);
#7436 = SEAM_CURVE('',#7437,(#7441,#7448),.PCURVE_S1.);
#7437 = LINE('',#7438,#7439);
#7438 = CARTESIAN_POINT('',(19.45,1.5,0.));
#7439 = VECTOR('',#7440,1.);
#7440 = DIRECTION('',(0.,0.,1.));
#7441 = PCURVE('',#4217,#7442);
#7442 = DEFINITIONAL_REPRESENTATION('',(#7443),#7447);
#7443 = LINE('',#7444,#7445);
#7444 = CARTESIAN_POINT('',(-0.,0.));
#7445 = VECTOR('',#7446,1.);
#7446 = DIRECTION('',(-0.,-1.));
#7447 = ( GEOMETRIC_REPRESENTATION_CONTEXT(2) 
PARAMETRIC_REPRESENTATION_CONTEXT() REPRESENTATION_CONTEXT('2D SPACE',''
  ) );
#7448 = PCURVE('',#4217,#7449);
#7449 = DEFINITIONAL_REPRESENTATION('',(#7450),#7454);
#7450 = LINE('',#7451,#7452);
#7451 = CARTESIAN_POINT('',(-6.28318530718,0.));
#7452 = VECTOR('',#7453,1.);
#7453 = DIRECTION('',(-0.,-1.));
#7454 = ( GEOMETRIC_REPRESENTATION_CONTEXT(2) 
PARAMETRIC_REPRESENTATION_CONTEXT() REPRESENTATION_CONTEXT('2D SPACE',''
  ) );
#7455 = ORIENTED_EDGE('',*,*,#4200,.T.);
#7456 = ORIENTED_EDGE('',*,*,#7435,.F.);
#7457 = ORIENTED_EDGE('',*,*,#4468,.F.);
#7458 = ADVANCED_FACE('',(#7459),#4248,.F.);
#7459 = FACE_BOUND('',#7460,.T.);
#7460 = EDGE_LOOP('',(#7461,#7482,#7483,#7484));
#7461 = ORIENTED_EDGE('',*,*,#7462,.T.);
#7462 = EDGE_CURVE('',#4495,#4232,#7463,.T.);
#7463 = SEAM_CURVE('',#7464,(#7468,#7475),.PCURVE_S1.);
#7464 = LINE('',#7465,#7466);
#7465 = CARTESIAN_POINT('',(28.5,1.5,0.));
#7466 = VECTOR('',#7467,1.);
#7467 = DIRECTION('',(0.,0.,1.));
#7468 = PCURVE('',#4248,#7469);
#7469 = DEFINITIONAL_REPRESENTATION('',(#7470),#7474);
#7470 = LINE('',#7471,#7472);
#7471 = CARTESIAN_POINT('',(-0.,0.));
#7472 = VECTOR('',#7473,1.);
#7473 = DIRECTION('',(-0.,-1.));
#7474 = ( GEOMETRIC_REPRESENTATION_CONTEXT(2) 
PARAMETRIC_REPRESENTATION_CONTEXT() REPRESENTATION_CONTEXT('2D SPACE',''
  ) );
#7475 = PCURVE('',#4248,#7476);
#7476 = DEFINITIONAL_REPRESENTATION('',(#7477),#7481);
#7477 = LINE('',#7478,#7479);
#7478 = CARTESIAN_POINT('',(-6.28318530718,0.));
#7479 = VECTOR('',#7480,1.);
#7480 = DIRECTION('',(-0.,-1.));
#7481 = ( GEOMETRIC_REPRESENTATION_CONTEXT(2) 
PARAMETRIC_REPRESENTATION_CONTEXT() REPRESENTATION_CONTEXT('2D SPACE',''
  ) );
#7482 = ORIENTED_EDGE('',*,*,#4231,.T.);
#7483 = ORIENTED_EDGE('',*,*,#7462,.F.);
#7484 = ORIENTED_EDGE('',*,*,#4494,.F.);
#7485 = ( GEOMETRIC_REPRESENTATION_CONTEXT(3) 
GLOBAL_UNCERTAINTY_ASSIGNED_CONTEXT((#7489)) 
GLOBAL_UNIT_ASSIGNED_CONTEXT((#7486,#7487,#7488)) REPRESENTATION_CONTEXT
('Context #1','3D Context with UNIT and UNCERTAINTY') );
#7486 = ( LENGTH_UNIT() NAMED_UNIT(*) SI_UNIT(.MILLI.,.METRE.) );
#7487 = ( NAMED_UNIT(*) PLANE_ANGLE_UNIT() SI_UNIT($,.RADIAN.) );
#7488 = ( NAMED_UNIT(*) SI_UNIT($,.STERADIAN.) SOLID_ANGLE_UNIT() );
#7489 = UNCERTAINTY_MEASURE_WITH_UNIT(LENGTH_MEASURE(1.E-07),#7486,
  'distance_accuracy_value','confusion accuracy');
#7490 = PRODUCT_RELATED_PRODUCT_CATEGORY('part',$,(#7));
ENDSEC;
END-ISO-10303-21;
